flow_duration,flow_byts_s,flow_pkts_s,fwd_pkts_s,bwd_pkts_s,tot_fwd_pkts,tot_bwd_pkts,totlen_fwd_pkts,totlen_bwd_pkts,fwd_pkt_len_max,fwd_pkt_len_min,fwd_pkt_len_mean,fwd_pkt_len_std,bwd_pkt_len_max,bwd_pkt_len_min,bwd_pkt_len_mean,bwd_pkt_len_std,pkt_len_max,pkt_len_min,pkt_len_mean,pkt_len_std,pkt_len_var,fwd_header_len,bwd_header_len,fwd_seg_size_min,fwd_act_data_pkts,flow_iat_mean,flow_iat_max,flow_iat_min,flow_iat_std,fwd_iat_tot,fwd_iat_max,fwd_iat_min,fwd_iat_mean,fwd_iat_std,bwd_iat_tot,bwd_iat_max,bwd_iat_min,bwd_iat_mean,bwd_iat_std,fwd_psh_flags,bwd_psh_flags,fwd_urg_flags,bwd_urg_flags,fin_flag_cnt,syn_flag_cnt,rst_flag_cnt,psh_flag_cnt,ack_flag_cnt,urg_flag_cnt,ece_flag_cnt,down_up_ratio,pkt_size_avg,init_fwd_win_byts,init_bwd_win_byts,active_max,active_min,active_mean,active_std,idle_max,idle_min,idle_mean,idle_std,fwd_byts_b_avg,fwd_pkts_b_avg,bwd_byts_b_avg,bwd_pkts_b_avg,fwd_blk_rate_avg,bwd_blk_rate_avg,fwd_seg_size_avg,bwd_seg_size_avg,cwr_flag_count,subflow_fwd_pkts,subflow_bwd_pkts,subflow_fwd_byts,subflow_bwd_byts,Label
100.780113,14.506830330702249,0.1686840736128168,0.1686840736128168,0.0,17,0,1462,0,86,86,86.0,0.0,0,0,0.0,0.0,86,86,86.0,0.0,0.0,340,0,20,17,6.2987570625,30.004389,0.0,7.610390195338168,100.780113,30.004389,0.0,6.2987570625,7.610390195338168,0.0,0.0,0.0,0.0,0.0,0,0,0,0,0,0,0,0,0,0,0,0.0,86.0,0,0,0,0,0,0,0,0,0,0,0.0,0.0,0.0,0.0,0.0,0.0,86.0,0.0,0,17,0,1462,0,3
0.032434,8016.279213171364,92.49552938274653,61.663686255164336,30.831843127582168,2,1,128,132,64,64,64.0,0.0,132,132,132.0,0.0,132,64,86.66666666666667,32.05550741379015,1027.5555555555557,40,20,20,2,0.016217,0.032434,0.0,0.016217,0.0,0.0,0.0,0.0,0.0,0.0,0.0,0.0,0.0,0.0,0,0,0,0,0,0,0,0,0,0,0,0.5,86.66666666666667,0,0,0,0,0,0,0,0,0,0,0.0,0.0,0.0,0.0,0.0,0.0,64.0,132.0,0,2,1,128,132,3
0.132001,7113.582472860054,106.0598025772532,60.60560147271611,45.45420110453709,8,6,501,438,97,54,62.625,13.900876770909091,155,54,73.0,36.92334401612797,155,54,67.07142857142857,26.85267820033249,721.0663265306121,160,120,20,2,0.010153923076923,0.05911,0.0,0.0184247837330446,0.132001,0.115128,0.0,0.0188572857142857,0.039390766088783,0.126782,0.05911,0.0,0.0253564,0.0250837193781145,2,2,0,0,2,3,0,4,12,0,0,0.75,67.07142857142857,65535,65535,0,0,0,0,0,0,0,0,0.0,0.0,0.0,0.0,0.0,0.0,62.625,73.0,0,8,6,501,438,3
0.070912,12437.951263537903,197.42779783393505,112.8158844765343,84.61191335740072,8,6,493,389,89,54,61.625,11.46666363856549,106,54,64.83333333333333,18.906935823189915,106,54,63.0,15.19398377178095,230.8571428571429,160,120,20,2,0.0054547692307692,0.049674,0.0,0.0129469438755243,0.070912,0.059534,0.0,0.0101302857142857,0.0202514074199744,0.066672,0.054156,0.0,0.0133344,0.0205266365155132,2,2,0,0,2,3,0,4,12,0,0,0.75,63.0,65535,65535,0,0,0,0,0,0,0,0,0.0,0.0,0.0,0.0,0.0,0.0,61.625,64.83333333333333,0,8,6,493,389,0
90.076729,4.640488221991276,0.0777115252486577,0.0444065858563758,0.0333049393922818,4,3,220,198,55,55,55.0,0.0,66,66,66.0,0.0,66,55,59.71428571428572,5.443588252359329,29.63265306122449,80,60,20,4,15.012788166666668,45.004636,0.0,21.206641250610883,90.05114,45.028184,0.0,30.01704666666667,21.22525735650225,90.053181,45.027964,45.025217,45.0265905,0.0013734999999996,0,0,0,0,0,0,0,0,7,0,0,0.75,59.71428571428572,253,1046,0,0,0,0,0,0,0,0,0.0,0.0,0.0,0.0,0.0,0.0,55.0,66.0,0,4,3,220,198,1
1.160056,977.5390153578792,12.930410256056604,7.758246153633963,5.1721641024226415,9,6,564,570,94,54,62.66666666666666,12.292725943057183,287,54,95.0,85.97286393585672,287,54,75.6,57.42914474956654,3298.106666666666,180,120,20,2,0.0828611428571428,1.001366,0.0,0.256101056110908,1.160056,1.001366,0.0,0.145007,0.3270025321958532,0.153207,0.098612,0.0,0.0306414,0.0382433606086076,2,2,0,0,2,4,0,4,12,0,0,0.6666666666666666,75.6,65535,65535,0,0,0,0,0,0,0,0,0.0,0.0,0.0,0.0,0.0,0.0,62.66666666666666,95.0,0,9,6,564,570,1
0.027166,13067.80534491644,110.43215784436428,73.62143856290952,36.81071928145476,2,1,156,199,78,78,78.0,0.0,199,199,199.0,0.0,199,78,118.33333333333331,57.03994701571484,3253.555555555556,40,20,20,2,0.013583,0.027166,0.0,0.013583,0.0,0.0,0.0,0.0,0.0,0.0,0.0,0.0,0.0,0.0,0,0,0,0,0,0,0,0,0,0,0,0.5,118.33333333333331,0,0,0,0,0,0,0,0,0,0,0.0,0.0,0.0,0.0,0.0,0.0,78.0,199.0,0,2,1,156,199,0
0.066871,148674.3132299502,179.4499857935428,89.7249928967714,89.7249928967714,6,6,3750,6192,1372,78,625.0,560.6847004630439,1372,85,1032.0,492.979715607042,1372,78,828.5,565.7830119990055,320110.4166666667,120,120,20,6,0.0060791818181818,0.03524,0.0,0.0118878692243065,0.064739,0.036946,0.0,0.0129477999999999,0.0159974165464302,0.031631,0.028729,0.0,0.0063262,0.0112576464041112,4,4,0,0,0,0,0,8,12,0,0,1.0,828.5,255,1047,0,0,0,0,0,0,0,0,0.0,0.0,5221.0,4.0,0.0,0.0,625.0,1032.0,0,6,6,3750,6192,2
61.179447,6666.242014250308,3.677705684394303,1.8470255214958056,1.8306801628984968,113,112,8024,399813,1892,40,71.00884955752213,200.111008819827,10000,40,3569.7589285714284,2846.752988197806,10000,40,1812.608888888889,2667.2750452535074,7114356.1670321,2260,2240,20,4,0.27312253125,53.490602,0.0,3.5857813419172824,61.179447,53.490602,0.0,0.5462450624999999,5.056339237909365,7.59562,5.959978,0.00015,0.068429009009009,0.5623488128525049,4,91,0,0,1,3,1,95,223,0,0,0.991150442477876,1812.608888888889,65535,4096,0,0,0,0,0,0,0,0,0.0,0.0,194065.0,51.5,0.0,320859.01894666185,71.00884955752213,3569.7589285714284,0,113,112,8024,399813,4
0.215882,4150.415504766493,64.85024226197645,37.05728129255797,27.79296096941848,8,6,487,409,83,54,60.875,9.713875385241463,126,54,68.16666666666667,26.21969149746469,126,54,64.0,19.01503164792077,361.57142857142856,160,120,20,2,0.0166063076923076,0.153896,0.0,0.0414372193479478,0.215882,0.204192,0.0,0.0308402857142857,0.0707951565892031,0.212621,0.153896,0.0,0.0425242,0.0584946270503539,2,2,0,0,2,3,0,4,12,0,0,0.75,64.0,65535,65535,0,0,0,0,0,0,0,0,0.0,0.0,0.0,0.0,0.0,0.0,60.875,68.16666666666667,0,8,6,487,409,3
0.051548,5800.41902692636,58.19818421665244,38.798789477768295,19.399394738884148,2,1,166,133,83,83,83.0,0.0,133,133,133.0,0.0,133,83,99.66666666666669,23.570226039551585,555.5555555555555,40,20,20,2,0.025774,0.051548,0.0,0.025774,0.0,0.0,0.0,0.0,0.0,0.0,0.0,0.0,0.0,0.0,0,0,0,0,0,0,0,0,0,0,0,0.5,99.66666666666669,0,0,0,0,0,0,0,0,0,0,0.0,0.0,0.0,0.0,0.0,0.0,83.0,133.0,0,2,1,166,133,5
2.746109,27369.27048416505,24.03400593348625,9.832093336426194,14.201912597060058,27,39,6211,68948,1829,40,230.03703703703704,473.2411085022159,9962,40,1767.8974358974358,2285.6322897263194,9962,40,1138.7727272727273,1936.5701467273504,3750303.933195592,540,780,20,11,0.0422478307692307,1.183057,0.0,0.1621120916822269,2.658961,1.184492,0.0,0.1022677307692307,0.2444925682881175,2.683179,1.183057,9.1e-05,0.0706099736842105,0.2071999001919449,11,25,0,0,2,3,0,36,64,0,0,1.4444444444444444,1138.7727272727273,65535,4096,0,0,0,0,0,0,0,0,0.0,0.0,31107.5,10.0,0.0,254987.86845470345,230.03703703703704,1767.8974358974358,0,27,39,6211,68948,1
0.028186,18555.31114737813,106.4358192010218,70.95721280068119,35.478606400340595,2,1,178,345,89,89,89.0,0.0,345,345,345.0,0.0,345,89,174.33333333333334,120.67955732250412,14563.555555555557,40,20,20,2,0.014093,0.028186,0.0,0.014093,0.0,0.0,0.0,0.0,0.0,0.0,0.0,0.0,0.0,0.0,0,0,0,0,0,0,0,0,0,0,0,0.5,174.33333333333334,0,0,0,0,0,0,0,0,0,0,0.0,0.0,0.0,0.0,0.0,0.0,89.0,345.0,0,2,1,178,345,0
0.010747,28566.1114729692,279.1476691169629,186.09844607797527,93.04922303898763,2,1,144,163,72,72,72.0,0.0,163,163,163.0,0.0,163,72,102.33333333333331,42.89781139198388,1840.222222222222,40,20,20,2,0.0053735,0.010747,0.0,0.0053735,0.0,0.0,0.0,0.0,0.0,0.0,0.0,0.0,0.0,0.0,0,0,0,0,0,0,0,0,0,0,0,0.5,102.33333333333331,0,0,0,0,0,0,0,0,0,0,0.0,0.0,0.0,0.0,0.0,0.0,72.0,163.0,0,2,1,144,163,1
0.026383,13796.763067126558,113.70958571807604,75.80639047871736,37.90319523935868,2,1,160,204,80,80,80.0,0.0,204,204,204.0,0.0,204,80,121.33333333333331,58.45416057808793,3416.8888888888887,40,20,20,2,0.0131915,0.026383,0.0,0.0131915,0.0,0.0,0.0,0.0,0.0,0.0,0.0,0.0,0.0,0.0,0,0,0,0,0,0,0,0,0,0,0,0.5,121.33333333333331,0,0,0,0,0,0,0,0,0,0,0.0,0.0,0.0,0.0,0.0,0.0,80.0,204.0,0,2,1,160,204,0
0.148666,6679.4021497854255,94.17082587814296,53.811900501795975,40.35892537634698,8,6,496,497,92,54,62.0,12.36931687685298,214,54,82.83333333333333,58.81727826261789,214,54,70.92857142857143,40.94327833498835,1676.352040816326,160,120,20,2,0.0114358461538461,0.091795,0.0,0.0253321462051865,0.148666,0.133922,0.0,0.021238,0.0460535444114472,0.143383,0.091795,0.0,0.0286766,0.0352892536310985,2,2,0,0,2,3,0,4,12,0,0,0.75,70.92857142857143,65535,65535,0,0,0,0,0,0,0,0,0.0,0.0,0.0,0.0,0.0,0.0,62.0,82.83333333333333,0,8,6,496,497,0
0.01229,24003.25467860049,244.1008950366152,162.73393002441009,81.36696501220504,2,1,164,131,82,82,82.0,0.0,131,131,131.0,0.0,131,82,98.33333333333331,23.098821518760552,533.5555555555555,40,20,20,2,0.006145,0.01229,0.0,0.006145,0.0,0.0,0.0,0.0,0.0,0.0,0.0,0.0,0.0,0.0,0,0,0,0,0,0,0,0,0,0,0,0.5,98.33333333333331,0,0,0,0,0,0,0,0,0,0,0.0,0.0,0.0,0.0,0.0,0.0,82.0,131.0,0,2,1,164,131,5
0.044053,397362.2681769686,590.1981703856718,249.6992259323996,340.4989444532722,11,15,7014,10491,1278,59,637.6363636363636,587.5462492785758,1278,51,699.4,559.5867284583031,1278,51,673.2692307692307,572.3966186598716,327637.88905325445,220,300,20,11,0.0017621199999999,0.020169,0.0,0.0044839381647832,0.044053,0.023196,0.0,0.0044053,0.0073058079368403,0.016494,0.013608,4.5e-05,0.0011781428571428,0.0034574547793167,0,0,0,0,0,0,0,0,0,0,0,1.3636363636363635,673.2692307692307,0,0,0,0,0,0,0,0,0,0,2712.5,4.5,9927.0,13.0,655272.3758908081,3712415.8563949135,637.6363636363636,699.4,0,11,15,7014,10491,5
0.066001,4530.234390388024,45.45385675974606,30.30257117316404,15.15128558658202,2,1,166,133,83,83,83.0,0.0,133,133,133.0,0.0,133,83,99.66666666666669,23.570226039551585,555.5555555555555,40,20,20,2,0.0330005,0.066001,0.0,0.0330005,0.0,0.0,0.0,0.0,0.0,0.0,0.0,0.0,0.0,0.0,0,0,0,0,0,0,0,0,0,0,0,0.5,99.66666666666669,0,0,0,0,0,0,0,0,0,0,0.0,0.0,0.0,0.0,0.0,0.0,83.0,133.0,0,2,1,166,133,5
0.13501,6777.275757351308,103.6960225168506,59.25487000962893,44.44115250722169,8,6,489,426,85,54,61.125,10.288798520721455,143,54,71.0,32.48589437484111,143,54,65.35714285714286,23.16588360640073,536.658163265306,160,120,20,2,0.0103853846153846,0.062433,0.0,0.0202870790312775,0.13501,0.119046,0.0,0.0192871428571428,0.0408116311517354,0.131505,0.062433,0.0,0.026301,0.0280839981128043,2,2,0,0,2,3,0,4,12,0,0,0.75,65.35714285714286,65535,65535,0,0,0,0,0,0,0,0,0.0,0.0,0.0,0.0,0.0,0.0,61.125,71.0,0,8,6,489,426,0
1.332715,7598.773931410691,14.256611503584786,8.25382771260172,6.002783790983068,11,8,4512,5615,1372,78,410.1818181818182,484.2943917197882,1372,85,701.875,552.7780832983522,1372,78,533.0,534.02828626049,285186.2105263158,220,160,20,11,0.0740397222222222,0.724128,0.0,0.1711667112154455,1.332715,0.724128,0.0,0.1332715,0.2123688283191532,0.412128,0.253527,0.0,0.0588754285714285,0.0955532291655242,9,7,0,0,0,0,0,16,19,0,0,0.7272727272727273,533.0,255,1047,0,0,0,0,0,0,0,0,0.0,0.0,0.0,0.0,0.0,0.0,410.1818181818182,701.875,0,11,8,4512,5615,2
0.014773,20239.62634535978,203.07317403371016,135.38211602247344,67.69105801123672,2,1,166,133,83,83,83.0,0.0,133,133,133.0,0.0,133,83,99.66666666666669,23.570226039551585,555.5555555555555,40,20,20,2,0.0073865,0.014773,0.0,0.0073865,0.0,0.0,0.0,0.0,0.0,0.0,0.0,0.0,0.0,0.0,0,0,0,0,0,0,0,0,0,0,0,0.5,99.66666666666669,0,0,0,0,0,0,0,0,0,0,0.0,0.0,0.0,0.0,0.0,0.0,83.0,133.0,0,2,1,166,133,5
0.067474,4431.336514805703,44.46157038266591,29.641046921777274,14.820523460888635,2,1,166,133,83,83,83.0,0.0,133,133,133.0,0.0,133,83,99.66666666666669,23.570226039551585,555.5555555555555,40,20,20,2,0.033737,0.067474,0.0,0.033737,0.0,0.0,0.0,0.0,0.0,0.0,0.0,0.0,0.0,0.0,0,0,0,0,0,0,0,0,0,0,0,0.5,99.66666666666669,0,0,0,0,0,0,0,0,0,0,0.0,0.0,0.0,0.0,0.0,0.0,83.0,133.0,0,2,1,166,133,5
18.360642,1270326.6585122675,147.88296432274643,102.5568487825705,45.66152814989005,3974,1807,30921905,105546,10000,40,6244.189674843126,3569.0032401322624,346,40,46.680962921970114,32.92393487327847,10000,40,4442.759081283597,4146.164165401352,17190677.28645829,177860,76460,20,8733,0.0038395319949811,2.689512,0.0,0.0601624237979276,18.360642,2.691651,0.0,0.0055537332123411,0.0729459238464333,18.360371,2.689512,6e-06,0.0124477091525423,0.1079345386227751,4704,160,0,0,0,0,0,4864,12716,0,0,0.4298886764871247,4434.096492607739,4096,5216,0,0,0,0,0,0,0,0,379786.156462585,59.38775510204081,622.6666666666666,4.0,3415766.9074100857,440773.949976404,6244.189674843126,46.680962921970114,0,3974,1807,30921905,105546,3
0.020174,19083.969465648854,148.70625557648458,99.1375037176564,49.56875185882819,2,1,182,203,91,91,91.0,0.0,203,203,203.0,0.0,203,91,128.33333333333334,52.797306328595546,2787.555555555555,40,20,20,2,0.010087,0.020174,0.0,0.010087,0.0,0.0,0.0,0.0,0.0,0.0,0.0,0.0,0.0,0.0,0,0,0,0,0,0,0,0,0,0,0,0.5,128.33333333333334,0,0,0,0,0,0,0,0,0,0,0.0,0.0,0.0,0.0,0.0,0.0,91.0,203.0,0,2,1,182,203,3
0.085718,135234.13985393965,163.32625586224597,81.66312793112299,81.66312793112299,7,7,5543,6049,1294,73,791.8571428571429,580.4405786177621,1294,85,864.1428571428571,520.0443466176511,1294,73,828.0,552.2544703304809,304985.0,140,140,20,7,0.0065936923076923,0.04735,0.0,0.0149217727622043,0.085718,0.048882,0.0,0.0142863333333333,0.0201017991621535,0.037636,0.037636,0.0,0.0062726666666666,0.0140261090668636,0,0,0,0,0,0,0,0,0,0,0,1.0,828.0,0,0,0,0,0,0,0,0,0,0,0.0,0.0,4380.0,5.0,0.0,0.0,791.8571428571429,864.1428571428571,0,7,7,5543,6049,2
1.247501,11078.949034910593,15.230448713067164,7.214423074610762,8.016025638456401,9,10,6334,7487,1372,85,703.7777777777778,488.647061402485,1372,85,748.7,585.4810073776946,1372,85,727.421052631579,542.2381799240192,294022.24376731296,180,200,20,9,0.0693056111111111,0.340089,0.0,0.1276524504539741,0.950313,0.340411,0.0,0.118789125,0.1536654844723088,0.953346,0.356534,0.0,0.1059273333333333,0.1506375270257861,7,6,0,0,0,0,0,13,19,0,0,1.1111111111111112,727.421052631579,255,16387,0,0,0,0,0,0,0,0,1979.0,4.0,6367.0,5.0,4581018.51851852,0.0,703.7777777777778,748.7,0,9,10,6334,7487,2
0.013992,20797.59862778731,214.40823327615783,142.93882218410522,71.46941109205261,2,1,122,169,61,61,61.0,0.0,169,169,169.0,0.0,169,61,97.0,50.91168824543142,2592.0,40,20,20,2,0.006996,0.013992,0.0,0.006996,0.0,0.0,0.0,0.0,0.0,0.0,0.0,0.0,0.0,0.0,0,0,0,0,0,0,0,0,0,0,0,0.5,97.0,0,0,0,0,0,0,0,0,0,0,0.0,0.0,0.0,0.0,0.0,0.0,61.0,169.0,0,2,1,122,169,1
5.650444,6615.055383258377,13.804224942323115,6.548157985460965,7.256066956862151,37,41,16237,21141,1292,73,438.8378378378378,473.618931866487,1292,66,515.6341463414634,500.5970462722152,1292,66,479.2051282051282,489.4901418292921,239600.5989480605,740,820,20,37,0.0733823896103896,0.917711,0.0,0.1608293201096712,5.593058,0.92572,0.0,0.1553627222222222,0.2238342373438695,3.825906,0.939894,0.0,0.09564765,0.1605976001951072,0,0,0,0,0,0,0,0,0,0,0,1.108108108108108,479.2051282051282,0,0,0,0,0,0,0,0,0,0,5000.0,4.0,6904.0,7.0,5513.730843920616,1799791.449426486,438.8378378378378,515.6341463414634,0,37,41,16237,21141,1
4.520078,1596.6538630528055,5.309642886693548,2.876056563625672,2.4335863230678765,13,11,4138,3079,1587,40,318.3076923076923,550.1754104360905,1153,40,279.90909090909093,418.17165995567257,1587,40,300.7083333333333,494.4414760756716,244472.3732638889,260,220,20,6,0.1965251304347826,3.678021,0.0,0.7490581802881772,4.520078,3.678021,0.0,0.3766731666666666,1.0039446399889151,4.488295,3.678521,0.000917,0.4488295,1.086367975563828,6,4,0,0,0,3,0,10,22,0,0,0.8461538461538461,300.7083333333333,65535,4096,0,0,0,0,0,0,0,0,0.0,0.0,0.0,0.0,0.0,0.0,318.3076923076923,279.90909090909093,0,13,11,4138,3079,4
0.074914,137370.85191019037,173.5323170568919,80.09183864164243,93.44047841524949,6,7,3746,6545,1372,78,624.3333333333334,560.6605231530237,1372,125,935.0,530.2931803661604,1372,78,791.6153846153846,566.1157177796424,320487.0059171598,120,140,20,6,0.0062428333333333,0.037384,0.0,0.0129389974291759,0.074914,0.039013,0.0,0.0149828,0.0179212851704335,0.035547,0.035547,0.0,0.0059245,0.0132475847326975,4,5,0,0,0,0,0,9,13,0,0,1.1666666666666667,791.6153846153846,255,136,0,0,0,0,0,0,0,0,0.0,0.0,5917.0,5.0,0.0,0.0,624.3333333333334,935.0,0,6,7,3746,6545,2
0.140059,6425.863386144411,99.95787489557972,57.118785654616985,42.83908924096274,8,6,496,404,92,54,62.0,12.36931687685298,121,54,67.33333333333333,24.38350991050213,121,54,64.28571428571429,18.687003013663084,349.2040816326532,160,120,20,2,0.0107737692307692,0.079357,0.0,0.022842100230643,0.140059,0.126356,0.0,0.0200084285714285,0.0434629327616636,0.13421,0.079357,0.0,0.0268419999999999,0.0316170568143209,2,2,0,0,2,3,0,4,12,0,0,0.75,64.28571428571429,65535,65535,0,0,0,0,0,0,0,0,0.0,0.0,0.0,0.0,0.0,0.0,62.0,67.33333333333333,0,8,6,496,404,0
0.110243,9016.445488602452,126.9921899803162,72.56696570303784,54.42522427727838,8,6,512,482,108,54,64.0,17.349351572897472,199,54,80.33333333333333,53.24367463735847,199,54,71.0,38.10886660982867,1452.2857142857142,160,120,20,2,0.0084802307692307,0.054125,0.0,0.0170782402406095,0.110243,0.10011,0.0,0.015749,0.0344774916182386,0.106316,0.05745,0.0,0.0212632,0.02372128221155,2,2,0,0,2,3,0,4,12,0,0,0.75,71.0,65535,65535,0,0,0,0,0,0,0,0,0.0,0.0,0.0,0.0,0.0,0.0,64.0,80.33333333333333,0,8,6,512,482,0
0.182968,5022.736216168948,76.51611210703511,43.72349263259149,32.79261947444362,8,6,491,428,87,54,61.375,10.873563123466017,145,54,71.33333333333333,33.22482338386299,145,54,65.64285714285714,23.768548074104576,564.9438775510204,160,120,20,2,0.0140744615384615,0.118242,0.0,0.0322655688946386,0.182968,0.166802,0.0,0.0261382857142857,0.0574838891907097,0.178322,0.118242,0.0,0.0356644,0.0454933167381759,2,2,0,0,2,3,0,4,12,0,0,0.75,65.64285714285714,65535,65535,0,0,0,0,0,0,0,0,0.0,0.0,0.0,0.0,0.0,0.0,61.375,71.33333333333333,0,8,6,491,428,3
7.496198,52.82677965550003,0.800405752356061,0.2668019174520203,0.5336038349040407,2,4,132,264,66,66,66.0,0.0,66,66,66.0,0.0,66,66,66.0,0.0,0.0,40,80,20,0,1.4992396,4.160271,0.0,1.5022081122588309,0.0,0.0,0.0,0.0,0.0,7.202467,4.160271,1.021032,2.4008223333333336,1.3094046261138006,0,0,0,0,0,6,0,0,4,0,0,2.0,66.0,65535,26883,0,0,0,0,0,0,0,0,0.0,0.0,0.0,0.0,0.0,0.0,66.0,66.0,0,2,4,132,264,0
0.394914,2519.5358989552155,35.45075636720907,22.789771950348683,12.66098441686038,9,5,576,419,87,54,64.0,12.657891697365017,198,54,83.8,57.11882351729594,198,54,71.07142857142857,36.85388966816758,1358.2091836734692,180,100,20,3,0.0303779999999999,0.21819,0.0,0.0630841077207491,0.394914,0.21819,0.0,0.04936425,0.0835399272260725,0.391234,0.220895,0.003003,0.0978084999999999,0.0820741322387876,3,2,0,0,2,3,0,5,12,0,0,0.5555555555555556,71.07142857142857,65535,65535,0,0,0,0,0,0,0,0,0.0,0.0,0.0,0.0,0.0,0.0,64.0,83.8,0,9,5,576,419,1
5.275983,2472.525025194357,7.391987426798002,3.790762782973334,3.601224643824667,20,19,3904,9141,2374,40,195.2,512.0386313550961,1488,40,481.10526315789474,578.7791047347531,2374,40,334.4871794871795,563.9796719283904,318073.0703484549,400,380,20,7,0.1388416578947368,5.091581,0.0,0.8143008118440686,5.275716999999999,5.091581,0.0,0.2776693157894736,1.134745829711707,5.240053,5.091866,2.6e-05,0.2911140555555555,1.1644564911706172,7,10,0,0,0,3,2,17,37,0,0,0.95,334.4871794871795,65535,4096,0,0,0,0,0,0,0,0,2516.0,5.0,3930.5,4.5,216485.97487523663,135203.46737298337,195.2,481.10526315789474,0,20,19,3904,9141,4
61.674874,133.70112438332666,0.3404952233870797,0.1783546408218037,0.162140582565276,11,10,6831,1415,5897,40,621.0,1672.1955083607354,644,40,141.5,185.36625906566707,5897,40,392.6666666666667,1240.325738065584,1538407.936507936,220,200,20,5,3.0837437,61.035807,0.0,13.29529948250055,0.6390669999999999,0.266798,0.0,0.0639067,0.0907017165924107,61.632654,61.036191,0.000219,6.848072666666667,19.1586701840281,5,3,0,0,0,3,1,8,19,0,0,0.9090909090909092,392.6666666666667,65535,4096,0,0,0,0,0,0,0,0,5948.0,4.0,0.0,0.0,28599.728812255376,0.0,621.0,141.5,0,11,10,6831,1415,4
0.138877,6948.594799714856,100.80862921866112,57.604930982092064,43.20369823656905,8,6,512,453,108,54,64.0,17.349351572897472,170,54,75.5,42.48038763162753,170,54,68.92857142857143,31.269483722071552,977.7806122448976,160,120,20,2,0.0106828461538461,0.063275,0.0,0.0206124621895297,0.138877,0.122788,0.0,0.0198395714285714,0.0421144628189724,0.135379,0.063275,0.0,0.0270758,0.0285597768366631,2,2,0,0,2,3,0,4,12,0,0,0.75,68.92857142857143,65535,65535,0,0,0,0,0,0,0,0,0.0,0.0,0.0,0.0,0.0,0.0,64.0,75.5,0,8,6,512,453,0
6.335334,2781.5423780340548,5.208880857741676,2.683362866109348,2.525517991632328,17,16,3551,14071,1871,40,208.8823529411765,451.7038178943654,5147,40,879.4375,1362.5864637129455,5147,40,534.0,1057.1695486275862,1117607.4545454546,340,320,20,6,0.1979791874999999,6.115816,0.0,1.0630084562505675,6.335232,6.115979,0.0,0.395952,1.4770669455527397,6.305173,6.115918,7.7e-05,0.4203448666666666,1.522520919389325,6,7,0,0,0,3,2,13,31,0,0,0.9411764705882352,534.0,65535,4096,0,0,0,0,0,0,0,0,0.0,0.0,4536.0,5.0,0.0,34392.29661081204,208.8823529411765,879.4375,0,17,16,3551,14071,4
3.998763,2237.191851580101,1.7505413549140072,1.7505413549140072,0.0,7,0,8946,0,1278,1278,1278.0,0.0,0,0,0.0,0.0,1278,1278,1278.0,0.0,0.0,140,0,20,7,0.6664605,1.897974,0.0,0.6867445095765844,3.998763,1.897974,0.0,0.6664605,0.6867445095765844,0.0,0.0,0.0,0.0,0.0,0,0,0,0,0,0,0,0,0,0,0,0.0,1278.0,0,0,0,0,0,0,0,0,0,0,5000.0,4.0,0.0,0.0,5557.3709634036,0.0,1278.0,0.0,0,7,0,8946,0,4
64.862645,101.27554927801664,0.2312579143203303,0.1233375543041761,0.1079203600161541,8,7,4782,1787,3835,40,597.75,1236.6896083900765,1321,40,255.28571428571428,441.444613670589,3835,40,437.9333333333333,967.3735897894992,935811.6622222222,160,140,20,3,4.633046071428572,64.652552,0.0,16.646442538437032,0.210093,0.159476,0.0,0.0300132857142857,0.0533365781957621,64.847065,64.696726,0.001988,10.807844166666667,24.09987226580361,3,2,0,0,0,3,1,5,13,0,0,0.875,437.9333333333333,65535,4096,0,0,0,0,0,0,0,0,0.0,0.0,0.0,0.0,0.0,0.0,597.75,255.28571428571428,0,8,7,4782,1787,5
52.91976,8.881370588226401,0.0944826658321957,0.0566895994993174,0.0377930663328783,3,2,285,185,100,85,95.0,7.071067811865476,100,85,92.5,7.5,100,85,94.0,7.3484692283495345,54.0,60,40,20,3,13.22994,52.884902,0.0,22.894806813573933,52.91976,52.91976,0.0,26.45988,26.45988,0.0,0.0,0.0,0.0,0.0,3,2,0,0,0,0,0,5,5,0,0,0.6666666666666666,94.0,290,255,0,0,0,0,0,0,0,0,0.0,0.0,0.0,0.0,0.0,0.0,95.0,92.5,0,3,2,285,185,2
115.78816,20.79659958323891,0.2418209253864989,0.2418209253864989,0.0,28,0,2408,0,86,86,86.0,0.0,0,0,0.0,0.0,86,86,86.0,0.0,0.0,560,0,20,28,4.288450370370371,27.631822,0.0,6.989787641460951,115.78816,27.631822,0.0,4.288450370370371,6.989787641460951,0.0,0.0,0.0,0.0,0.0,0,0,0,0,0,0,0,0,0,0,0,0.0,86.0,0,0,0,0,0,0,0,0,0,0,308.0,7.0,0.0,0.0,130.63318498549674,0.0,86.0,0.0,0,28,0,2408,0,3
6.485219,501582.4446329415,422.3450279782379,30.993556270034983,391.35147170820295,201,2538,22935,3229937,1278,59,114.1044776119403,236.27891442707403,1278,52,1272.6308116627265,76.9769777955144,1278,52,1187.612997444323,317.5765317445429,100854.85351489266,4020,50760,20,201,0.0023685971512052,5.902953,0.0,0.1127897824897234,6.485219,5.902953,0.0,0.032426095,0.4161657576536974,6.469608,5.916004,9e-06,0.0025501016949152,0.1174311613858533,0,0,0,0,0,0,0,0,0,0,0,12.626865671641792,1187.612997444323,0,0,0,0,0,0,0,0,0,0,1008.375,4.75,25647.680327868853,20.5655737704918,470022.7233001224,13076527.989635788,114.1044776119403,1272.6308116627265,0,201,2538,22935,3229937,5
0.312723,3149.752336732508,44.768053517010266,25.58174486686301,19.186308650147257,8,6,540,445,136,54,67.5,26.3581107061944,162,54,74.16666666666667,39.51546813872034,162,54,70.35714285714286,32.81899959922419,1077.0867346938776,160,120,20,2,0.0240556153846153,0.236314,0.0,0.0626743930295403,0.312723,0.289869,0.0,0.0446747142857142,0.1002027377152573,0.298945,0.236314,0.0,0.059789,0.0904453192774507,2,2,0,0,2,3,0,4,12,0,0,0.75,70.35714285714286,65535,65535,0,0,0,0,0,0,0,0,0.0,0.0,0.0,0.0,0.0,0.0,67.5,74.16666666666667,0,8,6,540,445,3
64.666816,218.148980769364,0.4639164544609712,0.2164943454151199,0.2474221090458513,14,16,3162,10945,1770,40,225.8571428571429,452.4177679255026,2840,40,684.0625,928.8468972838042,2840,40,470.23333333333335,779.6856923715408,607909.7788888889,280,320,20,6,2.229890206896552,64.171442,0.0,11.705912825362232,0.495089,0.16606,0.0,0.0380837692307692,0.0529720944694959,64.64385,64.171442,0.000223,4.30959,15.998821714820547,6,8,0,0,0,3,1,14,28,0,0,1.1428571428571428,470.23333333333335,65535,4096,0,0,0,0,0,0,0,0,0.0,0.0,3497.0,4.0,0.0,27602.37426198971,225.8571428571429,684.0625,0,14,16,3162,10945,4
0.019511,22602.634411357696,153.75941776433805,102.50627850955873,51.25313925477936,2,1,172,269,86,86,86.0,0.0,269,269,269.0,0.0,269,86,147.0,86.2670273047588,7442.0,40,20,20,2,0.0097555,0.019511,0.0,0.0097555,0.0,0.0,0.0,0.0,0.0,0.0,0.0,0.0,0.0,0.0,0,0,0,0,0,0,0,0,0,0,0,0.5,147.0,0,0,0,0,0,0,0,0,0,0,0.0,0.0,0.0,0.0,0.0,0.0,86.0,269.0,0,2,1,172,269,0
72.213913,133751.38666145955,114.77012746837302,10.191941821515751,104.57818564685726,736,7552,90814,9567897,1278,58,123.38858695652172,243.04462839462545,1278,49,1266.9355137711864,111.91491901860785,1278,49,1165.3850144787646,349.9623011996512,122473.6122609554,14720,151040,20,736,0.0087141200675757,41.659862,0.0,0.5040355905084064,72.21391299999999,41.659862,0.0,0.0982502217687074,1.6898537330800951,72.201435,41.677296,9e-06,0.0095618375049662,0.5283150167994429,0,0,0,0,0,0,0,0,0,0,0,10.26086956521739,1165.3850144787646,0,0,0,0,0,0,0,0,0,0,1185.7894736842106,6.947368421052632,27104.279411764703,21.858823529411765,974586.3523304856,13399756.882394766,123.38858695652172,1266.9355137711864,0,736,7552,90814,9567897,5
0.837756,183984.3582140862,120.56016310238304,59.68324906058567,60.87691404179738,50,51,3344,150790,816,40,66.88,122.30006377757944,10000,40,2956.6666666666665,3060.893056062821,10000,40,1526.079207920792,2612.629204472525,6825831.360062741,1000,1020,20,5,0.00837756,0.279776,0.0,0.0332477064948305,0.8375360000000001,0.326471,0.0,0.0170925714285714,0.0521881406514263,0.786412,0.280081,9e-05,0.01572824,0.0454032586819756,5,38,0,0,1,3,1,43,99,0,0,1.02,1526.079207920792,65535,4096,0,0,0,0,0,0,0,0,0.0,0.0,148520.0,43.0,0.0,220133.9894468489,66.88,2956.6666666666665,0,50,51,3344,150790,4
96.329683,3434.932927164309,3.674879735667769,0.5709558911348229,3.1039238445329462,55,299,8799,322087,321,68,159.98181818181817,70.15942647974641,1278,53,1077.2140468227424,427.86634951446456,1278,53,934.7062146892656,515.5537406060624,265795.6594529031,1100,5980,20,55,0.2728886203966005,17.836157,0.0,1.6891676820601438,96.329683,17.949649,0.0,1.7838830185185188,4.03929488021,87.921465,17.993438,1.1e-05,0.2950384731543624,1.7935032978177905,0,0,0,0,0,0,0,0,0,0,0,5.4363636363636365,934.7062146892656,0,0,0,0,0,0,0,0,0,0,793.0,4.0,25802.83333333333,22.25,71325.77801762907,8385711.190553569,159.98181818181817,1077.2140468227424,0,55,299,8799,322087,5
0.038542,7757.770743604379,77.83716465154896,51.89144310103264,25.94572155051632,2,1,166,133,83,83,83.0,0.0,133,133,133.0,0.0,133,83,99.66666666666669,23.570226039551585,555.5555555555555,40,20,20,2,0.019271,0.038542,0.0,0.019271,0.0,0.0,0.0,0.0,0.0,0.0,0.0,0.0,0.0,0.0,0,0,0,0,0,0,0,0,0,0,0,0.5,99.66666666666669,0,0,0,0,0,0,0,0,0,0,0.0,0.0,0.0,0.0,0.0,0.0,83.0,133.0,0,2,1,166,133,5
8.330479,2402.5029052951218,2.76094567911401,1.0803700483489604,1.6805756307650497,9,14,4354,15660,1372,85,483.77777777777777,501.3554467148205,1372,104,1118.571428571429,472.8168951365112,1372,85,870.1739130434783,574.8169199783385,330414.49149338366,180,280,20,9,0.3786581363636364,7.359232,0.0,1.5268592094470597,8.330479,7.994365,0.0,1.041309875,2.6302491703198694,0.641113,0.324938,0.0,0.0493163846153846,0.1065063239881437,7,8,0,0,0,0,0,15,23,0,0,1.5555555555555556,870.1739130434783,255,488,0,0,0,0,0,0,0,0,0.0,0.0,7452.0,7.0,0.0,47138.451806752586,483.77777777777777,1118.571428571429,0,9,14,4354,15660,2
0.293995,3006.8538580588106,47.619857480569394,27.21134713175394,20.40851034881545,8,6,498,386,94,54,62.25,12.97834735241741,111,54,64.33333333333333,20.917828652982976,111,54,63.142857142857146,16.877106822375616,284.8367346938776,160,120,20,2,0.022615,0.230204,0.0,0.0612799213759788,0.293995,0.283539,0.0,0.0419992857142857,0.0986222453183492,0.291602,0.230204,0.0,0.0583204,0.0881632804984025,2,2,0,0,2,3,0,4,12,0,0,0.75,63.142857142857146,65535,65535,0,0,0,0,0,0,0,0,0.0,0.0,0.0,0.0,0.0,0.0,62.25,64.33333333333333,0,8,6,498,386,3
0.588359,1553.4733045640503,23.79499591235963,13.59714052134836,10.19785539101127,8,6,503,411,99,54,62.875,14.520997727429062,128,54,68.5,26.95520976236938,128,54,65.28571428571429,20.96741884594345,439.6326530612245,160,120,20,2,0.0452583846153846,0.505618,0.0,0.1336171430989639,0.588359,0.560048,0.0,0.0840512857142857,0.1944060675873453,0.582117,0.505618,0.0,0.1164234,0.1963029366113507,2,2,0,0,2,3,0,4,12,0,0,0.75,65.28571428571429,65535,65535,0,0,0,0,0,0,0,0,0.0,0.0,0.0,0.0,0.0,0.0,62.875,68.5,0,8,6,503,411,1
100.87116,926.3301819866056,0.6443863637535248,0.3271500000594818,0.3172363636940429,33,32,17286,76154,2338,40,523.8181818181819,726.3710736525227,10000,40,2379.8125,3253.978751443185,10000,40,1437.5384615384614,2518.249539030713,6341580.740828402,660,640,20,11,1.5761118749999998,45.215439,0.0,6.957315892043507,100.87116,45.215439,0.0,3.1522237500000005,9.58334118780799,100.870701,45.215921,0.000234,3.2538935806451628,9.719824438152209,11,20,0,0,0,0,0,31,65,0,0,0.9696969696969696,1437.5384615384614,3063,4094,0,0,0,0,0,0,0,0,0.0,0.0,27992.0,6.0,0.0,105019.8844451114,523.8181818181819,2379.8125,0,33,32,17286,76154,3
23.628686,67532.7438859698,59.63090795654063,6.8137517253392765,52.81715623120135,161,1248,49891,1545819,1278,59,309.88198757763973,472.42456927080747,1278,49,1238.6370192307693,210.523482477486,1278,49,1132.5124201561391,389.948112171872,152059.53018640683,3220,24960,20,161,0.016781737215909,15.510282,0.0,0.4555448403654044,23.628686,15.510282,0.0,0.1476792875,1.3442119625222586,23.610967,15.552095,1.8e-05,0.0189342157177225,0.4864883402918863,0,0,0,0,0,0,0,0,0,0,0,7.751552795031056,1132.5124201561391,0,0,0,0,0,0,0,0,0,0,6337.166666666667,8.5,20224.08333333333,16.583333333333332,488488.9128703204,3017712.925026268,309.88198757763973,1238.6370192307693,0,161,1248,49891,1545819,5
0.028913,6778.957562342199,103.7595545256459,69.17303635043059,34.586518175215296,2,1,120,76,60,60,60.0,0.0,76,76,76.0,0.0,76,60,65.33333333333333,7.542472332656507,56.88888888888889,40,20,20,2,0.0144565,0.028913,0.0,0.0144565,0.0,0.0,0.0,0.0,0.0,0.0,0.0,0.0,0.0,0.0,0,0,0,0,0,0,0,0,0,0,0,0.5,65.33333333333333,0,0,0,0,0,0,0,0,0,0,0.0,0.0,0.0,0.0,0.0,0.0,60.0,76.0,0,2,1,120,76,5
0.115832,8305.131569859797,120.86470060087022,69.06554320049727,51.79915740037296,8,6,499,463,95,54,62.375,13.284742187938765,180,54,77.16666666666667,46.18952502702557,180,54,68.71428571428571,32.692132237039566,1068.7755102040817,160,120,20,2,0.0089101538461538,0.051592,0.0,0.0168178740714759,0.1158319999999999,0.101087,0.0,0.0165474285714285,0.0345827839615409,0.11073,0.051592,0.0,0.022146,0.0228591760743907,2,2,0,0,2,3,0,4,12,0,0,0.75,68.71428571428571,65535,65535,0,0,0,0,0,0,0,0,0.0,0.0,0.0,0.0,0.0,0.0,62.375,77.16666666666667,0,8,6,499,463,0
62.774898,688.2846707293734,0.764636845765962,0.382318422882981,0.382318422882981,24,24,2592,40615,592,40,108.0,151.4427834750361,10000,40,1692.2916666666667,2571.056567495917,10000,40,900.1458333333334,1985.982984879941,3944128.416232639,480,480,20,8,1.3356361276595743,62.517328,0.0,9.020759359855107,0.257367,0.073268,0.0,0.0111898695652173,0.018819631767188,62.747291,62.517328,9.5e-05,2.7281430869565217,12.747121630521884,8,12,0,0,0,3,1,20,46,0,0,1.0,900.1458333333334,65535,4096,0,0,0,0,0,0,0,0,0.0,0.0,19499.5,6.5,0.0,260526.54432739003,108.0,1692.2916666666667,0,24,24,2592,40615,4
0.087586,2637.4078049003265,34.25204941428996,22.83469960952664,11.41734980476332,2,1,124,107,62,62,62.0,0.0,107,107,107.0,0.0,107,62,77.0,21.213203435596427,450.0,40,20,20,2,0.043793,0.087586,0.0,0.043793,0.0,0.0,0.0,0.0,0.0,0.0,0.0,0.0,0.0,0.0,0,0,0,0,0,0,0,0,0,0,0,0.5,77.0,0,0,0,0,0,0,0,0,0,0,0.0,0.0,0.0,0.0,0.0,0.0,62.0,107.0,0,2,1,124,107,4
0.319588,137570.87249834163,153.32240259333892,65.70960111143097,87.61280148190797,21,28,4208,39758,1401,40,200.3809523809524,345.8902215320259,5640,40,1419.928571428571,1332.0365430575905,5640,40,897.265306122449,1195.5785513590497,1429408.072469804,420,560,20,6,0.0066580833333333,0.103089,0.0,0.0172456201937783,0.319362,0.103508,0.0,0.0159681,0.0248880586123144,0.292839,0.103089,3.7e-05,0.0108458888888888,0.0232297704431082,6,19,0,0,1,3,1,25,47,0,0,1.3333333333333333,897.265306122449,65535,4096,0,0,0,0,0,0,0,0,0.0,0.0,11507.666666666666,5.666666666666667,0.0,1315312.22615918,200.3809523809524,1419.928571428571,0,21,28,4208,39758,4
0.101334,3740.106972980441,29.605068387707977,19.736712258471982,9.868356129235991,2,1,120,259,60,60,60.0,0.0,259,259,259.0,0.0,259,60,126.33333333333331,93.80949963741531,8800.222222222224,40,20,20,2,0.050667,0.101334,0.0,0.050667,0.0,0.0,0.0,0.0,0.0,0.0,0.0,0.0,0.0,0.0,0,0,0,0,0,0,0,0,0,0,0,0.5,126.33333333333331,0,0,0,0,0,0,0,0,0,0,0.0,0.0,0.0,0.0,0.0,0.0,60.0,259.0,0,2,1,120,259,1
0.227506,4188.900512513956,61.53683858887238,35.16390776506993,26.37293082380245,8,6,512,441,108,54,64.0,17.349351572897472,158,54,73.5,38.03397603897512,158,54,68.07142857142857,28.531847583544465,814.0663265306122,160,120,20,2,0.0175004615384615,0.152769,0.0,0.0412218078852134,0.227506,0.209565,0.0,0.0325008571428571,0.0723487453508126,0.222078,0.152769,0.0,0.0444155999999999,0.0575068125828583,2,2,0,0,2,3,0,4,12,0,0,0.75,68.07142857142857,65535,65535,0,0,0,0,0,0,0,0,0.0,0.0,0.0,0.0,0.0,0.0,64.0,73.5,0,8,6,512,441,1
15.376304,428.7116071586514,1.1706324224599098,0.5202810766488488,0.650351345811061,8,10,1173,5419,294,93,146.625,77.44181283389484,1372,93,541.9,488.2893506928038,1372,93,366.22222222222223,416.7768595031207,173702.95061728396,160,200,20,8,0.9044884705882352,9.023547,0.0,2.436587400398089,15.37608,9.325921,0.0,2.196582857142857,3.580078413196257,6.352757,5.765724,0.0,0.7058618888888888,1.792948455691874,8,8,0,0,0,0,0,16,18,0,0,1.25,366.22222222222223,859,254,0,0,0,0,0,0,0,0,0.0,0.0,2400.5,4.0,0.0,11269953.051643193,146.625,541.9,0,8,10,1173,5419,2
0.004724,45723.96274343777,635.0550381033023,423.3700254022015,211.6850127011008,2,1,144,72,72,72,72.0,0.0,72,72,72.0,0.0,72,72,72.0,0.0,0.0,40,20,20,2,0.002362,0.004724,0.0,0.002362,0.0,0.0,0.0,0.0,0.0,0.0,0.0,0.0,0.0,0.0,0,0,0,0,0,0,0,0,0,0,0,0.5,72.0,0,0,0,0,0,0,0,0,0,0,0.0,0.0,0.0,0.0,0.0,0.0,72.0,72.0,0,2,1,144,72,3
0.368487,2708.3723442075297,37.9931992173401,21.710399552765768,16.282799664574327,8,6,489,509,85,54,61.125,10.288798520721455,226,54,84.83333333333333,63.27826553318991,226,54,71.28571428571429,43.751618045880925,1914.2040816326528,160,120,20,2,0.0283451538461538,0.304109,0.0,0.0807047026366409,0.368487,0.358139,0.0,0.052641,0.1247287290769165,0.365933,0.304109,0.0,0.0731866,0.1172612227133932,2,2,0,0,2,3,0,4,12,0,0,0.75,71.28571428571429,65535,65535,0,0,0,0,0,0,0,0,0.0,0.0,0.0,0.0,0.0,0.0,61.125,84.83333333333333,0,8,6,489,509,1
0.150823,73735.43822891734,165.7572120962983,79.56346180622319,86.19375029007512,12,13,6179,4942,1278,59,514.9166666666666,546.0798870637478,1278,52,380.1538461538461,451.70375692888433,1278,52,444.84,503.7553120315457,253769.4144,240,260,20,12,0.0062842916666666,0.071739,0.0,0.0150806884195184,0.141092,0.073415,0.0,0.0128265454545454,0.0211183053269976,0.131909,0.071739,0.000215,0.0109924166666666,0.0208169966271887,0,0,0,0,0,0,0,0,0,0,0,1.0833333333333333,444.84,0,0,0,0,0,0,0,0,0,0,0.0,0.0,0.0,0.0,0.0,0.0,514.9166666666666,380.1538461538461,0,12,13,6179,4942,5
0.133639,7288.291591526426,104.75983807122172,59.862764612126696,44.89707345909502,8,6,499,475,95,54,62.375,13.284742187938765,192,54,79.16666666666667,50.64390936287951,192,54,69.57142857142857,35.624458463481616,1269.102040816327,160,120,20,2,0.010279923076923,0.064575,0.0,0.020276789316706,0.133639,0.118648,0.0,0.0190912857142857,0.0407090772843961,0.128366,0.064575,0.0,0.0256731999999999,0.0278582879402162,2,2,0,0,2,3,0,4,12,0,0,0.75,69.57142857142857,65535,65535,0,0,0,0,0,0,0,0,0.0,0.0,0.0,0.0,0.0,0.0,62.375,79.16666666666667,0,8,6,499,475,0
0.024313,15218.196026816928,123.39077859581292,82.2605190638753,41.13025953193765,2,1,166,204,83,83,83.0,0.0,204,204,204.0,0.0,204,83,123.33333333333331,57.03994701571484,3253.555555555556,40,20,20,2,0.0121565,0.024313,0.0,0.0121565,0.0,0.0,0.0,0.0,0.0,0.0,0.0,0.0,0.0,0.0,0,0,0,0,0,0,0,0,0,0,0,0.5,123.33333333333331,0,0,0,0,0,0,0,0,0,0,0.0,0.0,0.0,0.0,0.0,0.0,83.0,204.0,0,2,1,166,204,0
0.015293,19551.428758255413,196.1681815209573,130.7787876806382,65.3893938403191,2,1,166,133,83,83,83.0,0.0,133,133,133.0,0.0,133,83,99.66666666666669,23.570226039551585,555.5555555555555,40,20,20,2,0.0076465,0.015293,0.0,0.0076465,0.0,0.0,0.0,0.0,0.0,0.0,0.0,0.0,0.0,0.0,0,0,0,0,0,0,0,0,0,0,0,0.5,99.66666666666669,0,0,0,0,0,0,0,0,0,0,0.0,0.0,0.0,0.0,0.0,0.0,83.0,133.0,0,2,1,166,133,5
0.533501,18558.540658780395,22.49292878551305,9.37205366063044,13.120875124882614,5,7,2536,7365,676,134,507.2,194.59229172811547,1372,157,1052.142857142857,454.8068439525976,1372,134,825.0833333333334,456.74727846905546,208618.0763888889,100,140,20,5,0.0485000909090909,0.267256,0.0,0.0997707169459096,0.273706,0.273545,0.0,0.0684264999999999,0.1184252303153766,0.266245,0.259146,0.0,0.0443741666666666,0.0960838567023907,5,3,0,0,0,0,0,8,12,0,0,1.4,825.0833333333334,1024,16385,0,0,0,0,0,0,0,0,0.0,0.0,6364.0,5.0,0.0,0.0,507.2,1052.142857142857,0,5,7,2536,7365,2
6.894268,118106.37474493304,106.75535096691918,13.054322808454792,93.7010281584644,90,646,21734,792523,1278,59,241.48888888888888,405.9497572755756,1278,49,1226.8157894736842,233.9597325801147,1278,49,1106.327445652174,415.20875133060326,172398.30718151876,1800,12920,20,90,0.009379956462585,6.576374,0.0,0.2424209418394864,6.894268,6.576374,0.0,0.0774636853932584,0.6928701196054898,6.8803410000000005,6.588928,9e-06,0.0106671953488372,0.2592534094636365,0,0,0,0,0,0,0,0,0,0,0,7.177777777777778,1106.327445652174,0,0,0,0,0,0,0,0,0,0,2435.75,7.5,22908.878787878788,18.90909090909091,1297336.8841544609,16045015.59946516,241.48888888888888,1226.8157894736842,0,90,646,21734,792523,5
16.831072,184325.03883293943,157.0309960054832,12.833407165033815,144.19758884044938,216,2427,57391,3044997,1278,59,265.6990740740741,439.65366967466775,1278,49,1254.6341161928306,161.04717975166747,1278,49,1173.8130911842602,336.1671890423964,113008.37898866629,4320,48540,20,216,0.0063705798637395,7.817581,0.0,0.189565019770882,16.831072,7.817581,0.0,0.0782840558139534,0.6605035490000997,16.81615,7.864938,1e-05,0.006931636438582,0.198947837911961,0,0,0,0,0,0,0,0,0,0,0,11.23611111111111,1173.8130911842602,0,0,0,0,0,0,0,0,0,0,3322.0,6.909090909090909,27560.11214953271,22.36448598130841,649901.2929731268,9324067.018474665,265.6990740740741,1254.6341161928306,0,216,2427,57391,3044997,5
0.127284,7809.308318406083,109.99025800571948,62.85157600326828,47.13868200245121,8,6,512,482,108,54,64.0,17.349351572897472,199,54,80.33333333333333,53.24367463735847,199,54,71.0,38.10886660982867,1452.2857142857142,160,120,20,2,0.0097910769230769,0.05369,0.0,0.0176563984587045,0.1272839999999999,0.10719,0.0,0.0181834285714285,0.0365140785289226,0.123584,0.062732,0.002481,0.0247168,0.0253815812620096,2,2,0,0,2,3,0,4,12,0,0,0.75,71.0,65535,65535,0,0,0,0,0,0,0,0,0.0,0.0,0.0,0.0,0.0,0.0,64.0,80.33333333333333,0,8,6,512,482,0
0.37788,20043.400021170743,79.39028262940616,42.34148406901662,37.04879856038954,16,14,3224,4350,1213,40,201.5,338.248429412466,3332,40,310.7142857142857,841.5340947656613,3332,40,252.46666666666667,628.0702579241346,394472.248888889,320,280,20,9,0.0130303448275862,0.152231,0.0,0.0325825154733447,0.37788,0.152968,0.0,0.025192,0.0427703986186708,0.3645819999999999,0.152521,0.000169,0.0280447692307692,0.0507861380468723,9,4,0,0,0,3,0,13,28,0,0,0.875,252.46666666666667,65535,4096,0,0,0,0,0,0,0,0,2254.0,6.0,0.0,0.0,1652492.6686217007,0.0,201.5,310.7142857142857,0,16,14,3224,4350,1
0.288555,3871.0124586300703,48.51761362651834,27.724350643724765,20.79326298279357,8,6,496,621,92,54,62.0,12.36931687685298,346,54,103.5,108.45851741564606,346,54,79.78571428571429,74.50232841177188,5550.596938775512,160,120,20,2,0.0221965384615384,0.220632,0.0,0.0584523321672196,0.288555,0.273228,0.0,0.0412221428571428,0.0947534542867187,0.2818,0.220632,0.0,0.05636,0.0841083683827001,2,2,0,0,2,3,0,4,12,0,0,0.75,79.78571428571429,65535,65535,0,0,0,0,0,0,0,0,0.0,0.0,0.0,0.0,0.0,0.0,62.0,103.5,0,8,6,496,621,1
0.034689,6082.619850673124,86.48274669203495,57.65516446135663,28.82758223067832,2,1,130,81,65,65,65.0,0.0,81,81,81.0,0.0,81,65,70.33333333333333,7.542472332656507,56.88888888888889,40,20,20,2,0.0173445,0.034689,0.0,0.0173445,0.0,0.0,0.0,0.0,0.0,0.0,0.0,0.0,0.0,0.0,0,0,0,0,0,0,0,0,0,0,0,0.5,70.33333333333333,0,0,0,0,0,0,0,0,0,0,0.0,0.0,0.0,0.0,0.0,0.0,65.0,81.0,0,2,1,130,81,4
0.049546,5489.847818189158,60.549792112380416,40.36652807492028,20.183264037460138,2,1,148,124,74,74,74.0,0.0,124,124,124.0,0.0,124,74,90.66666666666669,23.570226039551585,555.5555555555555,40,20,20,2,0.024773,0.049546,0.0,0.024773,0.0,0.0,0.0,0.0,0.0,0.0,0.0,0.0,0.0,0.0,0,0,0,0,0,0,0,0,0,0,0,0.5,90.66666666666669,0,0,0,0,0,0,0,0,0,0,0.0,0.0,0.0,0.0,0.0,0.0,74.0,124.0,0,2,1,148,124,1
0.313214,26764.44858786644,57.4686955244657,31.92705306914761,25.54164245531809,10,8,1869,6514,888,40,186.9,278.4767315234794,2840,40,814.25,937.8376391998776,2840,40,465.72222222222223,728.8118035965996,531166.6450617284,200,160,20,3,0.0184243529411764,0.205378,0.0,0.0482889987324371,0.313214,0.248179,0.0,0.0348015555555555,0.0761194461548005,0.244864,0.205378,0.000725,0.0349805714285714,0.0700785981082407,3,4,0,0,0,3,0,7,16,0,0,0.8,465.72222222222223,65535,4096,0,0,0,0,0,0,0,0,0.0,0.0,0.0,0.0,0.0,0.0,186.9,814.25,0,10,8,1869,6514,4
0.165204,5338.853780780127,84.74371080603376,48.42497760344786,36.318733202585896,8,6,493,389,89,54,61.625,11.46666363856549,106,54,64.83333333333333,18.906935823189915,106,54,63.0,15.19398377178095,230.8571428571429,160,120,20,2,0.012708,0.080676,0.0,0.0230723952576033,0.165204,0.139058,0.0,0.0236005714285714,0.0474444615700659,0.148858,0.080676,0.0,0.0297716,0.0304238573004804,2,2,0,0,2,3,0,4,12,0,0,0.75,63.0,65535,65535,0,0,0,0,0,0,0,0,0.0,0.0,0.0,0.0,0.0,0.0,61.625,64.83333333333333,0,8,6,493,389,3
115.151926,10.881276966222869,0.0955259749628503,0.0434208977103865,0.0521050772524638,5,6,917,336,265,63,183.4,98.30890091949966,67,49,56.0,7.874007874011811,265,49,113.9090909090909,91.92927572616456,8450.991735537189,100,120,20,5,11.5151926,115.048141,0.0,34.5109855365648,115.114729,115.084026,0.0,28.77868225,49.828413844483606,115.136912,115.061838,0.000279,23.0273824,46.017230770509926,0,0,0,0,0,0,0,0,0,0,0,1.2,113.9090909090909,0,0,0,0,0,0,0,0,0,0,0.0,0.0,0.0,0.0,0.0,0.0,183.4,56.0,0,5,6,917,336,5
0.140504,6362.808176279679,99.64129135113592,56.93788077207767,42.70341057905825,8,6,493,401,89,54,61.625,11.46666363856549,118,54,66.83333333333333,23.283876156879227,118,54,63.85714285714285,17.723499907738084,314.12244897959187,160,120,20,2,0.010808,0.069747,0.0,0.0213832941155185,0.140504,0.12652,0.0,0.020072,0.0435111150594222,0.135242,0.069747,0.0,0.0270484,0.0291136929543471,2,2,0,0,2,3,0,4,12,0,0,0.75,63.85714285714285,65535,65535,0,0,0,0,0,0,0,0,0.0,0.0,0.0,0.0,0.0,0.0,61.625,66.83333333333333,0,8,6,493,401,0
0.022982,8528.413541032112,130.53694195457314,87.02462796971544,43.51231398485772,2,1,120,76,60,60,60.0,0.0,76,76,76.0,0.0,76,60,65.33333333333333,7.542472332656507,56.88888888888889,40,20,20,2,0.011491,0.022982,0.0,0.011491,0.0,0.0,0.0,0.0,0.0,0.0,0.0,0.0,0.0,0.0,0,0,0,0,0,0,0,0,0,0,0,0.5,65.33333333333333,0,0,0,0,0,0,0,0,0,0,0.0,0.0,0.0,0.0,0.0,0.0,60.0,76.0,0,2,1,120,76,4
0.016132,18534.589635507065,185.9657822960575,123.97718819737167,61.98859409868584,2,1,166,133,83,83,83.0,0.0,133,133,133.0,0.0,133,83,99.66666666666669,23.570226039551585,555.5555555555555,40,20,20,2,0.008066,0.016132,0.0,0.008066,0.0,0.0,0.0,0.0,0.0,0.0,0.0,0.0,0.0,0.0,0,0,0,0,0,0,0,0,0,0,0,0.5,99.66666666666669,0,0,0,0,0,0,0,0,0,0,0.0,0.0,0.0,0.0,0.0,0.0,83.0,133.0,0,2,1,166,133,5
0.030006,6965.273611944277,99.98000399920016,66.65333599946678,33.32666799973339,2,1,118,91,59,59,59.0,0.0,91,91,91.0,0.0,91,59,69.66666666666667,15.084944665313014,227.5555555555556,40,20,20,2,0.015003,0.030006,0.0,0.015003,0.0,0.0,0.0,0.0,0.0,0.0,0.0,0.0,0.0,0.0,0,0,0,0,0,0,0,0,0,0,0,0.5,69.66666666666667,0,0,0,0,0,0,0,0,0,0,0.0,0.0,0.0,0.0,0.0,0.0,59.0,91.0,0,2,1,118,91,4
10.217914,336.9572302135249,2.6424180121304603,1.370142672956535,1.2722753391739252,14,13,1783,1660,705,40,127.35714285714286,189.60508098332667,745,40,127.6923076923077,192.0426173116408,745,40,127.51851851851852,190.78267068799053,36398.027434842246,280,260,20,6,0.3929966923076923,9.801775,0.0,1.8822914021907684,10.217882,9.801775,0.0,0.7859909230769232,2.60333257668747,10.183831,9.802636,0.000152,0.8486525833333333,2.700753380431112,6,4,0,0,1,3,2,10,24,0,0,0.9285714285714286,127.51851851851852,65535,4096,0,0,0,0,0,0,0,0,756.0,4.0,0.0,0.0,252758.27482447345,0.0,127.35714285714286,127.6923076923077,0,14,13,1783,1660,4
0.135505,55230.4343013173,88.55761780008119,44.2788089000406,44.2788089000406,6,6,3794,3690,1372,85,632.3333333333334,554.276304943863,1372,85,615.0,546.9296115589282,1372,85,623.6666666666666,550.6834137889231,303252.22222222225,120,120,20,6,0.0123186363636363,0.048469,0.0,0.016841777169628,0.108462,0.049533,0.0,0.0216924,0.0192913113146825,0.087036,0.033053,0.0,0.0174072,0.0143869244440915,4,5,0,0,0,0,0,9,12,0,0,1.0,623.6666666666666,255,288,0,0,0,0,0,0,0,0,0.0,0.0,0.0,0.0,0.0,0.0,632.3333333333334,615.0,0,6,6,3794,3690,2
134.636119,17385.48331150276,8.964904878162745,4.538158144620909,4.426746733541837,611,596,2273523,67191,10000,40,3720.986906710311,4003.069943840433,646,40,112.73657718120803,194.46650322581243,10000,40,1939.2825186412592,3374.15111477978,11384895.74536963,12220,11920,20,534,0.1116385729684908,63.606238,0.0,1.8548806131441915,71.029881,8.266424,0.0,0.1164424278688524,0.4257117156940319,134.576675,63.606776,4.4e-05,0.2261792857142857,2.6360216211328806,520,74,0,0,0,3,1,594,1205,0,0,0.9754500818330606,1939.2825186412592,65535,4096,0,0,0,0,0,0,0,0,156734.2857142857,29.714285714285715,0.0,0.0,13197565.317807823,0.0,3720.986906710311,112.73657718120803,0,611,596,2273523,67191,4
0.378896,570.0772771420126,10.556986613740971,7.91773996030573,2.6392466534352432,3,1,162,54,54,54,54.0,0.0,54,54,54.0,0.0,54,54,54.0,0.0,0.0,60,20,20,0,0.1262986666666666,0.378784,0.0,0.1785340972052366,0.378896,0.378896,0.0,0.189448,0.189448,0.0,0.0,0.0,0.0,0.0,0,0,0,0,3,0,0,0,4,0,0,0.3333333333333333,54.0,251,75,0,0,0,0,0,0,0,0,0.0,0.0,0.0,0.0,0.0,0.0,54.0,54.0,0,3,1,162,54,1
0.132164,6877.818467964044,105.92899730637691,60.53085560364396,45.39814170273296,8,6,490,419,86,54,61.25,10.580051984749414,136,54,69.83333333333333,29.90215525491245,136,54,64.92857142857143,21.56870843776857,465.2091836734695,160,120,20,2,0.0101664615384615,0.063155,0.0,0.0187114765302161,0.132164,0.107821,0.0,0.0188805714285714,0.0365017644108067,0.122081,0.063155,0.0,0.0244162,0.0260476808595314,2,2,0,0,2,3,0,4,12,0,0,0.75,64.92857142857143,65535,65535,0,0,0,0,0,0,0,0,0.0,0.0,0.0,0.0,0.0,0.0,61.25,69.83333333333333,0,8,6,490,419,1
0.030889,7187.02450710609,97.12195279873094,64.74796853248729,32.373984266243646,2,1,128,94,64,64,64.0,0.0,94,94,94.0,0.0,94,64,74.0,14.142135623730953,200.0,40,20,20,2,0.0154445,0.030889,0.0,0.0154445,0.0,0.0,0.0,0.0,0.0,0.0,0.0,0.0,0.0,0.0,0,0,0,0,0,0,0,0,0,0,0,0.5,74.0,0,0,0,0,0,0,0,0,0,0,0.0,0.0,0.0,0.0,0.0,0.0,64.0,94.0,0,2,1,128,94,4
0.062886,163883.85332188406,206.7232770409948,95.41074324968992,111.3125337913049,6,7,3746,6560,1372,78,624.3333333333334,560.6605231530237,1372,125,937.1428571428572,529.3646943193669,1372,78,792.7692307692307,565.9410344177826,320289.25443786976,120,140,20,6,0.0052404999999999,0.030764,0.0,0.0101245307339813,0.056908,0.032039,0.0,0.0113816,0.0140114074182431,0.032122,0.025582,0.0,0.0053536666666666,0.009356279917194,4,5,0,0,0,0,0,9,13,0,0,1.1666666666666667,792.7692307692307,255,136,0,0,0,0,0,0,0,0,0.0,0.0,5932.0,5.0,0.0,0.0,624.3333333333334,937.1428571428572,0,6,7,3746,6560,2
0.142705,33152.30720717564,126.13433306471391,70.07462948039662,56.0597035843173,10,8,1179,3552,557,40,117.9,151.09761745308893,1828,40,444.0,702.9736837179611,1828,40,262.8333333333333,508.5004370149984,258572.6944444444,200,160,20,4,0.0083944117647058,0.052698,0.0,0.0151382967495523,0.142533,0.053175,0.0,0.015837,0.0179774523099229,0.10724,0.052698,0.000113,0.01532,0.018002686942311,4,2,0,0,1,3,1,6,16,0,0,0.8,262.8333333333333,65535,4096,0,0,0,0,0,0,0,0,0.0,0.0,0.0,0.0,0.0,0.0,117.9,444.0,0,10,8,1179,3552,3
0.372981,2919.719771248401,34.854322338135184,18.76771202822664,16.086610309908547,7,6,436,653,86,54,62.285714285714285,10.924602453888664,370,54,108.83333333333331,116.8765968399529,370,54,83.76923076923077,83.11081929582735,6907.408284023668,140,120,20,2,0.0310817499999999,0.214574,0.0,0.0626004547668851,0.372981,0.221237,0.0,0.0621635,0.0890173937886111,0.3687539999999999,0.259416,0.0,0.0737507999999999,0.1006506932184771,2,2,0,0,1,3,1,4,11,0,0,0.8571428571428571,83.76923076923077,65535,65535,0,0,0,0,0,0,0,0,0.0,0.0,0.0,0.0,0.0,0.0,62.285714285714285,108.83333333333331,0,7,6,436,653,3
0.17724,5783.118934777703,78.98894154818325,45.13653802753328,33.852403520649965,8,6,499,526,95,54,62.375,13.284742187938765,243,54,87.66666666666667,69.60044699728746,243,54,73.21428571428571,48.3073176524583,2333.596938775509,160,120,20,2,0.0136338461538461,0.111965,0.0,0.0315412430876589,0.17724,0.166824,0.0,0.02532,0.0577919789911565,0.173222,0.111965,0.0,0.0346444,0.0440357211118428,2,2,0,0,2,3,0,4,12,0,0,0.75,73.21428571428571,65535,65535,0,0,0,0,0,0,0,0,0.0,0.0,0.0,0.0,0.0,0.0,62.375,87.66666666666667,0,8,6,499,526,0
120.457008,4.283686010198759,0.0747154536662574,0.041508585370143,0.0332068682961144,5,4,282,234,81,40,56.4,20.08581589082206,77,40,58.5,18.5,81,40,57.333333333333336,19.425069712444618,377.33333333333326,100,80,20,2,15.057126,60.001947,0.0,25.948896629971067,60.454777,60.002143,0.0,15.113694249999998,25.91652513648281,120.24634,60.001947,0.243046,40.08211333333333,28.17047466861241,2,2,0,0,0,0,0,4,9,0,0,0.8,57.333333333333336,4095,78,0,0,0,0,0,0,0,0,0.0,0.0,0.0,0.0,0.0,0.0,56.4,58.5,0,5,4,282,234,4
0.024748,15071.925004040731,121.2219169225796,80.81461128171973,40.40730564085987,2,1,142,231,71,71,71.0,0.0,231,231,231.0,0.0,231,71,124.33333333333331,75.42472332656507,5688.88888888889,40,20,20,2,0.012374,0.024748,0.0,0.012374,0.0,0.0,0.0,0.0,0.0,0.0,0.0,0.0,0.0,0.0,0,0,0,0,0,0,0,0,0,0,0,0.5,124.33333333333331,0,0,0,0,0,0,0,0,0,0,0.0,0.0,0.0,0.0,0.0,0.0,71.0,231.0,0,2,1,142,231,3
0.073904,12340.333405499026,189.4349426282745,108.2485386447283,81.18640398354623,8,6,502,410,98,54,62.75,14.210471491122313,127,54,68.33333333333333,26.587382136812355,127,54,65.14285714285714,20.63927304525852,425.9795918367348,160,120,20,2,0.005684923076923,0.044265,0.0,0.0115208553399178,0.073904,0.05767,0.0,0.0105577142857142,0.0194117356603405,0.069368,0.04806,0.0,0.0138736,0.0173687179100819,2,2,0,0,2,3,0,4,12,0,0,0.75,65.14285714285714,65535,65535,0,0,0,0,0,0,0,0,0.0,0.0,0.0,0.0,0.0,0.0,62.75,68.33333333333333,0,8,6,502,410,0
24.548062,18.94243219688788,0.2851548932864842,0.1629456533065624,0.1222092399799218,4,3,218,247,55,54,54.5,0.5,127,54,82.33333333333333,31.961782734314987,127,54,66.42857142857143,25.053412330214723,627.6734693877551,80,60,20,2,4.091343666666666,24.499288,0.0,9.12671597675262,24.548062,24.523601,0.0,8.182687333333332,11.554775179731836,24.525211,24.499288,0.025923,12.2626055,12.2366825,0,1,0,0,2,0,0,1,7,0,0,0.75,66.42857142857143,2047,1045,0,0,0,0,0,0,0,0,0.0,0.0,0.0,0.0,0.0,0.0,54.5,82.33333333333333,0,4,3,218,247,0
60.778626,119.4169805681359,0.4277819640082024,0.2138909820041012,0.2138909820041012,13,13,3612,3646,2088,40,277.84615384615387,531.941703884327,1440,40,280.46153846153845,450.2935137448796,2088,40,279.15384615384613,492.8131719883378,242864.82248520703,260,260,20,8,2.43114504,60.569595,0.0,11.86748388094104,0.208664,0.114374,0.0,0.0173886666666666,0.0320996462398298,60.752056,60.569595,0.000184,5.062671333333333,16.73599565778676,7,4,0,0,0,3,1,11,24,0,0,1.0,279.15384615384613,65535,4096,0,0,0,0,0,0,0,0,722.0,4.0,0.0,0.0,793406.5934065934,0.0,277.84615384615387,280.46153846153845,0,13,13,3612,3646,4
7.144759,1194.8618560821997,2.799254670451446,1.539590068748295,1.2596646017031503,11,9,2910,5627,1887,40,264.54545454545456,533.5165267332594,2840,40,625.2222222222222,905.0058044967664,2840,40,426.85,746.5350812252562,557314.6275,220,180,20,3,0.376039947368421,6.940606,0.0,1.5474106213525147,7.144657,6.940606,0.0,0.7144657,2.075605814619821,7.088348,6.987219,0.000198,0.8860434999999999,2.306109231297328,3,4,0,0,0,3,2,7,18,0,0,0.8181818181818182,426.85,65535,4096,0,0,0,0,0,0,0,0,0.0,0.0,0.0,0.0,0.0,0.0,264.54545454545456,625.2222222222222,0,11,9,2910,5627,4
0.651802,8738.850141607421,19.94470713498885,10.739457688070916,9.205249446917929,7,6,2196,3500,1372,54,313.7142857142857,461.64727236455394,1372,54,583.3333333333334,587.6525806593173,1372,54,438.1538461538461,540.5623633208783,292207.66863905324,140,120,20,2,0.0543168333333333,0.315546,0.0,0.1159676879981613,0.644737,0.316056,0.0,0.1074561666666666,0.1460240231930082,0.340529,0.332954,0.0,0.0681058,0.132456594228298,1,1,0,0,2,3,1,2,11,0,0,0.8571428571428571,438.1538461538461,65535,26883,0,0,0,0,0,0,0,0,0.0,0.0,0.0,0.0,0.0,0.0,313.7142857142857,583.3333333333334,0,7,6,2196,3500,0
62.855824,115.64560827330814,0.4931921662501791,0.2545507954839634,0.2386413707662157,16,15,3700,3569,2088,40,231.25,488.3746640643841,1440,40,237.9333333333333,408.7187242536799,2088,40,234.48387096774192,451.6017279723322,203944.1207075964,320,300,20,8,2.095194133333333,62.62906,0.0,11.240865835201165,0.226372,0.055755,0.0,0.0150914666666666,0.0189594900770622,62.826134,62.62906,0.000253,4.4875810000000005,16.12556623428946,7,5,0,0,0,3,1,12,29,0,0,0.9375,234.48387096774192,65535,4096,0,0,0,0,0,0,0,0,722.0,4.0,0.0,0.0,55165.03667481664,0.0,231.25,237.9333333333333,0,16,15,3700,3569,4
5.80344,209974.0843361868,191.7828046813614,28.08678990391905,163.69601477744234,163,950,20432,1198140,1278,59,125.34969325153374,256.38538700886414,1278,49,1261.2,133.86096479084873,1278,49,1094.8535489667563,431.50295139272265,186194.7970606304,3260,19000,20,163,0.0052189208633093,5.444274,0.0,0.1631916527037372,5.788875,5.444274,0.0,0.0357337962962962,0.4263074721082168,5.788795,5.455272,1.1e-05,0.0060998893572181,0.1769954849031302,0,0,0,0,0,0,0,0,0,0,0,5.828220858895706,1094.8535489667563,0,0,0,0,0,0,0,0,0,0,599.6666666666666,4.6,20160.67857142857,16.196428571428573,341379.17947550194,10435326.739994451,125.34969325153374,1261.2,0,163,950,20432,1198140,5
118.626835,4696.256121138189,3.599522822976774,0.084297958383531,3.515224864593243,10,417,4669,552433,1372,85,466.9,493.9021056849221,1372,85,1324.779376498801,208.77426740512465,1372,85,1304.688524590164,255.1679410872634,65110.67815871312,200,8340,20,10,0.2784667488262911,58.523555,0.0,3.9897348708648384,118.600526,59.702794,0.0,13.177836222222222,24.560974399231032,118.563053,58.549864,0.0,0.2850073389423077,4.038994456958827,8,131,0,0,0,0,0,139,427,0,0,41.7,1304.688524590164,255,136,0,0,0,0,0,0,0,0,0.0,0.0,264782.5,206.0,0.0,912360.4061788248,466.9,1324.779376498801,0,10,417,4669,552433,2
10.781647,6835.690317073078,6.492514548101974,2.5970058192407897,3.895508728861184,28,42,5985,67715,1834,40,213.75,457.6004671107756,10000,40,1612.2619047619048,2073.4477046182883,10000,40,1052.857142857143,1769.9353199297125,3132671.0367346928,560,840,20,11,0.1562557536231884,10.078905,0.0,1.203558780964457,10.645916,10.080703,0.0,0.3942931851851852,1.8998752868960955,10.764694,10.078905,0.000224,0.2625535121951219,1.5524047141235215,11,29,0,0,2,3,0,40,68,0,0,1.5,1052.857142857143,65535,4096,0,0,0,0,0,0,0,0,0.0,0.0,54994.0,21.0,0.0,446445.0974980112,213.75,1612.2619047619048,0,28,42,5985,67715,1
0.157278,5760.500515011636,89.01435674410915,50.86534671091952,38.14901003318964,8,6,497,409,93,54,62.125,12.673175411079892,126,54,68.16666666666667,26.21969149746469,126,54,64.71428571428571,19.8833331907784,395.34693877551007,160,120,20,2,0.0120983076923076,0.099726,0.0,0.0281281570081396,0.157278,0.149467,0.0,0.0224682857142857,0.0518607975882534,0.154933,0.099726,0.0,0.0309865999999999,0.0388822844370029,2,2,0,0,2,3,0,4,12,0,0,0.75,64.71428571428571,65535,65535,0,0,0,0,0,0,0,0,0.0,0.0,0.0,0.0,0.0,0.0,62.125,68.16666666666667,0,8,6,497,409,1
122.573542,609.5687436363713,0.5547689892162861,0.0979004098616975,0.4568685793545886,12,56,6450,68267,1372,92,537.5,466.01922349476814,1372,92,1219.053571428571,387.44674378933576,1372,92,1098.779411764706,479.015990325886,229456.3189878893,240,1120,20,12,1.8294558507462688,58.175581,0.0,9.893478837719142,122.573542,58.523723,0.0,11.143049272727271,22.374481992996778,64.055553,58.500714,0.0,1.164646418181818,7.822246125143073,10,8,0,0,0,0,0,18,68,0,0,4.666666666666667,1098.779411764706,255,120,0,0,0,0,0,0,0,0,0.0,0.0,32022.0,25.5,0.0,87172.29063419189,537.5,1219.053571428571,0,12,56,6450,68267,2
0.067722,14293.73025014028,206.7275036177313,118.13000206727504,88.59750155045627,8,6,512,456,108,54,64.0,17.349351572897472,173,54,76.0,43.5928128632844,173,54,69.14285714285714,31.963946526532364,1021.6938775510204,160,120,20,2,0.0052093846153846,0.042499,0.0,0.0109814503213265,0.067722,0.053502,0.0,0.0096745714285714,0.0180475412639359,0.064028,0.045735,0.002023,0.0128056,0.0165398058948707,2,2,0,0,2,3,0,4,12,0,0,0.75,69.14285714285714,65535,65535,0,0,0,0,0,0,0,0,0.0,0.0,0.0,0.0,0.0,0.0,64.0,76.0,0,8,6,512,456,0
92.027901,3782.983162899695,6.824017424889437,4.618164658563711,2.2058527663257257,425,203,333715,14425,1278,62,785.2117647058824,538.2270741898844,127,50,71.05911330049261,23.24587898648184,1278,50,554.3630573248407,554.7899057543842,307791.8395269585,8500,4060,20,425,0.146774961722488,13.839006,0.0,0.9363998019036022,91.918849,13.949053,0.0,0.2167897382075471,1.1469362448988107,91.926867,13.929598,1.1e-05,0.4550834999999999,1.6362090691319269,0,0,0,0,0,0,0,0,0,0,0,0.4776470588235294,554.3630573248407,0,0,0,0,0,0,0,0,0,0,9772.46875,11.5,254.2,5.6,234828.32366643337,17664.22681367553,785.2117647058824,71.05911330049261,0,425,203,333715,14425,5
0.261118,22415.153302338404,107.2312134743679,57.44529293269709,49.78592054167081,15,13,1379,4474,557,40,91.93333333333334,126.31150207148816,3264,40,344.15384615384613,857.7299957225059,3264,40,209.03571428571428,604.9339681877248,365945.1058673472,300,260,20,6,0.009671037037037,0.089336,0.0,0.0199378758341104,0.261118,0.089336,0.0,0.0186512857142857,0.0246386278851161,0.195784,0.089852,6.2e-05,0.0163153333333333,0.0258080472247621,6,5,0,0,1,3,1,11,26,0,0,0.8666666666666667,209.03571428571428,65535,4096,0,0,0,0,0,0,0,0,222.0,5.0,722.0,4.0,13654.81609054004,50884.487983649306,91.93333333333334,344.15384615384613,0,15,13,1379,4474,4
0.00473,54756.87103594081,634.2494714587738,422.8329809725159,211.416490486258,2,1,162,97,81,81,81.0,0.0,97,97,97.0,0.0,97,81,86.33333333333333,7.542472332656507,56.88888888888889,40,20,20,2,0.002365,0.00473,0.0,0.002365,0.0,0.0,0.0,0.0,0.0,0.0,0.0,0.0,0.0,0.0,0,0,0,0,0,0,0,0,0,0,0,0.5,86.33333333333333,0,0,0,0,0,0,0,0,0,0,0.0,0.0,0.0,0.0,0.0,0.0,81.0,97.0,0,2,1,162,97,3
10.536823,143.49676368294314,1.993010606707544,1.993010606707544,0.0,21,0,1512,0,72,72,72.0,0.0,0,0,0.0,0.0,72,72,72.0,0.0,0.0,420,0,20,21,0.52684115,0.60031,0.0,0.1213283394427184,10.536823,0.60031,0.0,0.52684115,0.1213283394427184,0.0,0.0,0.0,0.0,0.0,0,0,0,0,0,0,0,0,0,0,0,0.0,72.0,0,0,0,0,0,0,0,0,0,0,880.0,20.0,0.0,0.0,83.51663494774468,0.0,72.0,0.0,0,21,0,1512,0,4
14.866937,709.6283518252617,2.623270684472532,1.27800366679431,1.345267017678221,19,20,5760,4790,1372,54,303.1578947368421,417.5309964110316,1372,54,239.5,395.38810047850455,1372,54,270.5128205128205,407.57034137553205,166113.5831689677,380,400,20,10,0.3912351842105263,9.945423,0.0,1.6463862835924343,14.578131,9.945525,0.0,0.8098961666666666,2.3453633868946206,14.569089000000002,9.996994,0.0,0.7667941578947368,2.2980858182134347,8,8,0,0,2,3,0,16,37,0,0,1.0526315789473684,270.5128205128205,65535,26883,0,0,0,0,0,0,0,0,1355.0,4.0,0.0,0.0,4156441.717791411,0.0,303.1578947368421,239.5,0,19,20,5760,4790,0
0.029058,9635.900612567968,103.24179227751394,68.82786151834263,34.413930759171315,2,1,168,112,84,84,84.0,0.0,112,112,112.0,0.0,112,84,93.33333333333331,13.199326582148888,174.22222222222226,40,20,20,2,0.014529,0.029058,0.0,0.014529,0.0,0.0,0.0,0.0,0.0,0.0,0.0,0.0,0.0,0.0,0,0,0,0,0,0,0,0,0,0,0,0.5,93.33333333333331,0,0,0,0,0,0,0,0,0,0,0.0,0.0,0.0,0.0,0.0,0.0,84.0,112.0,0,2,1,168,112,1
0.013677,21569.0575418586,219.3463478833077,146.23089858887184,73.11544929443592,2,1,164,131,82,82,82.0,0.0,131,131,131.0,0.0,131,82,98.33333333333331,23.098821518760552,533.5555555555555,40,20,20,2,0.0068385,0.013677,0.0,0.0068385,0.0,0.0,0.0,0.0,0.0,0.0,0.0,0.0,0.0,0.0,0,0,0,0,0,0,0,0,0,0,0,0.5,98.33333333333331,0,0,0,0,0,0,0,0,0,0,0.0,0.0,0.0,0.0,0.0,0.0,82.0,131.0,0,2,1,164,131,5
0.259807,4103.045722401629,53.88615395274184,30.792087972995336,23.094065979746503,8,6,497,569,93,54,62.125,12.673175411079892,286,54,94.83333333333331,85.60065550112465,286,54,76.14285714285714,59.11110258639736,3494.1224489795923,160,120,20,2,0.0199851538461538,0.198409,0.0,0.0526759607131493,0.259807,0.242848,0.0,0.0371152857142857,0.0840453385972022,0.255101,0.198409,0.0,0.0510202,0.0761189402485347,2,2,0,0,2,3,0,4,12,0,0,0.75,76.14285714285714,65535,65535,0,0,0,0,0,0,0,0,0.0,0.0,0.0,0.0,0.0,0.0,62.125,94.83333333333331,0,8,6,497,569,1
5.101526,1444.665772555114,4.900494479494959,2.5482571293373786,2.3522373501575804,13,12,2348,5022,1098,40,180.6153846153846,297.345832960037,1747,40,418.5,591.5605773432394,1747,40,294.8,477.5701833238755,228073.28000000003,260,240,20,5,0.2125635833333332,4.749299,0.0,0.9464559530570223,5.101422,4.749299,0.0,0.4251184999999999,1.304422494995742,5.084722999999999,4.796656,0.000129,0.4622475454545454,1.371211580503525,5,4,0,0,0,3,2,9,23,0,0,0.9230769230769232,294.8,65535,4096,0,0,0,0,0,0,0,0,0.0,0.0,0.0,0.0,0.0,0.0,180.6153846153846,418.5,0,13,12,2348,5022,1
0.028763,9943.32997253416,104.3006640475611,69.5337760317074,34.7668880158537,2,1,172,114,86,86,86.0,0.0,114,114,114.0,0.0,114,86,95.33333333333331,13.199326582148888,174.22222222222226,40,20,20,2,0.0143815,0.028763,0.0,0.0143815,0.0,0.0,0.0,0.0,0.0,0.0,0.0,0.0,0.0,0.0,0,0,0,0,0,0,0,0,0,0,0,0.5,95.33333333333331,0,0,0,0,0,0,0,0,0,0,0.0,0.0,0.0,0.0,0.0,0.0,86.0,114.0,0,2,1,172,114,0
3.999779,2236.623573452433,1.7500966928422794,1.7500966928422794,0.0,7,0,8946,0,1278,1278,1278.0,0.0,0,0,0.0,0.0,1278,1278,1278.0,0.0,0.0,140,0,20,7,0.6666298333333333,1.895845,0.0,0.6863251957338729,3.999779,1.895845,0.0,0.6666298333333333,0.6863251957338729,0.0,0.0,0.0,0.0,0.0,0,0,0,0,0,0,0,0,0,0,0,0.0,1278.0,0,0,0,0,0,0,0,0,0,0,5000.0,4.0,0.0,0.0,5552.353698256228,0.0,1278.0,0.0,0,7,0,8946,0,4
0.01648,17900.485436893203,182.0388349514563,121.35922330097088,60.67961165048544,2,1,164,131,82,82,82.0,0.0,131,131,131.0,0.0,131,82,98.33333333333331,23.098821518760552,533.5555555555555,40,20,20,2,0.00824,0.01648,0.0,0.00824,0.0,0.0,0.0,0.0,0.0,0.0,0.0,0.0,0.0,0.0,0,0,0,0,0,0,0,0,0,0,0,0.5,98.33333333333331,0,0,0,0,0,0,0,0,0,0,0.0,0.0,0.0,0.0,0.0,0.0,82.0,131.0,0,2,1,164,131,5
29.886489,395.6302796223404,1.2045576849124031,0.5688189067641903,0.6357387781482127,17,19,3407,8417,1873,40,200.41176470588235,434.21126043105,2885,40,443.0,738.8670559145194,2885,40,328.44444444444446,625.9602154754124,391826.1913580247,340,380,20,8,0.8538996857142857,29.44868,0.0,4.9040804236891535,29.846310000000003,29.448785,0.0,1.865394375,7.1221549112670495,29.856675,29.448914,0.000137,1.6587041666666666,6.740259402957758,8,7,0,0,2,3,0,15,34,0,0,1.1176470588235294,328.44444444444446,65535,4096,0,0,0,0,0,0,0,0,0.0,0.0,0.0,0.0,0.0,0.0,200.41176470588235,443.0,0,17,19,3407,8417,4
69.649821,273.9131231938126,1.1342455567832683,0.5312289316579866,0.6030166251252821,37,42,10851,8227,1294,73,293.27027027027026,409.8844035228449,1294,66,195.8809523809524,322.5796470405523,1294,66,241.493670886076,369.2823307895465,136369.43983336003,740,840,20,37,0.8929464230769231,20.311693,0.0,3.382927252654236,69.649821,20.311693,0.0,1.93471725,4.780132769793593,69.597081,20.364335,0.0,1.6974897804878049,4.538899929750898,0,0,0,0,0,0,0,0,0,0,0,1.135135135135135,241.493670886076,0,0,0,0,0,0,0,0,0,0,0.0,0.0,4767.0,7.0,0.0,2105565.371024735,293.27027027027026,195.8809523809524,0,37,42,10851,8227,2
0.05444,4426.8919911829535,55.106539309331374,36.73769287288758,18.36884643644379,2,1,150,91,75,75,75.0,0.0,91,91,91.0,0.0,91,75,80.33333333333333,7.542472332656507,56.88888888888889,40,20,20,2,0.02722,0.05444,0.0,0.02722,0.0,0.0,0.0,0.0,0.0,0.0,0.0,0.0,0.0,0.0,0,0,0,0,0,0,0,0,0,0,0,0.5,80.33333333333333,0,0,0,0,0,0,0,0,0,0,0.0,0.0,0.0,0.0,0.0,0.0,75.0,91.0,0,2,1,150,91,4
0.145256,6705.402874924272,96.38156083053369,55.07517761744782,41.306383213085866,8,6,499,475,95,54,62.375,13.284742187938765,192,54,79.16666666666667,50.64390936287951,192,54,69.57142857142857,35.624458463481616,1269.102040816327,160,120,20,2,0.0111735384615384,0.053438,0.0,0.0172835652243368,0.145256,0.107881,0.0,0.0207508571428571,0.035934198853812,0.130886,0.053438,0.0,0.0261772,0.0222401515318578,2,2,0,0,2,3,0,4,12,0,0,0.75,69.57142857142857,65535,65535,0,0,0,0,0,0,0,0,0.0,0.0,0.0,0.0,0.0,0.0,62.375,79.16666666666667,0,8,6,499,475,0
0.028051,13475.45542048412,106.9480588927311,71.2987059284874,35.6493529642437,2,1,160,218,80,80,80.0,0.0,218,218,218.0,0.0,218,80,126.0,65.05382386916237,4232.0,40,20,20,2,0.0140255,0.028051,0.0,0.0140255,0.0,0.0,0.0,0.0,0.0,0.0,0.0,0.0,0.0,0.0,0,0,0,0,0,0,0,0,0,0,0,0.5,126.0,0,0,0,0,0,0,0,0,0,0,0.0,0.0,0.0,0.0,0.0,0.0,80.0,218.0,0,2,1,160,218,0
0.145523,7916.274403358919,96.2047236519313,54.9741278011036,41.2305958508277,8,6,491,661,87,54,61.375,10.873563123466017,378,54,110.16666666666669,119.85604791674976,378,54,82.28571428571429,82.50578211030215,6807.2040816326535,160,120,20,2,0.0111940769230769,0.062531,0.0,0.0190913101716725,0.145523,0.125222,0.0,0.020789,0.0427800399518947,0.135056,0.062531,0.0,0.0270112,0.0245975058361615,2,2,0,0,2,3,0,4,12,0,0,0.75,82.28571428571429,65535,65535,0,0,0,0,0,0,0,0,0.0,0.0,0.0,0.0,0.0,0.0,61.375,110.16666666666669,0,8,6,491,661,1
120.143349,260.3972692654006,0.432816301799611,0.2497017125766986,0.1831145892229123,30,22,14425,16860,1372,92,480.8333333333333,490.207376752148,1372,92,766.3636363636364,422.7963775382946,1372,92,601.6346153846154,483.9047915275417,234163.8472633136,600,440,20,30,2.3557519411764707,58.972577,0.0,11.404435794521056,120.143349,59.339944,0.0,4.142874103448276,14.974505870026618,61.163505,59.322563,0.0,2.912547857142857,12.614440379115688,28,18,0,0,0,0,0,46,52,0,0,0.7333333333333333,601.6346153846154,255,126,0,0,0,0,0,0,0,0,2457.0,7.0,4190.5,4.5,79277.2444946358,132430.5533609329,480.8333333333333,766.3636363636364,0,30,22,14425,16860,2
76.623158,338.435541902358,0.7569513122912527,0.3654247714509496,0.3915265408403031,28,30,7411,18521,1278,58,264.67857142857144,416.92480082242207,1278,50,617.3666666666667,563.8719998565474,1278,50,447.1034482758621,528.6152922773695,279434.1272294887,560,600,20,28,1.3442659298245614,40.016731,0.0,6.192282318812686,76.580533,40.052548,0.0,2.8363160370370366,8.771886866962044,76.608324,40.109874,5.4e-05,2.641666344827586,8.50086987507001,0,0,0,0,0,0,0,0,0,0,0,1.0714285714285714,447.1034482758621,0,0,0,0,0,0,0,0,0,0,492.0,5.0,3724.75,4.5,39983.746444534736,744763.809047738,264.67857142857144,617.3666666666667,0,28,30,7411,18521,5
77.802406,391.6331327851223,0.7840374499472419,0.3727391155486887,0.4112983343985531,29,32,7790,22680,1278,40,268.62068965517244,357.1108601939878,4574,40,708.75,1196.3186500677818,4574,40,499.5081967213115,927.2116956883892,859721.5286213384,580,640,20,14,1.2967067666666665,55.341642,0.0,7.488439391363038,77.802406,55.341642,0.0,2.778657357142857,10.772622338585144,77.779015,55.382661,0.000125,2.509000483870968,10.278290343973692,14,17,0,0,0,3,0,31,59,0,0,1.103448275862069,499.5081967213115,65535,4096,0,0,0,0,0,0,0,0,1397.0,4.0,7115.0,4.0,1019708.0291970802,4079701.834862385,268.62068965517244,708.75,0,29,32,7790,22680,3
79.100282,72686.6688035322,64.13377894152134,7.471528356877412,56.66225058464393,591,4482,96099,5653437,1278,59,162.60406091370558,316.91290457588485,1278,49,1261.3647925033467,137.0698631413319,1278,49,1133.3601419278534,390.5906874988086,152561.085160792,11820,89640,20,591,0.0155954814668769,58.013108,0.0,0.8284302292273646,79.068854,58.021687,0.0,0.134015006779661,2.4260855036593965,79.083143,58.045147,1e-05,0.0176485478687792,0.8819185092148455,0,0,0,0,0,0,0,0,0,0,0,7.583756345177665,1133.3601419278534,0,0,0,0,0,0,0,0,0,0,1588.5384615384614,5.871794871794871,25389.957142857143,20.53333333333333,1382817.7313512787,4947596.348799681,162.60406091370558,1261.3647925033467,0,591,4482,96099,5653437,5
0.032261,9268.156597749605,92.99153777006292,61.99435851337529,30.997179256687645,2,1,166,133,83,83,83.0,0.0,133,133,133.0,0.0,133,83,99.66666666666669,23.570226039551585,555.5555555555555,40,20,20,2,0.0161305,0.032261,0.0,0.0161305,0.0,0.0,0.0,0.0,0.0,0.0,0.0,0.0,0.0,0.0,0,0,0,0,0,0,0,0,0,0,0,0.5,99.66666666666669,0,0,0,0,0,0,0,0,0,0,0.0,0.0,0.0,0.0,0.0,0.0,83.0,133.0,0,2,1,166,133,5
0.075234,136786.55926841588,172.79421538134355,79.75117632985086,93.04303905149268,6,7,3746,6545,1372,78,624.3333333333334,560.6605231530237,1372,125,935.0,530.2931803661604,1372,78,791.6153846153846,566.1157177796424,320487.0059171598,120,140,20,6,0.0062695,0.037747,0.0,0.0131877339252554,0.075234,0.039169,0.0,0.0150467999999999,0.018209543249626,0.035646,0.035547,0.0,0.005941,0.0132402550579662,4,5,0,0,0,0,0,9,13,0,0,1.1666666666666667,791.6153846153846,255,139,0,0,0,0,0,0,0,0,0.0,0.0,5917.0,5.0,0.0,59767676.76767677,624.3333333333334,935.0,0,6,7,3746,6545,2
1.366193,726.8372770172297,10.979415060683229,7.319610040455485,3.659805020227743,10,5,650,343,91,54,65.0,13.490737563232042,122,54,68.6,26.74023186137323,122,54,66.2,19.04100837665905,362.56000000000006,200,100,20,3,0.0975852142857142,1.010689,0.0,0.2590420269041241,1.366193,1.010689,0.0,0.1517992222222222,0.3112115164649198,0.341877,0.221036,0.005703,0.08546925,0.0811229582990382,3,2,0,0,2,4,0,5,12,0,0,0.5,66.2,65535,65535,0,0,0,0,0,0,0,0,0.0,0.0,0.0,0.0,0.0,0.0,65.0,68.6,0,10,5,650,343,1
0.130815,686771.3947177312,550.3955968352253,53.51068302564691,496.8849138095785,7,65,4141,85699,1372,85,591.5714285714286,525.5744767511499,1372,125,1318.446153846154,224.97323128074467,1372,85,1247.7777777777778,344.8490097218968,118920.83950617288,140,1300,20,7,0.0018424647887323,0.035051,0.0,0.0055309533901208,0.064605,0.03915,0.0,0.0107675,0.0156096419107977,0.095764,0.026918,0.0,0.0014963125,0.0042824484631859,5,24,0,0,0,0,0,29,72,0,0,9.285714285714286,1247.7777777777778,255,136,0,0,0,0,0,0,0,0,0.0,0.0,40969.5,31.5,0.0,1431774.1005434308,591.5714285714286,1318.446153846154,0,7,65,4141,85699,2
0.376661,2469.06369387858,37.16870076806465,23.89416477947013,13.274535988594518,9,5,586,344,92,54,65.11111111111111,14.609315479016534,123,54,68.8,27.13963890695674,123,54,66.42857142857143,20.08451530662468,403.3877551020408,180,100,20,3,0.028973923076923,0.223887,0.0,0.0613484413085946,0.3766609999999999,0.223887,0.0,0.047082625,0.0802427226356656,0.368383,0.226531,0.003045,0.09209575,0.0826886317016281,3,2,0,0,2,3,0,5,12,0,0,0.5555555555555556,66.42857142857143,65535,65535,0,0,0,0,0,0,0,0,0.0,0.0,0.0,0.0,0.0,0.0,65.11111111111111,68.8,0,9,5,586,344,1
0.036733,6043.612010998285,81.6704325810579,54.44695505403861,27.223477527019305,2,1,128,94,64,64,64.0,0.0,94,94,94.0,0.0,94,64,74.0,14.142135623730953,200.0,40,20,20,2,0.0183665,0.036733,0.0,0.0183665,0.0,0.0,0.0,0.0,0.0,0.0,0.0,0.0,0.0,0.0,0,0,0,0,0,0,0,0,0,0,0,0.5,74.0,0,0,0,0,0,0,0,0,0,0,0.0,0.0,0.0,0.0,0.0,0.0,64.0,94.0,0,2,1,128,94,4
10.838403,136768.02754058878,159.6176115614081,30.72408361268722,128.89352794872087,333,1397,56006,1426341,1278,59,168.18618618618618,310.8038713011554,1278,52,1021.0028632784538,423.2388766817415,1278,52,856.8479768786127,525.6349570784304,276292.1081028434,6660,27940,20,333,0.0062685962984384,4.031547,0.0,0.0975387289151197,10.838403,4.031547,0.0,0.0326457921686746,0.2211304305741287,10.804833,4.061464,1.3e-05,0.0077398517191977,0.1094230984812139,0,0,0,0,0,0,0,0,0,0,0,4.195195195195195,856.8479768786127,0,0,0,0,0,0,0,0,0,0,2370.3846153846152,4.076923076923077,10149.32456140351,9.798245614035087,706960.6313664311,1812226.0961635448,168.18618618618618,1021.0028632784538,0,333,1397,56006,1426341,5
3.999747,2236.641467572824,1.750110694501427,1.750110694501427,0.0,7,0,8946,0,1278,1278,1278.0,0.0,0,0,0.0,0.0,1278,1278,1278.0,0.0,0.0,140,0,20,7,0.6666245000000001,1.898891,0.0,0.6865283393637756,3.999747,1.898891,0.0,0.6666245000000001,0.6865283393637756,0.0,0.0,0.0,0.0,0.0,0,0,0,0,0,0,0,0,0,0,0,0.0,1278.0,0,0,0,0,0,0,0,0,0,0,5000.0,4.0,0.0,0.0,5553.235537153367,0.0,1278.0,0.0,0,7,0,8946,0,4
0.021519,12779.404247409266,139.4116826990102,92.94112179934012,46.47056089967006,2,1,140,135,70,70,70.0,0.0,135,135,135.0,0.0,135,70,91.66666666666669,30.641293851417057,938.8888888888888,40,20,20,2,0.0107595,0.021519,0.0,0.0107595,0.0,0.0,0.0,0.0,0.0,0.0,0.0,0.0,0.0,0.0,0,0,0,0,0,0,0,0,0,0,0,0.5,91.66666666666669,0,0,0,0,0,0,0,0,0,0,0.0,0.0,0.0,0.0,0.0,0.0,70.0,135.0,0,2,1,140,135,3
7.883985,2019.2833953895145,3.044145822195248,1.3952335018394886,1.6489123203557592,11,13,7759,8161,1294,73,705.3636363636364,568.700635856107,1294,68,627.7692307692307,547.65333698864,1294,68,663.3333333333334,558.7379131180876,312188.0555555556,220,260,20,11,0.3427819565217391,7.368013,0.0,1.498622554936757,7.827696,7.368013,0.0,0.7827696000000001,2.196168669926024,7.852678,7.427366,0.0,0.6543898333333333,2.0432035294666084,0,0,0,0,0,0,0,0,0,0,0,1.181818181818182,663.3333333333334,0,0,0,0,0,0,0,0,0,0,0.0,0.0,5408.0,5.0,0.0,501065.5054201797,705.3636363636364,627.7692307692307,0,11,13,7759,8161,2
71.749614,428.5458594941013,0.6132437172414614,0.3066218586207307,0.3066218586207307,22,22,13701,17047,2400,40,622.7727272727273,966.7993555033294,5880,40,774.8636363636364,1295.391842980148,5880,40,698.8181818181819,1145.4926544887153,1312153.421487603,440,440,20,8,1.6685956744186048,62.388173,0.0,9.399334373285638,9.361441,4.872613,0.0,0.4457829047619047,1.028539056061183,71.692881,62.391593,0.000105,3.4139467142857143,13.227601582493651,8,12,0,0,0,3,1,20,42,0,0,1.0,698.8181818181819,65535,4096,0,0,0,0,0,0,0,0,0.0,0.0,0.0,0.0,0.0,0.0,622.7727272727273,774.8636363636364,0,22,22,13701,17047,3
0.130144,4018.625522498156,23.05138923039095,15.367592820260631,7.6837964101303164,2,1,178,345,89,89,89.0,0.0,345,345,345.0,0.0,345,89,174.33333333333334,120.67955732250412,14563.555555555557,40,20,20,2,0.065072,0.130144,0.0,0.065072,0.0,0.0,0.0,0.0,0.0,0.0,0.0,0.0,0.0,0.0,0,0,0,0,0,0,0,0,0,0,0,0.5,174.33333333333334,0,0,0,0,0,0,0,0,0,0,0.0,0.0,0.0,0.0,0.0,0.0,89.0,345.0,0,2,1,178,345,4
0.20742,523421.0780059782,433.9022273647672,43.39022273647672,390.5120046282904,9,81,4451,104117,1372,85,494.55555555555554,495.6156914185092,1372,85,1285.3950617283951,288.70360207686474,1372,85,1206.3111111111111,394.7996016108664,155866.7254320988,180,1620,20,9,0.0023305617977528,0.048462,0.0,0.0085148054045669,0.170986,0.093198,0.0,0.02137325,0.0321451746485767,0.159006,0.085587,0.0,0.0019875749999999,0.0100545563474663,7,42,0,0,0,0,0,49,90,0,0,9.0,1206.3111111111111,255,139,0,0,0,0,0,0,0,0,0.0,0.0,33167.333333333336,26.33333333333333,0.0,2623997.8902953584,494.55555555555554,1285.3950617283951,0,9,81,4451,104117,2
0.038665,6620.975042027674,77.5895512737618,51.7263675158412,25.8631837579206,2,1,160,96,80,80,80.0,0.0,96,96,96.0,0.0,96,80,85.33333333333333,7.542472332656507,56.88888888888889,40,20,20,2,0.0193325,0.038665,0.0,0.0193325,0.0,0.0,0.0,0.0,0.0,0.0,0.0,0.0,0.0,0.0,0,0,0,0,0,0,0,0,0,0,0,0.5,85.33333333333333,0,0,0,0,0,0,0,0,0,0,0.0,0.0,0.0,0.0,0.0,0.0,80.0,96.0,0,2,1,160,96,1
0.314349,2913.9586892275784,44.53648651657871,25.449420866616403,19.087065649962305,8,6,490,426,86,54,61.25,10.580051984749414,143,54,71.0,32.48589437484111,143,54,65.42857142857143,23.227798265115403,539.5306122448981,160,120,20,2,0.0241806923076923,0.237242,0.0,0.0627833640512965,0.314349,0.289865,0.0,0.0449069999999999,0.1000815653654557,0.308704,0.237242,0.0,0.0617408,0.0902428820049537,2,2,0,0,2,3,0,4,12,0,0,0.75,65.42857142857143,65535,65535,0,0,0,0,0,0,0,0,0.0,0.0,0.0,0.0,0.0,0.0,61.25,71.0,0,8,6,490,426,0
8.685598,722.2300640669761,1.266464324045391,0.5756656018388141,0.6907987222065769,5,6,1821,4452,723,78,364.2,294.2307937657104,1372,104,742.0,601.3895021808522,1372,78,570.2727272727273,521.5489327533883,272013.28925619833,100,120,20,5,0.8685598000000001,7.350244,0.0,2.166377742360634,8.384397,7.675636,0.0,2.09609925,3.2342928056460325,8.361671,7.350244,0.0,1.6723342,2.850486651076858,5,4,0,0,1,0,0,9,11,0,0,1.2,570.2727272727273,255,497,0,0,0,0,0,0,0,0,0.0,0.0,0.0,0.0,0.0,0.0,364.2,742.0,0,5,6,1821,4452,2
0.020858,18122.542909195512,143.8297056285358,95.88647041902388,47.94323520951193,2,1,160,218,80,80,80.0,0.0,218,218,218.0,0.0,218,80,126.0,65.05382386916237,4232.0,40,20,20,2,0.010429,0.020858,0.0,0.010429,0.0,0.0,0.0,0.0,0.0,0.0,0.0,0.0,0.0,0.0,0,0,0,0,0,0,0,0,0,0,0,0.5,126.0,0,0,0,0,0,0,0,0,0,0,0.0,0.0,0.0,0.0,0.0,0.0,80.0,218.0,0,2,1,160,218,0
0.074263,4376.338149549574,40.39696753430376,26.93131168953584,13.46565584476792,2,1,132,193,66,66,66.0,0.0,193,193,193.0,0.0,193,66,108.33333333333331,59.86837414046102,3584.222222222222,40,20,20,2,0.0371315,0.074263,0.0,0.0371315,0.0,0.0,0.0,0.0,0.0,0.0,0.0,0.0,0.0,0.0,0,0,0,0,0,0,0,0,0,0,0,0.5,108.33333333333331,0,0,0,0,0,0,0,0,0,0,0.0,0.0,0.0,0.0,0.0,0.0,66.0,193.0,0,2,1,132,193,4
0.06477,4616.334722865525,46.31773969430292,30.878493129535283,15.43924656476764,2,1,166,133,83,83,83.0,0.0,133,133,133.0,0.0,133,83,99.66666666666669,23.570226039551585,555.5555555555555,40,20,20,2,0.032385,0.06477,0.0,0.032385,0.0,0.0,0.0,0.0,0.0,0.0,0.0,0.0,0.0,0.0,0,0,0,0,0,0,0,0,0,0,0,0.5,99.66666666666669,0,0,0,0,0,0,0,0,0,0,0.0,0.0,0.0,0.0,0.0,0.0,83.0,133.0,0,2,1,166,133,5
0.438775,6142.1001652327495,22.790724175260667,15.953506922682468,6.8372172525782,7,3,1298,1397,302,54,185.42857142857144,114.0950194766965,475,455,465.6666666666667,8.219218670625303,475,54,269.5,160.07701271575505,25624.65,140,60,20,4,0.0487527777777777,0.207996,0.0,0.0623883133728278,0.438775,0.208185,0.0,0.0731291666666666,0.0724782323446533,0.087805,0.06894,0.018865,0.0439025,0.0250375,4,3,0,0,0,0,0,7,10,0,0,0.4285714285714285,269.5,251,76,0,0,0,0,0,0,0,0,0.0,0.0,0.0,0.0,0.0,0.0,185.42857142857144,465.6666666666667,0,7,3,1298,1397,1
0.019019,15510.804984489194,157.736999842263,105.157999894842,52.578999947421,2,1,164,131,82,82,82.0,0.0,131,131,131.0,0.0,131,82,98.33333333333331,23.098821518760552,533.5555555555555,40,20,20,2,0.0095095,0.019019,0.0,0.0095095,0.0,0.0,0.0,0.0,0.0,0.0,0.0,0.0,0.0,0.0,0,0,0,0,0,0,0,0,0,0,0,0.5,98.33333333333331,0,0,0,0,0,0,0,0,0,0,0.0,0.0,0.0,0.0,0.0,0.0,82.0,131.0,0,2,1,164,131,5
29.82084,486.170074350689,0.77127270727451,0.4024031516214835,0.3688695556530265,12,11,2381,12117,1827,40,198.41666666666663,491.4684558092773,2840,40,1101.5454545454545,1106.5220996549474,2840,40,630.3478260869565,956.6215738413764,915124.8355387524,240,220,20,2,1.3554927272727273,27.782119,0.0,5.769364201650222,29.404595,27.782119,0.0,2.673145,7.942757022839145,29.422556,27.823182,0.00043,2.9422556,8.296136925008051,2,6,0,0,2,3,0,8,21,0,0,0.9166666666666666,630.3478260869565,65535,4096,0,0,0,0,0,0,0,0,0.0,0.0,10713.0,5.0,0.0,15578.421421529136,198.41666666666663,1101.5454545454545,0,12,11,2381,12117,4
0.036766,10498.830441168471,81.5971277811021,54.398085187401406,27.199042593700703,2,1,158,228,79,79,79.0,0.0,228,228,228.0,0.0,228,79,128.66666666666666,70.23927359786371,4933.555555555556,40,20,20,2,0.018383,0.036766,0.0,0.018383,0.0,0.0,0.0,0.0,0.0,0.0,0.0,0.0,0.0,0.0,0,0,0,0,0,0,0,0,0,0,0,0.5,128.66666666666666,0,0,0,0,0,0,0,0,0,0,0.0,0.0,0.0,0.0,0.0,0.0,79.0,228.0,0,2,1,158,228,3
0.141317,7033.831739988819,99.06805267589888,56.61031581479935,42.45773686109951,8,6,512,482,108,54,64.0,17.349351572897472,199,54,80.33333333333333,53.24367463735847,199,54,71.0,38.10886660982867,1452.2857142857142,160,120,20,2,0.0108705384615384,0.077766,0.0,0.0225631020665134,0.141317,0.128137,0.0,0.0201881428571428,0.0441145108663758,0.136648,0.077766,0.0,0.0273296,0.0307896812234228,2,2,0,0,2,3,0,4,12,0,0,0.75,71.0,65535,65535,0,0,0,0,0,0,0,0,0.0,0.0,0.0,0.0,0.0,0.0,64.0,80.33333333333333,0,8,6,512,482,0
0.386556,2444.6651972806008,36.21726218193483,20.69557838967705,15.521683792257784,8,6,492,453,88,54,61.5,11.169153951844338,170,54,75.5,42.48038763162753,170,54,67.5,29.87772701241799,892.6785714285714,160,120,20,2,0.0297350769230769,0.322659,0.0,0.0855223602947129,0.386556,0.373855,0.0,0.0552222857142857,0.130094236784301,0.382681,0.322659,0.0,0.0765362,0.1246454440970868,2,2,0,0,2,3,0,4,12,0,0,0.75,67.5,65535,65535,0,0,0,0,0,0,0,0,0.0,0.0,0.0,0.0,0.0,0.0,61.5,75.5,0,8,6,492,453,1
24.910892,159435.31849441602,133.71660878301748,8.470190469293511,125.24641831372396,211,3120,36148,3935528,1278,59,171.3175355450237,327.2270667283097,1278,49,1261.3871794871795,135.7130531096858,1278,49,1192.3374362053437,307.46589031648256,94535.27370810728,4220,62400,20,211,0.0074807483483483,18.864828,0.0,0.3336047731113141,24.910892,18.872526,0.0,0.1186232952380952,1.3240088714611171,24.895893,18.889041,1.1e-05,0.0079820112215453,0.3452475516518546,0,0,0,0,0,0,0,0,0,0,0,14.786729857819903,1192.3374362053437,0,0,0,0,0,0,0,0,0,0,3425.6666666666665,5.666666666666667,30811.71544715447,24.82926829268293,870231.5932088572,9393862.253927492,171.3175355450237,1261.3871794871795,0,211,3120,36148,3935528,5
0.43253,2376.7137539592627,32.36769703835572,20.80780523894296,11.559891799412757,9,5,598,430,98,54,66.44444444444444,16.990919869880244,209,54,86.0,61.51747719144536,209,54,73.42857142857143,40.31078247409084,1624.9591836734694,180,100,20,3,0.0332715384615384,0.208762,0.0,0.0658719072274894,0.43253,0.214126,0.0,0.05406625,0.0908809383297042,0.430481,0.215246,0.00388,0.1076202499999999,0.0828747574849392,3,2,0,0,2,3,0,5,12,0,0,0.5555555555555556,73.42857142857143,65535,65535,0,0,0,0,0,0,0,0,0.0,0.0,0.0,0.0,0.0,0.0,66.44444444444444,86.0,0,9,5,598,430,1
0.379673,3200.122210428448,36.8738361695459,21.0707635254548,15.8030726440911,8,6,485,730,81,54,60.625,9.150648884095595,447,54,121.66666666666669,145.55716708183382,447,54,86.78571428571429,100.20206625430762,10040.454081632652,160,120,20,2,0.0292056153846153,0.323253,0.0,0.0855296635043057,0.379673,0.366256,0.0,0.054239,0.1273983209196371,0.374094,0.323253,0.0,0.0748188,0.1253096459980635,2,2,0,0,2,3,0,4,12,0,0,0.75,86.78571428571429,65535,65535,0,0,0,0,0,0,0,0,0.0,0.0,0.0,0.0,0.0,0.0,60.625,121.66666666666669,0,8,6,485,730,3
4.209715,4239.954486230065,7.601464707230774,3.800732353615387,3.800732353615387,16,16,4734,13115,1401,40,295.875,460.7686343220424,4240,40,819.6875,1169.3625784348285,4240,40,557.78125,926.5274798398792,858453.1708984375,320,320,20,6,0.1357972580645161,3.374492,0.0,0.5954307638421202,4.191516,3.374492,0.0,0.2794344,0.8327644327682588,3.882312,3.427349,4.1e-05,0.2588207999999999,0.8488125884800247,6,7,0,0,2,3,0,13,30,0,0,1.0,557.78125,65535,4096,0,0,0,0,0,0,0,0,0.0,0.0,9405.0,4.0,0.0,345746.6362767444,295.875,819.6875,0,16,16,4734,13115,4
111.235439,87.4811129212157,0.1887887546342133,0.0988893476655402,0.0898994069686729,11,10,2267,7464,1064,54,206.0909090909091,314.03834581883166,1372,54,746.4,596.1768529555638,1372,54,463.3809523809524,541.9658639918443,293726.99773242633,220,200,20,3,5.56177195,110.092538,0.0,23.98126365673744,111.235439,110.092538,0.0,11.1235439,32.98992917605114,110.958366,110.372172,0.0,12.328707333333334,34.66379882517358,3,3,0,0,2,3,0,6,19,0,0,0.9090909090909092,463.3809523809524,65535,65535,0,0,0,0,0,0,0,0,0.0,0.0,6363.0,5.0,0.0,0.0,206.0909090909091,746.4,0,11,10,2267,7464,0
1.609867,447142.5279231142,361.520547970733,60.87459398819903,300.645953982534,98,484,14042,705798,1292,88,143.28571428571428,239.595236912215,1494,85,1458.2603305785124,152.38280416388656,1494,85,1236.8384879725086,520.6854008214957,271113.2866286416,1960,9680,20,98,0.0027708554216867,0.2197,0.0,0.0156532235086954,1.397484,0.220295,0.0,0.0144070515463917,0.0336480500739767,1.390135,0.220742,0.0,0.0028781262939958,0.0148706656500773,0,0,0,0,0,0,0,0,0,0,0,4.938775510204081,1236.8384879725086,0,0,0,0,0,0,0,0,0,0,1077.0,5.5,13860.833333333334,9.666666666666666,1104049.2055356228,1641875.8654922764,143.28571428571428,1458.2603305785124,0,98,484,14042,705798,0
59.863079,167.2149205689871,0.3173909581229525,0.1670478726962908,0.1503430854266617,10,9,2023,7987,1042,40,202.3,318.2414335060726,3269,40,887.4444444444445,1194.8541622875164,3269,40,526.8421052631579,920.1100199179784,846602.4487534626,200,180,20,3,3.325726611111111,59.207869,0.0,13.553837672920626,0.65521,0.478142,0.0,0.0728011111111111,0.1451784124290939,59.83548,59.208073,0.000957,7.479435,19.552295589400355,3,3,0,0,0,3,1,6,17,0,0,0.9,526.8421052631579,65535,4096,0,0,0,0,0,0,0,0,0.0,0.0,0.0,0.0,0.0,0.0,202.3,887.4444444444445,0,10,9,2023,7987,4
0.025987,14237.88817485666,115.44233655289185,76.96155770192789,38.48077885096394,2,1,158,212,79,79,79.0,0.0,212,212,212.0,0.0,212,79,123.33333333333331,62.69680126520721,3930.8888888888887,40,20,20,2,0.0129935,0.025987,0.0,0.0129935,0.0,0.0,0.0,0.0,0.0,0.0,0.0,0.0,0.0,0.0,0,0,0,0,0,0,0,0,0,0,0,0.5,123.33333333333331,0,0,0,0,0,0,0,0,0,0,0.0,0.0,0.0,0.0,0.0,0.0,79.0,212.0,0,2,1,158,212,0
19.295686,1317.8075140733529,2.4876026693220443,1.4511015571045258,1.0365011122175185,28,20,18937,6491,1294,71,676.3214285714286,582.991733191293,1294,66,324.55,432.1323263770023,1294,66,529.75,553.3055778681434,306147.0625,560,400,20,28,0.4105465106382979,7.363381,0.0,1.4371664273262943,19.295686,7.417694,0.0,0.714655037037037,1.8513922877041904,17.77983,7.413482,0.0,0.9357805263157896,2.16854495721584,0,0,0,0,0,0,0,0,0,0,0,0.7142857142857143,529.75,0,0,0,0,0,0,0,0,0,0,14212.0,12.0,4770.0,7.0,18559.824483506152,0.0,676.3214285714286,324.55,0,28,20,18937,6491,2
12.708505,322645.50393614353,273.20286689897824,20.301365109428684,252.9015017895496,258,3214,36021,4064321,1278,59,139.61627906976744,276.61814983884045,1278,49,1264.5678282514002,121.1731812781122,1278,49,1180.974078341014,326.0809715688909,106328.80001931184,5160,64280,20,258,0.0036613382310573,8.188416,0.0,0.153210036817892,12.708505,8.188416,0.0,0.0494494357976653,0.5610522841589486,12.69267,8.20115,1e-05,0.003950410830999,0.1595144999729498,0,0,0,0,0,0,0,0,0,0,0,12.457364341085272,1180.974078341014,0,0,0,0,0,0,0,0,0,0,1616.3333333333333,5.666666666666667,27881.67142857143,22.492857142857144,869983.8526403924,9783434.92470876,139.61627906976744,1264.5678282514002,0,258,3214,36021,4064321,5
0.133715,7358.935048423887,104.7002954044049,59.82874023108851,44.87155517331638,8,6,492,492,88,54,61.5,11.169153951844338,217,54,82.0,60.390396587537,217,54,70.28571428571429,41.679780249332566,1737.204081632653,160,120,20,2,0.0102857692307692,0.077442,0.0,0.0225561497776748,0.133715,0.124067,0.0,0.0191021428571428,0.0428780125086725,0.129719,0.077442,0.0,0.0259438,0.0309456564086141,2,2,0,0,2,3,0,4,12,0,0,0.75,70.28571428571429,65535,65535,0,0,0,0,0,0,0,0,0.0,0.0,0.0,0.0,0.0,0.0,61.5,82.0,0,8,6,492,492,1
0.018179,21728.36789702404,165.02557896473954,110.01705264315969,55.00852632157984,2,1,146,249,73,73,73.0,0.0,249,249,249.0,0.0,249,73,131.66666666666666,82.96719565922157,6883.555555555555,40,20,20,2,0.0090895,0.018179,0.0,0.0090895,0.0,0.0,0.0,0.0,0.0,0.0,0.0,0.0,0.0,0.0,0,0,0,0,0,0,0,0,0,0,0,0.5,131.66666666666666,0,0,0,0,0,0,0,0,0,0,0.0,0.0,0.0,0.0,0.0,0.0,73.0,249.0,0,2,1,146,249,0
0.125848,7667.9804208251235,111.2453118047168,63.56874960269532,47.67656220202149,8,6,512,453,108,54,64.0,17.349351572897472,170,54,75.5,42.48038763162753,170,54,68.92857142857143,31.269483722071552,977.7806122448976,160,120,20,2,0.0096806153846153,0.056999,0.0,0.0193213234796666,0.125848,0.113749,0.0,0.0179782857142857,0.0391432106965263,0.121156,0.056999,0.0,0.0242312,0.0264959906506626,2,2,0,0,2,3,0,4,12,0,0,0.75,68.92857142857143,65535,65535,0,0,0,0,0,0,0,0,0.0,0.0,0.0,0.0,0.0,0.0,64.0,75.5,0,8,6,512,453,0
0.131339,4065.814419174807,60.911077440821074,38.06942340051317,22.841654040307905,5,3,372,162,93,54,74.4,17.53396703544295,54,54,54.0,0.0,93,54,66.75,17.020208576865326,289.6875,100,60,20,3,0.0187627142857142,0.130149,0.0,0.0454740994404327,0.131339,0.130168,0.0,0.03283475,0.0561974114945475,0.001144,0.000841,0.000303,0.000572,0.000269,3,0,0,0,2,0,0,3,8,0,0,0.6,66.75,651,255,0,0,0,0,0,0,0,0,0.0,0.0,0.0,0.0,0.0,0.0,74.4,54.0,0,5,3,372,162,1
3.029479,100.347287437873,1.3203590452351708,0.990269283926378,0.3300897613087927,3,1,216,88,72,72,72.0,0.0,88,88,88.0,0.0,88,72,76.0,6.928203230275509,48.0,60,20,20,3,1.0098263333333335,3.004379,0.0,1.4103989406264534,3.004379,3.004379,0.0,1.5021895,1.5021895,0.0,0.0,0.0,0.0,0.0,0,0,0,0,0,0,0,0,0,0,0,0.3333333333333333,76.0,0,0,0,0,0,0,0,0,0,0,0.0,0.0,0.0,0.0,0.0,0.0,72.0,88.0,0,3,1,216,88,3
0.148831,6356.202672830257,94.06642433364016,53.752242476365815,40.31418185727436,8,6,491,455,87,54,61.375,10.873563123466017,172,54,75.83333333333333,43.22197229290779,172,54,67.57142857142857,30.32140753827304,919.3877551020408,160,120,20,2,0.0114485384615384,0.074568,0.0,0.0230080901076635,0.148831,0.133236,0.0,0.0212615714285714,0.0457768860697721,0.143017,0.074568,0.0,0.0286033999999999,0.0318007464918671,2,2,0,0,2,3,0,4,12,0,0,0.75,67.57142857142857,65535,65535,0,0,0,0,0,0,0,0,0.0,0.0,0.0,0.0,0.0,0.0,61.375,75.83333333333333,0,8,6,491,455,1
0.139903,6275.776788203255,100.0693337526715,57.182476430098,42.8868573225735,8,6,491,387,87,54,61.375,10.873563123466017,104,54,64.5,18.18195075709241,104,54,62.71428571428572,14.547599563543963,211.6326530612245,160,120,20,2,0.0107617692307692,0.079407,0.0,0.023239732959388,0.139903,0.129829,0.0,0.0199861428571428,0.0448694795519772,0.136224,0.079407,0.0,0.0272448,0.0318750017248627,2,2,0,0,2,3,0,4,12,0,0,0.75,62.71428571428572,65535,65535,0,0,0,0,0,0,0,0,0.0,0.0,0.0,0.0,0.0,0.0,61.375,64.5,0,8,6,491,387,0
94.632773,413.5353827156687,1.9971939319584344,1.0672835297767296,0.9299104021817052,101,88,9250,29884,846,50,91.5841584158416,132.8897605608329,1278,61,339.59090909090907,441.46799627553656,1278,50,207.05820105820104,339.83167604154886,115485.56804120824,2020,1760,20,101,0.5033658138297873,27.636571,0.0,2.607495951753505,94.632773,27.700727,0.0,0.9463277299999998,3.5311649592446623,94.573075,27.636571,0.000171,1.08704683908046,3.758703680678241,0,0,0,0,0,0,0,0,0,0,0,0.8712871287128713,207.05820105820104,0,0,0,0,0,0,0,0,0,0,200.5,4.0,3277.333333333333,4.0,51278.77237851662,116510.83697725952,91.5841584158416,339.59090909090907,0,101,88,9250,29884,5
3.020265,87.40954849988329,1.32438709848308,1.32438709848308,0.0,4,0,264,0,66,66,66.0,0.0,0,0,0.0,0.0,66,66,66.0,0.0,0.0,80,0,20,0,1.006755,2.011509,0.0,0.8211963294572134,3.020265,2.011509,0.0,1.006755,0.8211963294572134,0.0,0.0,0.0,0.0,0.0,0,0,0,0,0,4,0,0,0,0,0,0.0,66.0,65535,0,0,0,0,0,0,0,0,0,0.0,0.0,0.0,0.0,0.0,0.0,66.0,0.0,0,4,0,264,0,1
13.673156,975.9999812771828,3.071712192854378,1.60899210101896,1.4627200918354182,22,20,4627,8718,1372,54,210.3181818181818,292.78589545692324,1372,54,435.9,494.0844968221529,1372,54,317.73809523809524,416.94501518978495,173843.14569161,440,400,20,11,0.3334916097560975,10.045796,0.0,1.569452733249534,13.673156,10.045796,0.0,0.6511026666666666,2.1559625811863583,13.574,10.219417,0.0,0.714421052631579,2.2962571365656506,10,9,0,0,2,3,0,19,40,0,0,0.9090909090909092,317.73809523809524,65535,28400,0,0,0,0,0,0,0,0,0.0,0.0,5158.0,5.0,0.0,828328.247952465,210.3181818181818,435.9,0,22,20,4627,8718,1
25.675804,536.4973186428748,1.2073623867825132,0.5842076065076677,0.6231547802748455,15,16,5370,8405,1911,40,358.0,613.2280706773514,5808,40,525.3125,1391.2146095566095,5808,40,444.35483870967744,1089.9112585476144,1187906.5515088448,300,320,20,9,0.8558601333333333,25.259709,0.0,4.5317844071676205,25.639049,25.260141,0.0,1.831360642857143,6.498123057052658,25.646607,25.259801,0.00049,1.7097738,6.29412927817284,9,5,0,0,2,3,0,14,29,0,0,1.0666666666666669,444.35483870967744,65535,4096,0,0,0,0,0,0,0,0,0.0,0.0,0.0,0.0,0.0,0.0,358.0,525.3125,0,15,16,5370,8405,4
0.161974,25183.05407040636,135.82426809240988,67.91213404620494,67.91213404620494,11,11,1114,2965,175,59,101.27272727272728,52.0054034064834,882,50,269.54545454545456,355.4567774865983,882,50,185.4090909090909,267.592916588359,71605.96900826445,220,220,20,11,0.0077130476190476,0.046653,0.0,0.0123429179789799,0.123906,0.049669,0.0,0.0123906,0.0184233258300449,0.131729,0.048505,0.000112,0.0131728999999999,0.0163646888357218,0,0,0,0,0,0,0,0,0,0,0,1.0,185.4090909090909,0,0,0,0,0,0,0,0,0,0,140.0,4.0,1704.0,4.0,9525.105456524696,2932874.354561101,101.27272727272728,269.54545454545456,0,11,11,1114,2965,5
0.014533,13899.40136241657,206.4267529071768,137.61783527145118,68.80891763572559,2,1,124,78,62,62,62.0,0.0,78,78,78.0,0.0,78,62,67.33333333333333,7.542472332656507,56.88888888888889,40,20,20,2,0.0072665,0.014533,0.0,0.0072665,0.0,0.0,0.0,0.0,0.0,0.0,0.0,0.0,0.0,0.0,0,0,0,0,0,0,0,0,0,0,0,0.5,67.33333333333333,0,0,0,0,0,0,0,0,0,0,0.0,0.0,0.0,0.0,0.0,0.0,62.0,78.0,0,2,1,124,78,5
0.020266,23586.3021809928,148.03118523635646,98.68745682423764,49.34372841211882,2,1,148,330,74,74,74.0,0.0,330,330,330.0,0.0,330,74,159.33333333333334,120.67955732250412,14563.555555555557,40,20,20,2,0.010133,0.020266,0.0,0.010133,0.0,0.0,0.0,0.0,0.0,0.0,0.0,0.0,0.0,0.0,0,0,0,0,0,0,0,0,0,0,0,0.5,159.33333333333334,0,0,0,0,0,0,0,0,0,0,0.0,0.0,0.0,0.0,0.0,0.0,74.0,330.0,0,2,1,148,330,5
0.043142,6258.40248481758,115.89634231143664,69.53780538686199,46.35853692457466,3,2,162,108,54,54,54.0,0.0,54,54,54.0,0.0,54,54,54.0,0.0,0.0,60,40,20,0,0.0107855,0.043084,0.0,0.0186475627026697,0.043142,0.043142,0.0,0.021571,0.021571,0.0,0.0,0.0,0.0,0.0,0,0,0,0,3,0,0,0,5,0,0,0.6666666666666666,54.0,252,16383,0,0,0,0,0,0,0,0,0.0,0.0,0.0,0.0,0.0,0.0,54.0,54.0,0,3,2,162,108,3
0.082724,4690.295440259175,36.26517092983898,24.176780619892654,12.088390309946329,2,1,248,140,124,124,124.0,0.0,140,140,140.0,0.0,140,124,129.33333333333334,7.542472332656507,56.888888888888886,40,20,20,2,0.041362,0.082724,0.0,0.041362,0.0,0.0,0.0,0.0,0.0,0.0,0.0,0.0,0.0,0.0,0,0,0,0,0,0,0,0,0,0,0,0.5,129.33333333333334,0,0,0,0,0,0,0,0,0,0,0.0,0.0,0.0,0.0,0.0,0.0,124.0,140.0,0,2,1,248,140,3
63.094703,1721.7293185451715,1.854355348974382,0.9034038879618784,0.9509514610125036,57,60,4794,103838,1801,40,84.10526315789474,238.2314725927342,10000,40,1730.6333333333334,1511.2294439370291,10000,40,928.4786324786324,1369.7278761387731,1876154.4546716344,1140,1200,20,6,0.5439198534482759,62.55569,0.0,5.782652169649567,0.538632,0.117204,0.0,0.0096184285714285,0.0240172068115884,63.000272,62.55569,0.000179,1.067801220338983,8.073782050941103,6,50,0,0,0,3,1,56,115,0,0,1.0526315789473684,928.4786324786324,65535,4096,0,0,0,0,0,0,0,0,0.0,0.0,80244.0,47.0,0.0,406642.5787881399,84.10526315789474,1730.6333333333334,0,57,60,4794,103838,4
0.039632,7191.158659668954,75.69640694388373,50.46427129592249,25.232135647961243,2,1,152,133,76,76,76.0,0.0,133,133,133.0,0.0,133,76,95.0,26.87005768508881,722.0,40,20,20,2,0.019816,0.039632,0.0,0.019816,0.0,0.0,0.0,0.0,0.0,0.0,0.0,0.0,0.0,0.0,0,0,0,0,0,0,0,0,0,0,0,0.5,95.0,0,0,0,0,0,0,0,0,0,0,0.0,0.0,0.0,0.0,0.0,0.0,76.0,133.0,0,2,1,152,133,1
0.044338,7442.8255672335235,67.66205061121386,45.10803374080923,22.554016870404617,2,1,182,148,91,91,91.0,0.0,148,148,148.0,0.0,148,91,110.0,26.87005768508881,722.0,40,20,20,2,0.022169,0.044338,0.0,0.022169,0.0,0.0,0.0,0.0,0.0,0.0,0.0,0.0,0.0,0.0,0,0,0,0,0,0,0,0,0,0,0,0.5,110.0,0,0,0,0,0,0,0,0,0,0,0.0,0.0,0.0,0.0,0.0,0.0,91.0,148.0,0,2,1,182,148,1
0.009267,38307.97453329017,323.7293622531564,215.8195748354376,107.9097874177188,2,1,156,199,78,78,78.0,0.0,199,199,199.0,0.0,199,78,118.33333333333331,57.03994701571484,3253.555555555556,40,20,20,2,0.0046335,0.009267,0.0,0.0046335,0.0,0.0,0.0,0.0,0.0,0.0,0.0,0.0,0.0,0.0,0,0,0,0,0,0,0,0,0,0,0,0.5,118.33333333333331,0,0,0,0,0,0,0,0,0,0,0.0,0.0,0.0,0.0,0.0,0.0,78.0,199.0,0,2,1,156,199,3
119.983249,4.942356578458715,0.0833449675962683,0.0416724837981341,0.0416724837981341,5,5,311,282,77,40,62.2,18.12622409659552,81,40,56.4,20.08581589082206,81,40,59.3,19.34967699988813,374.41,100,100,20,3,13.331472111111111,60.001333,0.0,24.844687407062384,60.362324,60.001333,0.0,15.090581000000002,25.929341887068144,119.98265,60.001917,0.163724,29.9956625,29.816250322251257,3,2,0,0,0,0,1,5,10,0,0,1.0,59.3,78,4095,0,0,0,0,0,0,0,0,0.0,0.0,0.0,0.0,0.0,0.0,62.2,56.4,0,5,5,311,282,4
0.031029,13116.761739018337,96.68374746205164,64.45583164136775,32.22791582068388,2,1,132,275,66,66,66.0,0.0,275,275,275.0,0.0,275,66,135.66666666666666,98.52354484532562,9706.888888888889,40,20,20,2,0.0155145,0.031029,0.0,0.0155145,0.0,0.0,0.0,0.0,0.0,0.0,0.0,0.0,0.0,0.0,0,0,0,0,0,0,0,0,0,0,0,0.5,135.66666666666666,0,0,0,0,0,0,0,0,0,0,0.0,0.0,0.0,0.0,0.0,0.0,66.0,275.0,0,2,1,132,275,5
0.191259,40128.8305386936,67.97065758996962,36.59958485613749,31.371072733832133,7,6,2056,5619,1776,40,293.7142857142857,605.203558266783,2840,40,936.5,1266.7432981205518,2840,40,590.3846153846154,1020.0527541758686,1040507.6213017752,140,120,20,1,0.01593825,0.076449,0.0,0.0246595189670743,0.191235,0.076613,0.0,0.0318725,0.026803453078226,0.16243,0.076449,0.000144,0.032486,0.0291954300259475,1,2,0,0,1,3,2,3,10,0,0,0.8571428571428571,590.3846153846154,65535,4096,0,0,0,0,0,0,0,0,0.0,0.0,0.0,0.0,0.0,0.0,293.7142857142857,936.5,0,7,6,2056,5619,4
127.33861,40.62397100141112,0.3848008078618103,0.3848008078618103,0.0,49,0,5173,0,403,82,105.57142857142856,64.06629219736669,0,0,0.0,0.0,403,82,105.57142857142856,64.06629219736669,4104.489795918368,980,0,20,49,2.652887708333333,64.015049,0.0,9.002878634334886,127.33861,64.015049,0.0,2.652887708333333,9.002878634334886,0.0,0.0,0.0,0.0,0.0,0,0,0,0,0,0,0,0,0,0,0,0.0,105.57142857142856,0,0,0,0,0,0,0,0,0,0,718.5,6.5,0.0,0.0,521.4789826188188,0.0,105.57142857142856,0.0,0,49,0,5173,0,3
0.014652,20406.770406770407,204.7502047502048,136.5001365001365,68.25006825006825,2,1,166,133,83,83,83.0,0.0,133,133,133.0,0.0,133,83,99.66666666666669,23.570226039551585,555.5555555555555,40,20,20,2,0.007326,0.014652,0.0,0.007326,0.0,0.0,0.0,0.0,0.0,0.0,0.0,0.0,0.0,0.0,0,0,0,0,0,0,0,0,0,0,0,0.5,99.66666666666669,0,0,0,0,0,0,0,0,0,0,0.0,0.0,0.0,0.0,0.0,0.0,83.0,133.0,0,2,1,166,133,5
60.999146,313.87324668447,1.9508469839889235,0.819683606718035,1.1311633772708882,50,69,8951,10195,2800,40,179.02,441.4517636163661,1378,40,147.7536231884058,251.45457455887063,2800,40,160.890756302521,344.648811389021,118782.80319186496,1000,1380,20,22,0.5169419152542373,10.059415,0.0,1.7194375499485266,60.999146,10.059415,0.0,1.244880530612245,2.4940339594353853,60.998847,10.060531,1.3e-05,0.8970418676470588,2.1887275465909406,22,46,0,0,0,0,0,68,119,0,0,1.38,160.890756302521,4096,105,0,0,0,0,0,0,0,0,1281.0,5.0,553.8,6.0,7255.077421474123,4153.335943230241,179.02,147.7536231884058,0,50,69,8951,10195,4
4.492526,1363.3755263742491,2.448511149406815,1.335551536040081,1.112959613366734,6,5,3757,2368,1372,78,626.1666666666666,558.258129263595,1282,176,473.6,411.4192994986988,1372,78,556.8181818181819,502.69488634790247,252702.1487603306,120,100,20,6,0.4492525999999999,2.095871,0.0,0.7451501567448269,4.492526000000001,4.165307,0.0,0.8985052000000001,1.638293944985136,4.139141,2.095871,0.0,1.03478525,1.0349523524142006,4,5,0,0,1,0,0,9,11,0,0,0.8333333333333334,556.8181818181819,255,488,0,0,0,0,0,0,0,0,0.0,0.0,0.0,0.0,0.0,0.0,626.1666666666666,473.6,0,6,5,3757,2368,2
9.678731,136590.42698882736,74.49323676833254,37.29827804905416,37.19495871927838,361,360,20650,1301372,903,40,57.202216066482,116.00322660317111,10000,40,3614.9222222222224,3057.7898526287754,10000,40,1833.5950069348128,2799.9338950345136,7839629.816563141,7220,7200,20,11,0.0134426819444444,1.556775,0.0,0.0951237013262654,9.678469,1.556775,0.0,0.0268846361111111,0.1340218794783702,9.609307,1.599578,5e-05,0.0267668718662952,0.1354818050309149,11,289,0,0,1,3,2,300,718,0,0,0.997229916897507,1833.5950069348128,65535,4096,0,0,0,0,0,0,0,0,0.0,0.0,255928.6,68.2,0.0,385271.7103971693,57.202216066482,3614.9222222222224,0,361,360,20650,1301372,4
61.708796,183.57188495461813,0.3403080494391756,0.1782565973252824,0.1620514521138931,11,10,5200,6128,4117,40,472.7272727272728,1161.7428984002747,2873,40,612.8,912.8993153683488,4117,40,539.4285714285714,1052.9490817259318,1108701.7687074828,220,200,20,3,3.0854398,59.873972,0.0,13.029828444416436,61.708796,59.874251,0.0,6.170879600000001,17.90311331333326,61.501898,59.916926,0.000336,6.833544222222222,18.769852766822105,3,4,0,0,1,3,0,7,19,0,0,0.9090909090909092,539.4285714285714,65535,4096,0,0,0,0,0,0,0,0,0.0,0.0,0.0,0.0,0.0,0.0,472.7272727272728,612.8,0,11,10,5200,6128,4
0.159297,51796.33012548887,81.60856764408621,43.94307488527719,37.665492758809016,7,6,4168,4083,1278,59,595.4285714285714,591.4031395498233,1278,68,680.5,513.9298752423979,1278,59,634.6923076923077,558.5991248189713,312032.98224852065,140,120,20,7,0.01327475,0.103443,0.0,0.028557779926916,0.159297,0.109659,0.0,0.0265495,0.0410701807671941,0.027727,0.023054,1.5e-05,0.0055454,0.0089269119543098,0,0,0,0,0,0,0,0,0,0,0,0.8571428571428571,634.6923076923077,0,0,0,0,0,0,0,0,0,0,0.0,0.0,3788.0,5.0,0.0,810614.1664883373,595.4285714285714,680.5,0,7,6,4168,4083,1
0.12302,2804.422045195903,24.38627865387742,16.257519102584943,8.128759551292472,2,1,174,171,87,87,87.0,0.0,171,171,171.0,0.0,171,87,115.0,39.59797974644666,1568.0,40,20,20,2,0.06151,0.12302,0.0,0.06151,0.0,0.0,0.0,0.0,0.0,0.0,0.0,0.0,0.0,0.0,0,0,0,0,0,0,0,0,0,0,0,0.5,115.0,0,0,0,0,0,0,0,0,0,0,0.0,0.0,0.0,0.0,0.0,0.0,87.0,171.0,0,2,1,174,171,1
58.462938,177.479961749442,0.256572805150504,0.1197339757369019,0.1368388294136021,7,8,3825,6551,1372,85,546.4285714285714,552.1534096201001,1372,85,818.875,578.3689215154977,1372,85,691.7333333333333,582.369466537829,339154.1955555555,140,160,20,7,4.175924142857142,58.361751,0.0,15.028450359976585,58.433649,58.361751,0.0,9.7389415,21.74478733541383,58.432994,58.391785,0.0,8.347570571428571,20.430469935693893,5,6,0,0,0,0,0,11,15,0,0,1.1428571428571428,691.7333333333333,255,1072,0,0,0,0,0,0,0,0,0.0,0.0,5433.0,5.0,0.0,0.0,546.4285714285714,818.875,0,7,8,3825,6551,2
6.423019,2549.1128081670004,2.8024204817080567,1.4012102408540283,1.4012102408540283,9,9,3076,13297,1860,40,341.77777777777777,589.2491979493486,7211,40,1477.4444444444443,2388.0124748934863,7211,40,909.6111111111112,1829.5747574805127,3347343.793209877,180,180,20,3,0.3778246470588235,6.053533,0.0,1.419508886356659,6.423019,6.096783,0.0,0.802877375,2.0015620614043512,6.304296,6.055668,0.000591,0.788037,1.9916096746275989,3,4,0,0,1,3,0,7,16,0,0,1.0,909.6111111111112,65535,4096,0,0,0,0,0,0,0,0,0.0,0.0,0.0,0.0,0.0,0.0,341.77777777777777,1477.4444444444443,0,9,9,3076,13297,4
0.060823,171053.71323348075,230.1760847047992,98.64689344491391,131.52919125988524,6,8,3741,6663,1372,78,623.5,560.6358741048715,1372,85,832.875,570.5415053920267,1372,78,743.1428571428571,575.7180432348133,331451.2653061224,120,160,20,6,0.0046786923076923,0.034629,0.0,0.0106013811464835,0.060823,0.035977,0.0,0.0121646,0.0151526061863957,0.025145,0.025145,0.0,0.0035921428571428,0.0087989170831832,4,6,0,0,0,0,0,10,14,0,0,1.3333333333333333,743.1428571428571,255,139,0,0,0,0,0,0,0,0,0.0,0.0,5959.0,5.0,0.0,0.0,623.5,832.875,0,6,8,3741,6663,2
1.192831,7280.1595531973935,15.090151077562538,6.706733812250017,8.383417265312522,8,10,2336,6348,1372,54,292.0,434.8663587816376,1372,54,634.8,606.8160841638922,1372,54,482.44444444444446,563.589805741554,317633.4691358025,160,200,20,3,0.0701665294117647,0.521508,0.0,0.1498253017975259,1.192831,0.521566,0.0,0.1704044285714285,0.2049113119521691,0.833603,0.522455,0.0,0.0926225555555555,0.1802966274258501,2,4,0,0,0,3,0,6,16,0,0,1.25,482.44444444444446,65535,65535,0,0,0,0,0,0,0,0,0.0,0.0,5522.0,6.0,0.0,0.0,292.0,634.8,0,8,10,2336,6348,1
64.377832,178.07371953749546,0.2951326475237625,0.1553329723809276,0.1397996751428349,10,9,2239,9225,1765,40,223.9,514.1700983137778,2840,40,1025.0,1012.4693685352768,2840,40,603.3684210526316,885.8382417697474,784709.3905817174,200,180,20,2,3.576546222222222,63.240367,0.0,14.472064008629486,1.137465,0.908092,0.0,0.126385,0.2786095289249414,64.32041600000001,63.283019,0.000242,8.040052000000001,20.88191142677943,2,5,0,0,0,3,1,7,17,0,0,0.9,603.3684210526316,65535,4096,0,0,0,0,0,0,0,0,0.0,0.0,7897.0,4.0,0.0,8692.177810456149,223.9,1025.0,0,10,9,2239,9225,4
0.122029,7858.787665227118,114.72682722959296,65.55818698833883,49.16864024125413,8,6,511,448,107,54,63.875,17.032597423763647,165,54,74.66666666666667,40.62702986381795,165,54,68.5,30.027963158172607,901.6785714285714,160,120,20,2,0.0093868461538461,0.051102,0.0,0.0169247695125592,0.122029,0.105291,0.0,0.0174327142857142,0.0359598304926653,0.114965,0.051102,0.0,0.022993,0.0226079151537686,2,2,0,0,2,3,0,4,12,0,0,0.75,68.5,65535,65535,0,0,0,0,0,0,0,0,0.0,0.0,0.0,0.0,0.0,0.0,63.875,74.66666666666667,0,8,6,511,448,0
15.972731,473235.35342828976,399.2429347241872,28.799082636525966,370.4438520876612,460,5917,82458,7476403,1278,59,179.25652173913045,344.92733869498664,1278,49,1263.546222748014,127.91979052723266,1278,49,1185.3318174690294,320.08568857096645,102454.84802794972,9200,118340,20,460,0.0025051334692597,9.713458,0.0,0.1277623723049326,15.972731,9.713458,0.0,0.0347989782135076,0.475056817091747,15.958152,9.728959,1e-05,0.0026974563894523,0.1330403015336642,0,0,0,0,0,0,0,0,0,0,0,12.86304347826087,1185.3318174690294,0,0,0,0,0,0,0,0,0,0,3928.0833333333335,7.5,24226.84899328859,19.553691275167782,63873.69710503922,12079536.936647523,179.25652173913045,1263.546222748014,0,460,5917,82458,7476403,5
24.447817,140187.24043950427,33.2135993982612,15.870537643504122,17.34306175475708,388,424,18396,3408876,815,40,47.41237113402062,70.47862914772587,10000,40,8039.801886792453,3368.976374883733,10000,40,4220.778325123153,4676.233350665365,21867158.34987503,7760,8480,20,8,0.0301452737361282,14.214752,0.0,0.5406824538902304,24.444007,14.214752,0.0,0.0631628087855297,0.7813822740998394,24.395146,14.215355,2.9e-05,0.0576717399527186,0.7482618305472636,8,108,0,0,0,3,2,116,810,0,0,1.092783505154639,4220.778325123153,65535,4096,0,0,0,0,0,0,0,0,0.0,0.0,1127053.6666666667,137.33333333333334,0.0,2010942.7904799683,47.41237113402062,8039.801886792453,0,388,424,18396,3408876,4
7.599142,52.111146232035146,0.7895628216975022,0.2631876072325007,0.5263752144650015,2,4,132,264,66,66,66.0,0.0,66,66,66.0,0.0,66,66,66.0,0.0,0.0,40,80,20,0,1.5198284000000002,4.263229,0.0,1.5364901718008612,0.0,0.0,0.0,0.0,0.0,7.301776999999999,4.263229,1.032721,2.4339256666666667,1.3531437065385512,0,0,0,0,0,6,0,0,4,0,0,2.0,66.0,65535,26883,0,0,0,0,0,0,0,0,0.0,0.0,0.0,0.0,0.0,0.0,66.0,66.0,0,2,4,132,264,0
0.08187,126639.7947966288,171.0028093318676,73.28691828508612,97.71589104678148,6,8,3745,6623,1372,78,624.1666666666666,560.6550979781499,1372,85,827.875,571.4992207999937,1372,78,740.5714285714286,575.7710003968238,331512.24489795923,120,160,20,6,0.0062976923076923,0.042803,0.0,0.0132324350999563,0.08051,0.048043,0.0,0.0161019999999999,0.0199414192975324,0.039067,0.036777,0.0,0.005581,0.0127553296647771,4,6,0,0,0,0,0,10,14,0,0,1.3333333333333333,740.5714285714286,255,136,0,0,0,0,0,0,0,0,0.0,0.0,5919.0,5.0,0.0,28320574.162679423,624.1666666666666,827.875,0,6,8,3745,6623,2
0.299192,1951.923848231236,30.08101820904302,23.39634749592235,6.684670713120672,7,2,472,112,89,54,67.42857142857143,13.854933549947807,58,54,56.0,2.0,89,54,64.88888888888889,13.144026479688996,172.76543209876544,140,40,20,3,0.037399,0.204077,0.0,0.0690949222428826,0.295143,0.204077,0.0,0.0491905,0.0762115348656837,0.0,0.0,0.0,0.0,0.0,3,0,0,0,1,3,1,3,6,0,0,0.2857142857142857,64.88888888888889,65535,65535,0,0,0,0,0,0,0,0,0.0,0.0,0.0,0.0,0.0,0.0,67.42857142857143,56.0,0,7,2,472,112,1
0.078706,11282.494346047317,177.8771631133586,101.64409320763347,76.2330699057251,8,6,496,392,92,54,62.0,12.36931687685298,109,54,65.33333333333333,19.9972220292942,109,54,63.42857142857143,16.1719081200982,261.530612244898,160,120,20,2,0.0060543076923076,0.048055,0.0,0.0125413599396594,0.078706,0.060995,0.0,0.0112437142857142,0.0205241808168823,0.0703879999999999,0.052915,0.0,0.0140776,0.0196670759046686,2,2,0,0,2,3,0,4,12,0,0,0.75,63.42857142857143,65535,65535,0,0,0,0,0,0,0,0,0.0,0.0,0.0,0.0,0.0,0.0,62.0,65.33333333333333,0,8,6,496,392,0
66.873755,122690.71775616608,103.34398001129142,6.968354027674982,96.37562598361644,466,6445,64435,8140354,1278,59,138.2725321888412,276.1482247547844,1278,49,1263.0494957331264,129.24158146170163,1278,49,1187.2072059036318,316.6586105418905,100272.67563032068,9320,128900,20,466,0.0096778227206946,39.319061,0.0,0.5259495609954716,66.859536,39.319061,0.0,0.1437839483870968,2.022732161195669,66.85704,39.33975,9e-06,0.0103750837988826,0.5449791283512581,0,0,0,0,0,0,0,0,0,0,0,13.830472103004292,1187.2072059036318,0,0,0,0,0,0,0,0,0,0,2314.3846153846152,5.153846153846154,24834.6214511041,20.04416403785489,1087350.9215757137,7192692.896638173,138.2725321888412,1263.0494957331264,0,466,6445,64435,8140354,5
1.649105,674.9115429278305,9.09584289660149,6.063895264400993,3.031947632200497,10,5,660,453,96,54,66.0,15.362291495737216,224,54,90.6,66.85387049378667,224,54,74.2,42.2093196660011,1781.6266666666672,200,100,20,3,0.1177932142857142,1.013998,0.0,0.2686697566573343,1.649105,1.013998,0.0,0.1832338888888889,0.323340284056714,0.632124,0.360203,0.004327,0.158031,0.1399787790434678,3,2,0,0,2,4,0,5,12,0,0,0.5,74.2,65535,65535,0,0,0,0,0,0,0,0,0.0,0.0,0.0,0.0,0.0,0.0,66.0,90.6,0,10,5,660,453,1
1.024385,7215.060743763331,16.595323047487028,7.809563787052719,8.78575926043431,8,9,2368,5023,1372,54,296.0,433.5608377148472,1372,54,558.1111111111111,583.0518262545495,1372,54,434.7647058823529,534.3670835023391,285548.17993079586,160,180,20,3,0.0640240625,0.348172,0.0,0.1330506907716325,1.024385,0.348308,0.0,0.1463407142857143,0.1686719263707883,0.676108,0.342444,0.0,0.0845135,0.1463981320637322,2,3,0,0,0,3,0,5,15,0,0,1.125,434.7647058823529,65535,26883,0,0,0,0,0,0,0,0,0.0,0.0,4252.0,4.0,0.0,0.0,296.0,558.1111111111111,0,8,9,2368,5023,1
0.101667,80232.52382779073,118.03239989377084,59.01619994688542,59.01619994688542,6,6,3733,4424,1372,78,622.1666666666666,560.6093163296125,1372,125,737.3333333333334,508.0527094264488,1372,78,679.75,538.0669296967927,289516.0208333333,120,120,20,6,0.0092424545454545,0.049661,0.0,0.0189009961371142,0.101667,0.05087,0.0,0.0203334,0.0247428323002844,0.051944,0.051848,0.0,0.0103888,0.0207296333435977,4,5,0,0,0,0,0,9,12,0,0,1.0,679.75,255,83,0,0,0,0,0,0,0,0,0.0,0.0,0.0,0.0,0.0,0.0,622.1666666666666,737.3333333333334,0,6,6,3733,4424,2
0.878049,1250.499687375078,17.08332906250107,11.388886041667378,5.694443020833689,10,5,684,414,94,54,68.4,16.91862878604528,193,54,82.8,55.11950652899571,193,54,73.2,35.35005893441575,1249.6266666666666,200,100,20,4,0.0627177857142857,0.302308,0.0,0.1113141646795735,0.8780490000000001,0.351405,0.0,0.097561,0.1390452258255884,0.873027,0.517664,0.004002,0.2182567499999999,0.2062369401869788,4,2,0,0,2,3,0,6,13,0,0,0.5,73.2,65535,65535,0,0,0,0,0,0,0,0,120.0,4.0,0.0,0.0,233.53164061815824,0.0,68.4,82.8,0,10,5,684,414,1
0.025252,18889.5929035324,118.8024710913987,79.2016473942658,39.6008236971329,2,1,144,333,72,72,72.0,0.0,333,333,333.0,0.0,333,72,159.0,123.03657992645928,15138.0,40,20,20,2,0.012626,0.025252,0.0,0.012626,0.0,0.0,0.0,0.0,0.0,0.0,0.0,0.0,0.0,0.0,0,0,0,0,0,0,0,0,0,0,0,0.5,159.0,0,0,0,0,0,0,0,0,0,0,0.0,0.0,0.0,0.0,0.0,0.0,72.0,333.0,0,2,1,144,333,3
0.023609,13342.36943538481,127.07018509890295,84.71345673260197,42.356728366300985,2,1,174,141,87,87,87.0,0.0,141,141,141.0,0.0,141,87,105.0,25.45584412271571,648.0,40,20,20,2,0.0118045,0.023609,0.0,0.0118045,0.0,0.0,0.0,0.0,0.0,0.0,0.0,0.0,0.0,0.0,0,0,0,0,0,0,0,0,0,0,0,0.5,105.0,0,0,0,0,0,0,0,0,0,0,0.0,0.0,0.0,0.0,0.0,0.0,87.0,141.0,0,2,1,174,141,4
0.028835,8982.139760707474,104.04022888850356,69.36015259233571,34.680076296167854,2,1,154,105,77,77,77.0,0.0,105,105,105.0,0.0,105,77,86.33333333333333,13.199326582148888,174.22222222222226,40,20,20,2,0.0144175,0.028835,0.0,0.0144175,0.0,0.0,0.0,0.0,0.0,0.0,0.0,0.0,0.0,0.0,0,0,0,0,0,0,0,0,0,0,0,0.5,86.33333333333333,0,0,0,0,0,0,0,0,0,0,0.0,0.0,0.0,0.0,0.0,0.0,77.0,105.0,0,2,1,154,105,0
1.650353,61947.35308143167,108.46164426640846,56.957511514203325,51.50413275220514,94,85,71123,31112,1278,59,756.6276595744681,571.1926116998362,1278,49,366.0235294117647,512.3017487763515,1278,49,571.1452513966481,577.93392473546,334007.6213601323,1880,1700,20,94,0.0092716460674157,0.615656,0.0,0.0582039933311223,1.650353,0.654311,0.0,0.0177457311827956,0.0830250566137924,1.629864,0.623628,2.5e-05,0.0194031428571428,0.0880793330226659,0,0,0,0,0,0,0,0,0,0,0,0.9042553191489362,571.1452513966481,0,0,0,0,0,0,0,0,0,0,10554.5,11.833333333333334,3428.285714285714,9.571428571428571,1110181.9711791312,650899.1293498604,756.6276595744681,366.0235294117647,0,94,85,71123,31112,5
0.023886,13145.775768232435,125.59658377292138,83.73105584861425,41.86552792430712,2,1,176,138,88,88,88.0,0.0,138,138,138.0,0.0,138,88,104.66666666666669,23.570226039551585,555.5555555555555,40,20,20,2,0.011943,0.023886,0.0,0.011943,0.0,0.0,0.0,0.0,0.0,0.0,0.0,0.0,0.0,0.0,0,0,0,0,0,0,0,0,0,0,0,0.5,104.66666666666669,0,0,0,0,0,0,0,0,0,0,0.0,0.0,0.0,0.0,0.0,0.0,88.0,138.0,0,2,1,176,138,0
0.184619,6153.212832915356,75.83184829297093,43.33248473884053,32.4993635541304,8,6,485,651,81,54,60.625,9.150648884095595,368,54,108.5,116.13174989352969,368,54,81.14285714285714,79.93198639455667,6389.122448979592,160,120,20,2,0.0142014615384615,0.100654,0.0,0.0285867233455171,0.1846189999999999,0.159819,0.0,0.0263741428571428,0.0547485850630695,0.181637,0.100654,0.0,0.0363273999999999,0.0408230542051914,2,2,0,0,2,3,0,4,12,0,0,0.75,81.14285714285714,65535,65535,0,0,0,0,0,0,0,0,0.0,0.0,0.0,0.0,0.0,0.0,60.625,108.5,0,8,6,485,651,3
8.960952,123.75917201654468,2.1203104313023884,1.1159528585802043,1.0043575727221838,10,9,585,524,77,40,58.5,18.5,81,40,58.22222222222222,20.373063794998085,81,40,58.36842105263158,19.41028085242672,376.75900277008304,200,180,20,5,0.4978306666666666,7.502997,0.0,1.7029882230806337,8.960828,7.502997,0.0,0.9956475555555556,2.30379045013199,8.960654,7.546927,0.028823,1.12008175,2.431248645987528,5,4,0,0,0,0,2,9,19,0,0,0.9,58.36842105263158,68,4095,0,0,0,0,0,0,0,0,0.0,0.0,0.0,0.0,0.0,0.0,58.5,58.22222222222222,0,10,9,585,524,3
0.064227,11848.599498653211,93.41865570554438,46.70932785277219,46.70932785277219,3,3,593,168,265,63,197.66666666666663,95.2237131997884,67,49,56.0,7.874007874011811,265,49,126.83333333333331,97.88840017534709,9582.13888888889,60,60,20,3,0.0128454,0.042456,0.0,0.0166656966923078,0.021771,0.021771,0.0,0.0108855,0.0108855,0.043989,0.043715,0.000274,0.0219945,0.0217205,0,0,0,0,0,0,0,0,0,0,0,1.0,126.83333333333331,0,0,0,0,0,0,0,0,0,0,0.0,0.0,0.0,0.0,0.0,0.0,197.66666666666663,56.0,0,3,3,593,168,5
0.126555,117395.59875153095,150.13235352218402,63.213622535656434,86.91873098652759,8,11,5613,9244,1292,73,701.625,591.7273311036089,1292,66,840.3636363636364,548.6473072645076,1292,66,781.9473684210526,571.306579479208,326391.20775623264,160,220,20,8,0.0070308333333333,0.037706,0.0,0.0122279481800686,0.101088,0.04148,0.0,0.0144411428571428,0.0162119490890301,0.088811,0.031932,0.0,0.0088811,0.01296134815866,0,0,0,0,0,0,0,0,0,0,0,1.375,781.9473684210526,0,0,0,0,0,0,0,0,0,0,0.0,0.0,7540.0,7.0,0.0,2293885.001521144,701.625,840.3636363636364,0,8,11,5613,9244,1
0.02206,17951.042611060744,135.9927470534905,90.66183136899366,45.33091568449683,2,1,166,230,83,83,83.0,0.0,230,230,230.0,0.0,230,83,132.0,69.29646455628166,4802.0,40,20,20,2,0.01103,0.02206,0.0,0.01103,0.0,0.0,0.0,0.0,0.0,0.0,0.0,0.0,0.0,0.0,0,0,0,0,0,0,0,0,0,0,0,0.5,132.0,0,0,0,0,0,0,0,0,0,0,0.0,0.0,0.0,0.0,0.0,0.0,83.0,230.0,0,2,1,166,230,0
0.198592,4587.294553657751,70.49629390912021,40.28359651949727,30.212697389622942,8,6,503,408,99,54,62.875,14.520997727429062,125,54,68.0,25.85214368932165,125,54,65.07142857142857,20.33106098599693,413.35204081632656,160,120,20,2,0.0152763076923076,0.141531,0.0,0.0380562969284365,0.198592,0.185928,0.0,0.0283702857142857,0.0643521744992002,0.194036,0.141531,0.0,0.0388072,0.0540582366615856,2,2,0,0,2,3,0,4,12,0,0,0.75,65.07142857142857,65535,65535,0,0,0,0,0,0,0,0,0.0,0.0,0.0,0.0,0.0,0.0,62.875,68.0,0,8,6,503,408,3
0.076112,159882.80428841707,302.1862518393946,144.52385957536262,157.66239226403195,11,12,4779,7390,1278,59,434.45454545454544,525.8157927771705,1278,49,615.8333333333334,556.0208079639547,1278,49,529.0869565217391,549.3087286718509,301740.0793950851,220,240,20,11,0.0034596363636363,0.026011,0.0,0.0063060864577979,0.063387,0.026011,0.0,0.0063387,0.0081836551741871,0.062338,0.03966,7.2e-05,0.0056670909090909,0.0119142846460918,0,0,0,0,0,0,0,0,0,0,0,1.0909090909090908,529.0869565217391,0,0,0,0,0,0,0,0,0,0,623.0,5.0,6172.0,6.0,87230.46765611874,1927545.2841973768,434.45454545454544,615.8333333333334,0,11,12,4779,7390,5
0.10661,9079.82365631742,131.3197636244255,75.03986492824313,56.27989869618235,8,6,501,467,97,54,62.625,13.900876770909091,184,54,77.83333333333333,47.67395049243932,184,54,69.14285714285714,33.780503977584345,1141.1224489795918,160,120,20,2,0.0082007692307692,0.049502,0.0,0.0160558986436274,0.10661,0.096342,0.0,0.0152299999999999,0.03315002230553,0.103412,0.052271,0.0,0.0206824,0.0217181292803961,2,2,0,0,2,3,0,4,12,0,0,0.75,69.14285714285714,65535,65535,0,0,0,0,0,0,0,0,0.0,0.0,0.0,0.0,0.0,0.0,62.625,77.83333333333333,0,8,6,501,467,0
0.49066,18014.51106672645,42.79949455834998,24.456854033342847,18.34264052500713,12,9,3959,4880,1278,61,329.9166666666667,463.2845522882118,1278,51,542.2222222222222,474.04635914357993,1278,51,420.9047619047619,479.57708598920334,229994.1814058957,240,180,20,12,0.024533,0.175773,0.0,0.0452069144047677,0.47674,0.175773,0.0,0.04334,0.0559310607899663,0.470279,0.212418,3.7e-05,0.0587848749999999,0.0796525836028523,0,0,0,0,0,0,0,0,0,0,0,0.75,420.9047619047619,0,0,0,0,0,0,0,0,0,0,231.0,4.0,0.0,0.0,9025.90552104091,0.0,329.9166666666667,542.2222222222222,0,12,9,3959,4880,5
2.499597,233.63766239117743,3.2005159231668143,2.000322451979259,1.2001934711875557,5,3,375,209,134,54,75.0,29.946619174791667,89,54,69.66666666666667,14.522013940527977,134,54,73.0,25.42144763777232,646.25,100,60,20,2,0.3570852857142857,2.360386,0.0,0.8184811104031513,2.499471,2.409242,0.0,0.6248677499999999,1.0308672886270025,2.49958,2.360386,0.139194,1.24979,1.110596,2,1,0,0,1,2,1,3,8,0,0,0.6,73.0,65535,255,0,0,0,0,0,0,0,0,0.0,0.0,0.0,0.0,0.0,0.0,75.0,69.66666666666667,0,5,3,375,209,1
4.007798,2232.148426642261,1.7465950130221133,1.7465950130221133,0.0,7,0,8946,0,1278,1278,1278.0,0.0,0,0,0.0,0.0,1278,1278,1278.0,0.0,0.0,140,0,20,7,0.6679663333333333,1.89674,0.0,0.6867419988235918,4.007798,1.89674,0.0,0.6679663333333333,0.6867419988235918,0.0,0.0,0.0,0.0,0.0,0,0,0,0,0,0,0,0,0,0,0,0.0,1278.0,0,0,0,0,0,0,0,0,0,0,5000.0,4.0,0.0,0.0,5526.431262800596,0.0,1278.0,0.0,0,7,0,8946,0,4
0.067437,13078.87361537435,207.6011684980056,118.62923914171746,88.9719293562881,8,6,493,389,89,54,61.625,11.46666363856549,106,54,64.83333333333333,18.906935823189915,106,54,63.0,15.19398377178095,230.8571428571429,160,120,20,2,0.0051874615384615,0.046542,0.0,0.0120910166437438,0.067437,0.056073,0.0,0.0096338571428571,0.0190337508684559,0.063898,0.050402,0.0,0.0127795999999999,0.018901028803745,2,2,0,0,2,3,0,4,12,0,0,0.75,63.0,65535,65535,0,0,0,0,0,0,0,0,0.0,0.0,0.0,0.0,0.0,0.0,61.625,64.83333333333333,0,8,6,493,389,0
0.329823,2895.4924307886354,42.44700945658733,27.28736322209185,15.159646234495472,9,5,586,369,92,54,65.11111111111111,14.609315479016534,148,54,73.8,37.128964434791335,148,54,68.21428571428571,25.433887887250435,646.8826530612245,180,100,20,3,0.025371,0.209216,0.0,0.0561739796976938,0.329823,0.209216,0.0,0.041227875,0.0724511622429852,0.324811,0.213089,0.00383,0.08120275,0.0788527701998319,3,2,0,0,2,3,0,5,12,0,0,0.5555555555555556,68.21428571428571,65535,65535,0,0,0,0,0,0,0,0,0.0,0.0,0.0,0.0,0.0,0.0,65.11111111111111,73.8,0,9,5,586,369,1
62.317399,156.37687317469715,0.3369845394221283,0.1765157111258767,0.1604688282962516,11,10,2384,7361,1870,40,216.72727272727272,523.2432236296809,1440,40,736.1,639.6577913228291,1870,40,464.04761904761904,636.8151766101353,405533.56916099775,220,200,20,2,3.11586995,62.231684,0.0,13.562101930792595,0.085715,0.059757,0.0,0.0085715,0.0177375098379112,62.306786,62.277525,7.2e-05,6.922976222222221,19.570789178363142,2,6,0,0,0,3,1,8,19,0,0,0.9090909090909092,464.04761904761904,65535,4096,0,0,0,0,0,0,0,0,0.0,0.0,5975.0,5.0,0.0,14753086.419753086,216.72727272727272,736.1,0,11,10,2384,7361,1
0.131753,7278.771640873452,106.25944001275111,60.71968000728636,45.53976000546477,8,6,496,463,92,54,62.0,12.36931687685298,180,54,77.16666666666667,46.18952502702557,180,54,68.5,32.52855888073037,1058.107142857143,160,120,20,2,0.0101348461538461,0.061575,0.0,0.02017563224382,0.131753,0.118141,0.0,0.0188218571428571,0.0405990859553286,0.1272029999999999,0.061575,0.0,0.0254406,0.027595724890642,2,2,0,0,2,3,0,4,12,0,0,0.75,68.5,65535,65535,0,0,0,0,0,0,0,0,0.0,0.0,0.0,0.0,0.0,0.0,62.0,77.16666666666667,0,8,6,496,463,1
0.231659,25097.23343362442,116.55061966079452,64.75034425599696,51.80027540479757,15,12,1379,4435,557,40,91.93333333333334,126.9931581709118,3265,40,369.5833333333333,888.3355651941945,3265,40,215.3333333333333,615.404714771477,378722.962962963,300,240,20,5,0.0089099615384615,0.049806,0.0,0.015698699900802,0.231659,0.049872,0.0,0.0165470714285714,0.0184276766672318,0.139415,0.04891,0.000199,0.0126740909090909,0.016766492539665,5,4,0,0,1,3,1,9,25,0,0,0.8,215.3333333333333,65535,4096,0,0,0,0,0,0,0,0,222.0,4.0,722.0,4.0,17011.494252873563,65948.1183777859,91.93333333333334,369.5833333333333,0,15,12,1379,4435,4
0.101452,80412.41178094075,118.28253755470568,59.14126877735284,59.14126877735284,6,6,3733,4425,1372,78,622.1666666666666,560.6093163296125,1372,125,737.5,508.1078461639156,1372,78,679.8333333333334,538.1018852307516,289553.63888888893,120,120,20,6,0.009222909090909,0.049559,0.0,0.0190182363222754,0.101452,0.050727,0.0,0.0202904,0.0246928774394561,0.051115,0.051115,0.0,0.010223,0.020446,4,5,0,0,0,0,0,9,12,0,0,1.0,679.8333333333334,255,83,0,0,0,0,0,0,0,0,0.0,0.0,0.0,0.0,0.0,0.0,622.1666666666666,737.5,0,6,6,3733,4425,2
0.099788,2284.843869002285,30.06373511845112,20.04249007896741,10.021245039483706,2,1,152,76,76,76,76.0,0.0,76,76,76.0,0.0,76,76,76.0,0.0,0.0,40,20,20,2,0.049894,0.099788,0.0,0.049894,0.0,0.0,0.0,0.0,0.0,0.0,0.0,0.0,0.0,0.0,0,0,0,0,0,0,0,0,0,0,0,0.5,76.0,0,0,0,0,0,0,0,0,0,0,0.0,0.0,0.0,0.0,0.0,0.0,76.0,76.0,0,2,1,152,76,4
0.029825,11466.890192791285,100.5867560771165,67.05783738474435,33.52891869237217,2,1,154,188,77,77,77.0,0.0,188,188,188.0,0.0,188,77,114.0,52.32590180780452,2738.0,40,20,20,2,0.0149125,0.029825,0.0,0.0149125,0.0,0.0,0.0,0.0,0.0,0.0,0.0,0.0,0.0,0.0,0,0,0,0,0,0,0,0,0,0,0,0.5,114.0,0,0,0,0,0,0,0,0,0,0,0.0,0.0,0.0,0.0,0.0,0.0,77.0,188.0,0,2,1,154,188,0
0.019772,15122.39530649403,151.7297187942545,101.15314586283633,50.57657293141816,2,1,166,133,83,83,83.0,0.0,133,133,133.0,0.0,133,83,99.66666666666669,23.570226039551585,555.5555555555555,40,20,20,2,0.009886,0.019772,0.0,0.009886,0.0,0.0,0.0,0.0,0.0,0.0,0.0,0.0,0.0,0.0,0,0,0,0,0,0,0,0,0,0,0,0.5,99.66666666666669,0,0,0,0,0,0,0,0,0,0,0.0,0.0,0.0,0.0,0.0,0.0,83.0,133.0,0,2,1,166,133,5
9.153741,1040.8859066473478,1.3109394290268863,0.6554697145134432,0.6554697145134432,6,6,3757,5771,1372,78,626.1666666666666,558.258129263595,1372,176,961.8333333333334,549.529015511364,1372,78,794.0,578.7790309493483,334985.1666666667,120,120,20,6,0.8321582727272727,6.401706,0.0,1.8591024795649544,9.153741,6.717904,0.0,1.8307482,2.619300304886204,2.43547,2.110489,0.0,0.487094,0.8208989987770724,4,3,0,0,1,0,0,7,12,0,0,1.0,794.0,255,488,0,0,0,0,0,0,0,0,0.0,0.0,4096.0,4.0,0.0,636815.92039801,626.1666666666666,961.8333333333334,0,6,6,3757,5771,2
106.370026,718.4824792653525,0.7238881374345062,0.3666446410382564,0.3572434963962498,39,38,9270,67155,1401,40,237.69230769230768,440.73860814553024,10000,40,1767.2368421052631,2115.9725203942776,10000,40,992.5324675324676,1700.811812157486,2892760.820374431,780,760,20,8,1.3996056052631578,63.069301,0.0,7.661411065859973,43.300725,19.433632,0.0,1.1394927631578946,3.9162336167245697,106.343151,63.070037,8.4e-05,2.8741392162162165,10.786250108159749,8,26,0,0,0,3,1,34,75,0,0,0.9743589743589745,992.5324675324676,65535,4096,0,0,0,0,0,0,0,0,0.0,0.0,16254.333333333334,6.666666666666667,0.0,424528.13762362447,237.69230769230768,1767.2368421052631,0,39,38,9270,67155,4
29.359079,1138.046598805092,1.192135488991327,0.5449762235388923,0.6471592654524346,16,19,3139,30273,1764,40,196.1875,421.90686453736447,8440,40,1593.3157894736842,2521.377569434104,8440,40,954.6285714285714,2004.2231852582013,4016910.5763265314,320,380,20,6,0.8635023235294117,28.850382,0.0,4.872219982250136,29.322165,28.850545,0.0,1.954811,7.188652191945136,29.024508,28.850475,6.7e-05,1.6124726666666669,6.60619986307572,6,10,0,0,2,3,0,16,33,0,0,1.1875,954.6285714285714,65535,4096,0,0,0,0,0,0,0,0,0.0,0.0,18330.0,4.0,0.0,342194.67572714033,196.1875,1593.3157894736842,0,16,19,3139,30273,4
0.014264,16264.72237801458,210.3196859226024,140.21312394840157,70.10656197420079,2,1,144,88,72,72,72.0,0.0,88,88,88.0,0.0,88,72,77.33333333333333,7.542472332656507,56.88888888888889,40,20,20,2,0.007132,0.014264,0.0,0.007132,0.0,0.0,0.0,0.0,0.0,0.0,0.0,0.0,0.0,0.0,0,0,0,0,0,0,0,0,0,0,0,0.5,77.33333333333333,0,0,0,0,0,0,0,0,0,0,0.0,0.0,0.0,0.0,0.0,0.0,72.0,88.0,0,2,1,144,88,5
21.936201,286001.6189676599,52.78945064370991,20.87872918378164,31.910721459928272,458,700,20422,6253367,815,40,44.58951965065502,54.08708063769944,10000,40,8933.381428571429,2580.811214427015,10000,40,5417.779792746114,4787.213680868327,22917414.82629288,9160,14000,20,7,0.0189595514261019,17.945932,0.0,0.5286280417383435,21.931654,17.945932,0.0,0.0479904901531728,0.8403077367685361,21.777635,17.974154,2.7e-05,0.0311554148783977,0.6809579733678628,7,112,0,0,0,3,2,119,1156,0,0,1.5283842794759823,5417.779792746114,65535,4096,0,0,0,0,0,0,0,0,0.0,0.0,3107277.5,344.0,0.0,2712951.3742311844,44.58951965065502,8933.381428571429,0,458,700,20422,6253367,4
120.681553,5233.741067286398,8.86630950133696,2.7261830148970656,6.140126486439896,329,741,22354,609262,119,50,67.94528875379939,19.508630713943884,1278,60,822.2159244264508,530.133318414313,1278,50,590.2953271028038,562.0395408618353,315888.44549218274,6580,14820,20,329,0.1128920046772684,26.224106,0.0,1.0024294296964424,116.349087,26.359423,0.0,0.3547228262195122,1.793172494093772,120.659662,26.33695,2e-05,0.1630535972972972,1.2140508756650852,0,0,0,0,0,0,0,0,0,0,0,2.2522796352583585,590.2953271028038,0,0,0,0,0,0,0,0,0,0,220.0,5.2631578947368425,9498.71186440678,10.76271186440678,14265.968157539972,178195.91044544525,67.94528875379939,822.2159244264508,0,329,741,22354,609262,5
0.026445,10512.384193609378,113.44299489506524,75.62866326337682,37.81433163168841,2,1,150,128,75,75,75.0,0.0,128,128,128.0,0.0,128,75,92.66666666666669,24.98443960192468,624.2222222222222,40,20,20,2,0.0132225,0.026445,0.0,0.0132225,0.0,0.0,0.0,0.0,0.0,0.0,0.0,0.0,0.0,0.0,0,0,0,0,0,0,0,0,0,0,0,0.5,92.66666666666669,0,0,0,0,0,0,0,0,0,0,0.0,0.0,0.0,0.0,0.0,0.0,75.0,128.0,0,2,1,150,128,5
8.006004,210.9666695145293,3.122656446337024,1.7486876099487334,1.3739688363882905,14,11,858,831,87,54,61.285714285714285,10.779799702807704,198,54,75.54545454545455,44.12454199888732,198,54,67.56,31.17445107776559,971.8464,280,220,20,4,0.3335835,7.198798,0.0,1.4372476862900148,8.006004,7.201558,0.0,0.6158464615384616,1.9100147286553584,8.000734,7.230985,0.0,0.8000733999999999,2.1519769756532345,4,4,0,0,3,5,1,8,22,0,0,0.7857142857142857,67.56,65535,65535,0,0,0,0,0,0,0,0,0.0,0.0,0.0,0.0,0.0,0.0,61.285714285714285,75.54545454545455,0,14,11,858,831,1
0.121472,6396.5358271865125,98.7881981032666,57.62644889357218,41.16174920969441,7,5,436,341,86,54,62.285714285714285,10.924602453888664,112,54,68.2,22.36425719759098,112,54,64.75,16.926926281322704,286.5208333333333,140,100,20,2,0.011042909090909,0.083107,0.0,0.0240261466757082,0.121472,0.091724,0.0,0.0202453333333333,0.0333408150653552,0.118501,0.109598,0.0,0.02962525,0.0463151251287039,2,2,0,0,1,3,1,4,10,0,0,0.7142857142857143,64.75,65535,65535,0,0,0,0,0,0,0,0,0.0,0.0,0.0,0.0,0.0,0.0,62.285714285714285,68.2,0,7,5,436,341,3
0.117494,9302.60268609461,119.15502068190716,68.08858324680409,51.06643743510307,8,6,490,603,86,54,61.25,10.580051984749414,320,54,100.5,98.25773930502032,320,54,78.07142857142857,67.66774319709322,4578.923469387755,160,120,20,2,0.009038,0.053701,0.0,0.0182811759468585,0.117494,0.106528,0.0,0.0167848571428571,0.036674478457402,0.113803,0.053701,0.0,0.0227606,0.0248809540862081,2,2,0,0,2,3,0,4,12,0,0,0.75,78.07142857142857,65535,65535,0,0,0,0,0,0,0,0,0.0,0.0,0.0,0.0,0.0,0.0,61.25,100.5,0,8,6,490,603,1
30.645031,2477.2042162398207,1.4684272957661555,0.6200026359901545,0.8484246597760009,19,26,3447,72467,1825,40,181.42105263157896,411.3728384183448,10000,40,2787.192307692308,3834.6956054026864,10000,40,1686.977777777778,3197.506205285536,10224045.932839507,380,520,20,6,0.6964779772727273,28.151063,0.0,4.1920408394736,30.229302,28.15128,0.0,1.6794056666666668,6.427557527179391,30.536814,28.151125,0.000139,1.2214725599999998,5.503667203404808,6,13,0,0,2,3,0,19,43,0,0,1.368421052631579,1686.977777777778,65535,4096,0,0,0,0,0,0,0,0,0.0,0.0,64658.0,13.0,0.0,234256.23337946623,181.42105263157896,2787.192307692308,0,19,26,3447,72467,4
2.035632,559.5313887775393,6.877470977072476,3.9299834154699855,2.94748756160249,8,6,502,637,98,54,62.75,14.210471491122313,354,54,106.16666666666669,110.91801276418342,354,54,81.35714285714286,76.48305801460415,5849.658163265305,160,120,20,2,0.1565870769230768,1.970923,0.0,0.5238727002575606,2.035632,2.018425,0.0,0.2908045714285715,0.7053034567116396,2.028372,1.970923,0.0,0.4056744,0.7828072919222456,2,2,0,0,2,3,0,4,12,0,0,0.75,81.35714285714286,65535,65535,0,0,0,0,0,0,0,0,0.0,0.0,0.0,0.0,0.0,0.0,62.75,106.16666666666669,0,8,6,502,637,3
0.019536,12643.325143325144,153.56265356265357,102.37510237510236,51.18755118755119,2,1,154,93,77,77,77.0,0.0,93,93,93.0,0.0,93,77,82.33333333333333,7.542472332656507,56.88888888888889,40,20,20,2,0.009768,0.019536,0.0,0.009768,0.0,0.0,0.0,0.0,0.0,0.0,0.0,0.0,0.0,0.0,0,0,0,0,0,0,0,0,0,0,0,0.5,82.33333333333333,0,0,0,0,0,0,0,0,0,0,0.0,0.0,0.0,0.0,0.0,0.0,77.0,93.0,0,2,1,154,93,0
114.0805,31.276160255258347,0.1928462796008082,0.0964231398004041,0.0964231398004041,11,11,1574,1994,572,40,143.0909090909091,186.8540775069994,730,40,181.27272727272728,232.0407843889404,730,40,162.1818181818182,211.5257638216456,44743.14876033058,220,220,20,4,5.4324047619047615,62.886647,0.0,16.769906230135817,51.193008,50.703257,0.0,5.1193008,15.194709647944228,113.988696,62.886647,0.000249,11.3988696,22.871248372907008,4,5,0,0,0,3,1,9,20,0,0,1.0,162.1818181818182,65535,4096,0,0,0,0,0,0,0,0,0.0,0.0,0.0,0.0,0.0,0.0,143.0909090909091,181.27272727272728,0,11,11,1574,1994,4
0.108548,8705.82599403029,128.97519991155986,73.70011423517705,55.2750856763828,8,6,492,453,88,54,61.5,11.169153951844338,170,54,75.5,42.48038763162753,170,54,67.5,29.87772701241799,892.6785714285714,160,120,20,2,0.0083498461538461,0.047589,0.0,0.0159119888030578,0.108548,0.093742,0.0,0.0155068571428571,0.0320189181062364,0.103495,0.047589,0.0,0.020699,0.0216832687664936,2,2,0,0,2,3,0,4,12,0,0,0.75,67.5,65535,65535,0,0,0,0,0,0,0,0,0.0,0.0,0.0,0.0,0.0,0.0,61.5,75.5,0,8,6,492,453,0
0.101908,104702.28048828356,137.37881226204027,78.50217843545158,58.87663382658869,8,6,5781,4889,1294,128,722.625,571.6218018716571,1242,96,814.8333333333334,492.8976961691836,1294,96,762.1428571428571,541.2189756391,292917.97959183675,160,120,20,8,0.0078390769230769,0.051815,0.0,0.0175981030947242,0.101908,0.053355,0.0,0.0145582857142857,0.0224438772797157,0.04977,0.04977,0.0,0.009954,0.019908,0,0,0,0,0,0,0,0,0,0,0,0.75,762.1428571428571,0,0,0,0,0,0,0,0,0,0,1588.0,4.0,3801.0,5.0,787307.8829945462,0.0,722.625,814.8333333333334,0,8,6,5781,4889,2
0.807387,1234.847724820935,17.339887810925863,9.908507320529065,7.431380490396799,8,6,491,506,87,54,61.375,10.873563123466017,223,54,84.33333333333333,62.16286851668143,223,54,71.21428571428571,43.04346403251447,1852.7397959183672,160,120,20,2,0.0621066923076923,0.735272,0.0,0.1947390503691403,0.8073870000000001,0.786409,0.0,0.115341,0.2740082455526789,0.792262,0.735272,0.0,0.1584524,0.2890151497237472,2,2,0,0,2,3,0,4,12,0,0,0.75,71.21428571428571,65535,65535,0,0,0,0,0,0,0,0,0.0,0.0,0.0,0.0,0.0,0.0,61.375,84.33333333333333,0,8,6,491,506,1
0.03457,9401.214926236622,86.78044547295343,57.85363031530229,28.926815157651145,2,1,166,159,83,83,83.0,0.0,159,159,159.0,0.0,159,83,108.33333333333331,35.82674358011841,1283.5555555555557,40,20,20,2,0.017285,0.03457,0.0,0.017285,0.0,0.0,0.0,0.0,0.0,0.0,0.0,0.0,0.0,0.0,0,0,0,0,0,0,0,0,0,0,0,0.5,108.33333333333331,0,0,0,0,0,0,0,0,0,0,0.0,0.0,0.0,0.0,0.0,0.0,83.0,159.0,0,2,1,166,159,0
0.0,0.0,0.0,0.0,0.0,2,0,132,0,66,66,66.0,0.0,0,0,0.0,0.0,66,66,66.0,0.0,0.0,40,0,20,0,0.0,0.0,0.0,0.0,0.0,0.0,0.0,0.0,0.0,0.0,0.0,0.0,0.0,0.0,0,0,0,0,0,2,0,0,2,0,0,0.0,66.0,64240,0,0,0,0,0,0,0,0,0,0.0,0.0,0.0,0.0,0.0,0.0,66.0,0.0,0,2,0,132,0,1
0.022849,15711.847345616876,131.29677447590703,87.53118298393802,43.76559149196901,2,1,174,185,87,87,87.0,0.0,185,185,185.0,0.0,185,87,119.66666666666669,46.197643037521104,2134.222222222222,40,20,20,2,0.0114245,0.022849,0.0,0.0114245,0.0,0.0,0.0,0.0,0.0,0.0,0.0,0.0,0.0,0.0,0,0,0,0,0,0,0,0,0,0,0,0.5,119.66666666666669,0,0,0,0,0,0,0,0,0,0,0.0,0.0,0.0,0.0,0.0,0.0,87.0,185.0,0,2,1,174,185,0
0.083235,2715.2039406499666,36.04253018561903,24.02835345707935,12.014176728539676,2,1,140,86,70,70,70.0,0.0,86,86,86.0,0.0,86,70,75.33333333333333,7.542472332656507,56.88888888888889,40,20,20,2,0.0416175,0.083235,0.0,0.0416175,0.0,0.0,0.0,0.0,0.0,0.0,0.0,0.0,0.0,0.0,0,0,0,0,0,0,0,0,0,0,0,0.5,75.33333333333333,0,0,0,0,0,0,0,0,0,0,0.0,0.0,0.0,0.0,0.0,0.0,70.0,86.0,0,2,1,140,86,1
0.916002,6213.960231527879,15.28380942399689,7.641904711998445,7.641904711998445,7,7,2245,3447,1372,54,320.7142857142857,465.2313446895347,1372,54,492.4285714285714,573.9705958478703,1372,54,406.57142857142856,529.4456284354303,280312.6734693877,140,140,20,2,0.0704616923076923,0.309083,0.0,0.1240289308696747,0.628759,0.309212,0.0,0.1047931666666666,0.1392507309788314,0.606919,0.316615,0.0,0.1011531666666666,0.1422593525694258,1,2,0,0,2,3,1,3,12,0,0,1.0,406.57142857142856,65535,64240,0,0,0,0,0,0,0,0,0.0,0.0,0.0,0.0,0.0,0.0,320.7142857142857,492.4285714285714,0,7,7,2245,3447,1
0.014131,16417.80482626849,212.29920033967872,141.53280022645248,70.76640011322624,2,1,144,88,72,72,72.0,0.0,88,88,88.0,0.0,88,72,77.33333333333333,7.542472332656507,56.88888888888889,40,20,20,2,0.0070655,0.014131,0.0,0.0070655,0.0,0.0,0.0,0.0,0.0,0.0,0.0,0.0,0.0,0.0,0,0,0,0,0,0,0,0,0,0,0,0.5,77.33333333333333,0,0,0,0,0,0,0,0,0,0,0.0,0.0,0.0,0.0,0.0,0.0,72.0,88.0,0,2,1,144,88,5
81.521809,100.4148472711149,0.3311997161397633,0.1471998738398947,0.1839998422998685,12,15,2734,5452,1372,54,227.8333333333333,384.2049872427767,1372,54,363.4666666666666,511.414100531284,1372,54,303.1851851851852,464.16671949228,215450.7434842249,240,300,20,4,3.1354541923076926,45.009419,0.0,9.605614606079865,81.21919100000001,45.009419,0.0,7.383562818181818,13.696343639159554,81.218889,45.305253,0.0,5.801349214285715,12.598830091967004,2,5,0,0,2,3,1,7,25,0,0,1.25,303.1851851851852,65535,26883,0,0,0,0,0,0,0,0,0.0,0.0,4268.0,4.0,0.0,0.0,227.8333333333333,363.4666666666666,0,12,15,2734,5452,0
35.705468,86011.25183403281,74.52640027012109,7.225784017170703,67.30061625295038,258,2403,35883,3035189,1278,59,139.08139534883722,270.2311477601322,1278,49,1263.0832292967125,129.66987655113255,1278,49,1154.1044720030063,364.5273470614371,132880.18675564945,5160,48060,20,258,0.0134231082706766,10.232415,0.0,0.3393759776571652,35.694356,10.248632,0.0,0.1388885447470817,1.0853236598864946,35.684956,10.303165,1.1e-05,0.0148563513738551,0.3605050289326927,0,0,0,0,0,0,0,0,0,0,0,9.313953488372093,1154.1044720030063,0,0,0,0,0,0,0,0,0,0,796.7272727272727,4.181818181818182,26568.21818181818,21.40909090909091,171008.214794435,14680343.185517088,139.08139534883722,1263.0832292967125,0,258,2403,35883,3035189,5
1.003181,3547.7147194773424,20.933410820181003,10.965119953428143,9.968290866752858,11,10,1569,1990,572,40,142.63636363636363,185.98938030644885,766,40,199.0,246.97692199879728,766,40,169.47619047619048,218.99437241032533,47958.535147392286,220,200,20,4,0.05015905,0.518152,0.0,0.1143721782849635,1.002871,0.518359,0.0,0.1002870999999999,0.1461663799684797,0.8782559999999999,0.561982,0.000621,0.0975839999999999,0.1687102943997326,4,5,0,0,0,3,0,9,19,0,0,0.9090909090909092,169.47619047619048,65535,4096,0,0,0,0,0,0,0,0,0.0,0.0,1379.0,4.0,0.0,2422.038973926636,142.63636363636363,199.0,0,11,10,1569,1990,3
22.520309,768.5951378375847,1.243322194202575,0.6660654611799509,0.5772567330226241,15,13,13354,3955,7000,40,890.2666666666667,1767.699916715378,796,40,304.2307692307692,335.1606167992511,7000,40,618.1785714285714,1345.9405912799798,1811556.0752551013,300,260,20,6,0.8340855185185185,20.27179,0.0,3.816133276188845,22.520309,20.27179,0.0,1.6085935,5.180730678381583,22.493037,20.272204,0.00152,1.8744197499999995,5.551700511239104,6,6,0,0,0,3,0,12,26,0,0,0.8666666666666667,618.1785714285714,65535,4096,0,0,0,0,0,0,0,0,0.0,0.0,0.0,0.0,0.0,0.0,890.2666666666667,304.2307692307692,0,15,13,13354,3955,4
74.998806,2.920046487140075,0.0533341824135173,0.0533341824135173,0.0,4,0,219,0,55,54,54.75,0.4330127018922193,0,0,0.0,0.0,55,54,54.75,0.4330127018922193,0.1875,80,0,20,3,24.999602,45.005628,0.0,18.709685350452904,74.998806,45.005628,0.0,24.999602,18.709685350452904,0.0,0.0,0.0,0.0,0.0,0,0,0,0,0,0,1,0,4,0,0,0.0,54.75,255,0,0,0,0,0,0,0,0,0,0.0,0.0,0.0,0.0,0.0,0.0,54.75,0.0,0,4,0,219,0,1
0.111631,1934.9463858605584,35.83234047889923,26.874255359174423,8.958085119724808,3,1,162,54,54,54,54.0,0.0,54,54,54.0,0.0,54,54,54.0,0.0,0.0,60,20,20,0,0.0372103333333333,0.111495,0.0,0.0525272208817062,0.111631,0.111631,0.0,0.0558155,0.0558155,0.0,0.0,0.0,0.0,0.0,0,0,0,0,3,0,0,0,4,0,0,0.3333333333333333,54.0,255,1038,0,0,0,0,0,0,0,0,0.0,0.0,0.0,0.0,0.0,0.0,54.0,54.0,0,3,1,162,54,1
63.312872,117.05360641355836,0.379069835909513,0.2211240709472159,0.1579457649622971,14,10,4089,3322,2088,40,292.07142857142856,523.2777825926704,1540,40,332.2,508.9685255494685,2088,40,308.7916666666667,517.7418097828514,268056.58159722225,280,200,20,9,2.752733565217391,62.967196,0.0,12.837875974964438,0.345389,0.262646,0.0,0.0265683846153846,0.0689414699777878,63.287989,62.967196,0.000257,7.031998777777778,19.77623761720081,8,3,0,0,0,3,1,11,22,0,0,0.7142857142857143,308.7916666666667,65535,4096,0,0,0,0,0,0,0,0,1167.0,5.0,0.0,0.0,7577922.077922079,0.0,292.07142857142856,332.2,0,14,10,4089,3322,4
0.033157,7811.321892812981,90.47863196308472,60.31908797538981,30.159543987694907,2,1,130,129,65,65,65.0,0.0,129,129,129.0,0.0,129,65,86.33333333333333,30.169889330626027,910.2222222222222,40,20,20,2,0.0165785,0.033157,0.0,0.0165785,0.0,0.0,0.0,0.0,0.0,0.0,0.0,0.0,0.0,0.0,0,0,0,0,0,0,0,0,0,0,0,0.5,86.33333333333333,0,0,0,0,0,0,0,0,0,0,0.0,0.0,0.0,0.0,0.0,0.0,65.0,129.0,0,2,1,130,129,4
0.075636,2591.358612301021,39.66365222909726,26.442434819398173,13.221217409699086,2,1,120,76,60,60,60.0,0.0,76,76,76.0,0.0,76,60,65.33333333333333,7.542472332656507,56.88888888888889,40,20,20,2,0.037818,0.075636,0.0,0.037818,0.0,0.0,0.0,0.0,0.0,0.0,0.0,0.0,0.0,0.0,0,0,0,0,0,0,0,0,0,0,0,0.5,65.33333333333333,0,0,0,0,0,0,0,0,0,0,0.0,0.0,0.0,0.0,0.0,0.0,60.0,76.0,0,2,1,120,76,5
17.785626,109211.05616411814,93.95227359441832,8.040200552963388,85.91207304145493,143,1528,28813,1913574,1278,59,201.48951048951048,362.9414190557396,1278,49,1252.339005235602,168.24580075994763,1278,49,1162.409934171155,351.5277235041873,123571.74039203634,2860,30560,20,143,0.0106500754491017,10.723173,0.0,0.3008030930969422,17.785626,10.723173,0.0,0.1252508873239436,1.0247888316455025,17.771881,10.739618,1.3e-05,0.011638428945645,0.3151007714127544,0,0,0,0,0,0,0,0,0,0,0,10.685314685314683,1162.409934171155,0,0,0,0,0,0,0,0,0,0,2137.5,5.75,24374.68421052632,19.73684210526316,2277267.279264882,3074123.427862125,201.48951048951048,1252.339005235602,0,143,1528,28813,1913574,5
0.017001,17587.20075289689,176.46020822304573,117.6401388153638,58.82006940768191,2,1,166,133,83,83,83.0,0.0,133,133,133.0,0.0,133,83,99.66666666666669,23.570226039551585,555.5555555555555,40,20,20,2,0.0085005,0.017001,0.0,0.0085005,0.0,0.0,0.0,0.0,0.0,0.0,0.0,0.0,0.0,0.0,0,0,0,0,0,0,0,0,0,0,0,0.5,99.66666666666669,0,0,0,0,0,0,0,0,0,0,0.0,0.0,0.0,0.0,0.0,0.0,83.0,133.0,0,2,1,166,133,5
1.346499,868392.7726645175,223.54268365591065,106.20134140463529,117.34134225127536,143,158,7070,1162220,816,40,49.44055944055944,73.44105884423612,10000,40,7355.822784810127,3686.274853793284,10000,40,3884.68438538206,4521.960039781874,20448122.60138409,2860,3160,20,6,0.00448833,0.466058,0.0,0.0289379867643627,1.345947,0.466058,0.0,0.0094784999999999,0.0419766339415978,1.286739,0.503937,9.9e-05,0.0081957898089171,0.042221658461157,6,59,0,0,0,3,2,65,299,0,0,1.1048951048951048,3884.68438538206,65535,4096,0,0,0,0,0,0,0,0,0.0,0.0,1153364.0,149.0,0.0,2035882.3550178453,49.44055944055944,7355.822784810127,0,143,158,7070,1162220,4
0.025613,8589.388201304026,117.12802092687308,78.08534728458204,39.04267364229102,2,1,136,84,68,68,68.0,0.0,84,84,84.0,0.0,84,68,73.33333333333333,7.542472332656507,56.88888888888889,40,20,20,2,0.0128065,0.025613,0.0,0.0128065,0.0,0.0,0.0,0.0,0.0,0.0,0.0,0.0,0.0,0.0,0,0,0,0,0,0,0,0,0,0,0,0.5,73.33333333333333,0,0,0,0,0,0,0,0,0,0,0.0,0.0,0.0,0.0,0.0,0.0,68.0,84.0,0,2,1,136,84,4
63.443746,40.96542470868602,0.2521919181758277,0.1260959590879138,0.1260959590879138,8,8,1415,1184,572,40,176.875,208.783043791875,575,40,148.0,176.10721166380438,575,40,162.4375,193.67626621181543,37510.49609375,160,160,20,3,4.229583066666667,63.083313,0.0,15.729375825834188,0.360433,0.120227,0.0,0.0514904285714285,0.0518163945976757,63.32452,63.083662,0.001751,9.04636,22.06067297008776,3,3,0,0,0,3,1,6,14,0,0,1.0,162.4375,65535,4096,0,0,0,0,0,0,0,0,0.0,0.0,0.0,0.0,0.0,0.0,176.875,148.0,0,8,8,1415,1184,5
0.127882,6959.540826699614,109.47592311662314,62.55767035235608,46.91825276426706,8,6,491,399,87,54,61.375,10.873563123466017,116,54,66.5,22.55179224215524,116,54,63.57142857142857,17.086813151476473,291.95918367346934,160,120,20,2,0.0098370769230769,0.061751,0.0,0.0193550918184795,0.127882,0.115108,0.0,0.0182688571428571,0.0395922905425811,0.121679,0.061751,0.0,0.0243358,0.0260668533536366,2,2,0,0,2,3,0,4,12,0,0,0.75,63.57142857142857,65535,65535,0,0,0,0,0,0,0,0,0.0,0.0,0.0,0.0,0.0,0.0,61.375,66.5,0,8,6,491,399,0
0.653359,8851.1828872029,21.42772962490759,10.713864812453796,10.713864812453796,7,7,2228,3555,1372,54,318.2857142857143,463.9192399809367,1372,54,507.8571428571428,574.7457645581661,1372,54,413.07142857142856,530.8118397169316,281761.2091836735,140,140,20,2,0.0502583846153846,0.315639,0.0,0.1123822124335851,0.645142,0.316261,0.0,0.1075236666666666,0.1461478983024464,0.341793,0.332954,0.0,0.0569655,0.1234680018570938,1,1,0,0,2,3,1,2,12,0,0,1.0,413.07142857142856,65535,26883,0,0,0,0,0,0,0,0,0.0,0.0,0.0,0.0,0.0,0.0,318.2857142857143,507.8571428571428,0,7,7,2228,3555,0
0.367031,2691.870713917898,38.14391699883661,21.796523999335207,16.347392999501405,8,6,540,448,136,54,67.5,26.3581107061944,165,54,74.66666666666667,40.62702986381795,165,54,70.57142857142857,33.42093929968859,1116.9591836734694,160,120,20,2,0.0282331538461538,0.297586,0.0,0.0787967345456222,0.367031,0.351213,0.0,0.052433,0.1220025833321339,0.362246,0.297586,0.0,0.0724492,0.1141895106818485,2,2,0,0,2,3,0,4,12,0,0,0.75,70.57142857142857,65535,65535,0,0,0,0,0,0,0,0,0.0,0.0,0.0,0.0,0.0,0.0,67.5,74.66666666666667,0,8,6,540,448,3
0.012616,18310.08243500317,237.7932783766645,158.5288522511097,79.26442612555485,2,1,124,107,62,62,62.0,0.0,107,107,107.0,0.0,107,62,77.0,21.213203435596427,450.0,40,20,20,2,0.006308,0.012616,0.0,0.006308,0.0,0.0,0.0,0.0,0.0,0.0,0.0,0.0,0.0,0.0,0,0,0,0,0,0,0,0,0,0,0,0.5,77.0,0,0,0,0,0,0,0,0,0,0,0.0,0.0,0.0,0.0,0.0,0.0,62.0,107.0,0,2,1,124,107,5
0.013313,22459.25035679411,225.34364906482384,150.22909937654924,75.11454968827462,2,1,166,133,83,83,83.0,0.0,133,133,133.0,0.0,133,83,99.66666666666669,23.570226039551585,555.5555555555555,40,20,20,2,0.0066565,0.013313,0.0,0.0066565,0.0,0.0,0.0,0.0,0.0,0.0,0.0,0.0,0.0,0.0,0,0,0,0,0,0,0,0,0,0,0,0.5,99.66666666666669,0,0,0,0,0,0,0,0,0,0,0.0,0.0,0.0,0.0,0.0,0.0,83.0,133.0,0,2,1,166,133,5
0.055809,11324.338368363526,53.75477073590282,35.836513823935206,17.918256911967603,2,1,154,478,77,77,77.0,0.0,478,478,478.0,0.0,478,77,210.66666666666663,189.0332128372037,35733.55555555556,40,20,20,2,0.0279045,0.055809,0.0,0.0279045,0.0,0.0,0.0,0.0,0.0,0.0,0.0,0.0,0.0,0.0,0,0,0,0,0,0,0,0,0,0,0,0.5,210.66666666666663,0,0,0,0,0,0,0,0,0,0,0.0,0.0,0.0,0.0,0.0,0.0,77.0,478.0,0,2,1,154,478,0
9.454667,723.1349343133925,2.4326610339634382,1.2692144525026634,1.1634465814607748,12,11,1401,5436,410,40,116.75,107.16119089172784,4351,40,494.1818181818182,1226.7265249199386,4351,40,297.2608695652174,872.4978244592937,761252.4536862004,240,220,20,6,0.4297575909090909,7.998722,0.0,1.6578797290471416,9.454351,7.998722,0.0,0.8594864545454545,2.2656116390199785,9.198453,8.047042,0.000135,0.9198453,2.382811398361945,6,3,0,0,0,3,2,9,21,0,0,0.9166666666666666,297.2608695652174,65535,4096,0,0,0,0,0,0,0,0,547.0,4.0,0.0,0.0,320445.22554188635,0.0,116.75,494.1818181818182,0,12,11,1401,5436,3
16.899272,387521.30861021706,325.63532914317256,22.07195670914108,303.56337243403146,373,5130,46613,6502215,1278,58,124.96782841823055,251.9993808981129,1278,49,1267.4883040935672,108.10827706890954,1278,49,1190.0468835180811,312.53928610888056,97680.80536144871,7460,102600,20,373,0.003071478007997,9.778582,0.0,0.1494267881741525,16.899272,9.778582,0.0,0.0454281505376343,0.5730043166407653,16.885571,9.794233,1.1e-05,0.003292176057711,0.1550587469226338,0,0,0,0,0,0,0,0,0,0,0,13.753351206434315,1190.0468835180811,0,0,0,0,0,0,0,0,0,0,1484.4,4.866666666666666,26342.598326359832,21.225941422594143,23345.422290443224,12484940.846120592,124.96782841823055,1267.4883040935672,0,373,5130,46613,6502215,5
8.269572,9060.928425316328,15.23658056305695,7.376439796400588,7.860140766656364,61,65,42017,32913,1278,59,688.8032786885246,577.7557433774618,1278,49,506.3538461538462,561.3923194445761,1278,49,594.6825396825396,576.6274367442539,332499.2008062485,1220,1300,20,61,0.066156576,8.00781,0.0,0.7132575929400906,8.263876999999999,8.00781,0.0,0.1377312833333333,1.0247530614877434,8.255054,8.021079,2.6e-05,0.12898521875,0.9944177846853322,0,0,0,0,0,0,0,0,0,0,0,1.0655737704918034,594.6825396825396,0,0,0,0,0,0,0,0,0,0,9009.5,10.5,5246.6,10.2,1433834.646295854,182040.8729745672,688.8032786885246,506.3538461538462,0,61,65,42017,32913,5
0.073399,212727.6938377907,272.48327633891466,136.24163816945733,136.24163816945733,10,10,5718,9896,1278,67,571.8,577.624930209907,1278,68,989.6,453.4115569766611,1278,67,780.7,559.6923351270767,313255.51,200,200,20,10,0.0038631052631578,0.025442,0.0,0.0070898424738994,0.055463,0.02742,0.0,0.0061625555555555,0.0091538283443608,0.046693,0.02883,7.4e-05,0.0051881111111111,0.009778002891348,0,0,0,0,0,0,0,0,0,0,0,1.0,780.7,0,0,0,0,0,0,0,0,0,0,359.0,4.0,7540.0,7.0,35986.36728147554,12823129.25170068,571.8,989.6,0,10,10,5718,9896,5
0.23049,1171.4174150722374,21.69291509393032,13.015749056358194,8.677166037572128,3,2,162,108,54,54,54.0,0.0,54,54,54.0,0.0,54,54,54.0,0.0,0.0,60,40,20,0,0.0576225,0.230404,0.0,0.0997554517144301,0.23049,0.23049,0.0,0.115245,0.115245,0.0,0.0,0.0,0.0,0.0,0,0,0,0,3,0,0,0,5,0,0,0.6666666666666666,54.0,253,4050,0,0,0,0,0,0,0,0,0.0,0.0,0.0,0.0,0.0,0.0,54.0,54.0,0,3,2,162,108,1
8.827279,374493.31781628286,319.5775277976373,25.602453485383204,293.9750743122541,226,2595,37061,3268696,1278,59,163.9867256637168,316.8119606452111,1278,49,1259.6131021194606,143.71979743638408,1278,49,1171.8387096774193,339.86052022199715,115505.17320556652,4520,51900,20,226,0.0031302407801418,4.213332,0.0,0.0923666852980064,8.820867,4.213332,0.0,0.0392038533333333,0.3249512565742347,8.811744,4.225523,1.1e-05,0.0033969714726291,0.0967562785052354,0,0,0,0,0,0,0,0,0,0,0,11.482300884955752,1171.8387096774193,0,0,0,0,0,0,0,0,0,0,2521.5714285714284,6.285714285714286,22754.676258992808,18.402877697841728,953129.2186403152,5463779.507155999,163.9867256637168,1259.6131021194606,0,226,2595,37061,3268696,5
0.018057,17112.4771556737,166.1405549094534,110.7603699396356,55.3801849698178,2,1,152,157,76,76,76.0,0.0,157,157,157.0,0.0,157,76,103.0,38.18376618407357,1458.0,40,20,20,2,0.0090285,0.018057,0.0,0.0090285,0.0,0.0,0.0,0.0,0.0,0.0,0.0,0.0,0.0,0.0,0,0,0,0,0,0,0,0,0,0,0,0.5,103.0,0,0,0,0,0,0,0,0,0,0,0.0,0.0,0.0,0.0,0.0,0.0,76.0,157.0,0,2,1,152,157,0
0.003401,70567.48015289621,882.0935019112026,588.0623346074684,294.0311673037342,2,1,160,80,80,80,80.0,0.0,80,80,80.0,0.0,80,80,80.0,0.0,0.0,40,20,20,2,0.0017005,0.003401,0.0,0.0017005,0.0,0.0,0.0,0.0,0.0,0.0,0.0,0.0,0.0,0.0,0,0,0,0,0,0,0,0,0,0,0,0.5,80.0,0,0,0,0,0,0,0,0,0,0,0.0,0.0,0.0,0.0,0.0,0.0,80.0,80.0,0,2,1,160,80,3
45.114603,6.583234257874329,0.1108288595601739,0.0664973157361043,0.0443315438240695,3,2,165,132,55,55,55.0,0.0,66,66,66.0,0.0,66,55,59.4,5.388877434122992,29.04,60,40,20,3,11.27865075,45.007473,0.0,19.473359439074738,45.04693,45.04693,0.0,22.523465,22.523465,0.0,0.0,0.0,0.0,0.0,0,0,0,0,0,0,0,0,5,0,0,0.6666666666666666,59.4,255,293,0,0,0,0,0,0,0,0,0.0,0.0,0.0,0.0,0.0,0.0,55.0,66.0,0,3,2,165,132,1
0.011985,21693.783896537338,250.3128911138924,166.8752607425949,83.43763037129744,2,1,142,118,71,71,71.0,0.0,118,118,118.0,0.0,118,71,86.66666666666667,22.15601247717849,490.8888888888889,40,20,20,2,0.0059925,0.011985,0.0,0.0059925,0.0,0.0,0.0,0.0,0.0,0.0,0.0,0.0,0.0,0.0,0,0,0,0,0,0,0,0,0,0,0,0.5,86.66666666666667,0,0,0,0,0,0,0,0,0,0,0.0,0.0,0.0,0.0,0.0,0.0,71.0,118.0,0,2,1,142,118,5
0.064538,154017.7879698782,185.93696736806223,92.96848368403111,92.96848368403111,6,6,3750,6190,1372,78,625.0,560.6847004630439,1372,85,1031.6666666666667,492.78483021384585,1372,78,828.3333333333334,565.6381843153409,319946.5555555556,120,120,20,6,0.0058670909090909,0.032981,0.0,0.0114602538085058,0.062292,0.034157,0.0,0.0124584,0.015205604027463,0.031557,0.02864,0.0,0.0063114,0.011221315780246,4,4,0,0,0,0,0,8,12,0,0,1.0,828.3333333333334,255,1047,0,0,0,0,0,0,0,0,0.0,0.0,5219.0,4.0,0.0,0.0,625.0,1031.6666666666667,0,6,6,3750,6190,2
0.027088,14729.769639692851,110.75014766686355,73.83343177790904,36.91671588895452,2,1,234,165,117,117,117.0,0.0,165,165,165.0,0.0,165,117,133.0,22.62741699796952,512.0,40,20,20,2,0.013544,0.027088,0.0,0.013544,0.0,0.0,0.0,0.0,0.0,0.0,0.0,0.0,0.0,0.0,0,0,0,0,0,0,0,0,0,0,0,0.5,133.0,0,0,0,0,0,0,0,0,0,0,0.0,0.0,0.0,0.0,0.0,0.0,117.0,165.0,0,2,1,234,165,3
0.032463,9210.48578381542,92.4129008409574,61.608600560638266,30.804300280319133,2,1,166,133,83,83,83.0,0.0,133,133,133.0,0.0,133,83,99.66666666666669,23.570226039551585,555.5555555555555,40,20,20,2,0.0162315,0.032463,0.0,0.0162315,0.0,0.0,0.0,0.0,0.0,0.0,0.0,0.0,0.0,0.0,0,0,0,0,0,0,0,0,0,0,0,0.5,99.66666666666669,0,0,0,0,0,0,0,0,0,0,0.0,0.0,0.0,0.0,0.0,0.0,83.0,133.0,0,2,1,166,133,5
1.720676,559.0825931203782,8.136337114017978,4.649335493724559,3.4870016202934195,8,6,499,463,95,54,62.375,13.284742187938765,180,54,77.16666666666667,46.18952502702557,180,54,68.71428571428571,32.692132237039566,1068.7755102040817,160,120,20,2,0.1323596923076923,1.647436,0.0,0.4375874293303057,1.720676,1.705715,0.0,0.2458108571428571,0.5960083246780628,1.716565,1.647436,0.0,0.343313,0.6524153431175572,2,2,0,0,2,3,0,4,12,0,0,0.75,68.71428571428571,65535,65535,0,0,0,0,0,0,0,0,0.0,0.0,0.0,0.0,0.0,0.0,62.375,77.16666666666667,0,8,6,499,463,0
100.410969,466509.0822896053,103.18593778335116,30.514594476227,72.67134330712415,3064,7297,152251,46690378,557,40,49.69027415143603,40.61625109717228,10000,40,6398.571741811704,3653.052843554027,10000,40,4521.052890647621,4218.28989858092,17793969.668469828,61280,145940,20,188,0.0096921784749034,58.829282,0.0,0.5891662618542328,100.410969,58.829282,0.0,0.0327819030362389,1.0831994093626096,100.388623,58.829664,2e-05,0.0137594055646929,0.7021081776360327,188,3540,0,0,0,3,0,3728,10359,0,0,2.381527415143603,4521.052890647621,65535,4096,0,0,0,0,0,0,0,0,699.3333333333334,7.0,317531.68493150687,48.63013698630137,60195.67899463461,3468885.803747176,49.69027415143603,6398.571741811704,0,3064,7297,152251,46690378,3
0.024485,18909.5364508883,122.5239942822136,81.68266285480907,40.84133142740453,2,1,174,289,87,87,87.0,0.0,289,289,289.0,0.0,289,87,154.33333333333334,95.2237131997884,9067.555555555557,40,20,20,2,0.0122425,0.024485,0.0,0.0122425,0.0,0.0,0.0,0.0,0.0,0.0,0.0,0.0,0.0,0.0,0,0,0,0,0,0,0,0,0,0,0,0.5,154.33333333333334,0,0,0,0,0,0,0,0,0,0,0.0,0.0,0.0,0.0,0.0,0.0,87.0,289.0,0,2,1,174,289,0
0.138347,134777.0461231541,289.1280620468821,144.56403102344106,144.56403102344106,20,20,6663,11983,1278,59,333.15,475.9442483106609,1278,50,599.15,549.9576597339108,1278,50,466.15,531.2035179665135,282177.1775,400,400,20,20,0.0035473589743589,0.064883,0.0,0.0103344659730467,0.133979,0.06561,0.0,0.0070515263157894,0.0145451591634953,0.123278,0.065193,6.1e-05,0.0064883157894736,0.0149573627849037,0,0,0,0,0,0,0,0,0,0,0,1.0,466.15,0,0,0,0,0,0,0,0,0,0,2043.0,8.0,4191.5,5.5,171579.74300831443,2429150.9707331206,333.15,599.15,0,20,20,6663,11983,5
0.131382,7291.714237871246,106.55949825699106,60.89114186113776,45.66835639585332,8,6,502,456,98,54,62.75,14.210471491122313,173,54,76.0,43.5928128632844,173,54,68.42857142857143,31.19000363146199,972.8163265306124,160,120,20,2,0.0101063076923076,0.066092,0.0,0.0195350870580825,0.131382,0.111888,0.0,0.0187688571428571,0.0381869408583935,0.120476,0.066092,0.0,0.0240952,0.0268308845802742,2,2,0,0,2,3,0,4,12,0,0,0.75,68.42857142857143,65535,65535,0,0,0,0,0,0,0,0,0.0,0.0,0.0,0.0,0.0,0.0,62.75,76.0,0,8,6,502,456,3
0.079805,2706.5973309942988,50.12217279619072,37.59162959714303,12.53054319904768,3,1,162,54,54,54,54.0,0.0,54,54,54.0,0.0,54,54,54.0,0.0,0.0,60,20,20,0,0.0266016666666666,0.07973,0.0,0.0375674172507092,0.079805,0.079805,0.0,0.0399025,0.0399025,0.0,0.0,0.0,0.0,0.0,0,0,0,0,3,0,0,0,4,0,0,0.3333333333333333,54.0,255,16387,0,0,0,0,0,0,0,0,0.0,0.0,0.0,0.0,0.0,0.0,54.0,54.0,0,3,1,162,54,3
0.08635,136676.31731326,162.13086276780544,69.48465547191662,92.64620729588884,6,8,3738,8064,1372,85,623.0,561.9139910460793,1372,125,1008.0,508.5565356968682,1372,85,843.0,565.1625556295412,319408.71428571426,120,160,20,6,0.0066423076923076,0.041057,0.0,0.0138200335766296,0.08635,0.048333,0.0,0.01727,0.0212989437202881,0.043838,0.043838,0.0,0.0062625714285714,0.0153401044777327,4,5,0,0,0,0,0,9,14,0,0,1.3333333333333333,843.0,255,139,0,0,0,0,0,0,0,0,0.0,0.0,7382.0,6.0,0.0,0.0,623.0,1008.0,0,6,8,3738,8064,2
115.231619,70.6576898828437,0.3905178143856505,0.1995979940193325,0.190919820366318,23,22,2202,5940,175,59,95.7391304347826,49.19457144963681,863,50,270.0,353.8443417405713,863,50,180.9333333333333,264.64436513933185,70036.64,460,440,20,23,2.618900431818182,114.987761,0.0,17.136093864459774,115.231619,114.987761,0.0,5.237800863636364,23.94941012104662,115.203324,115.027232,5.1e-05,5.485872571428571,24.49419621516826,0,0,0,0,0,0,0,0,0,0,0,0.9565217391304348,180.9333333333333,0,0,0,0,0,0,0,0,0,0,0.0,0.0,0.0,0.0,0.0,0.0,95.7391304347826,270.0,0,23,22,2202,5940,5
3.999589,2236.729823989415,1.750179830977633,1.750179830977633,0.0,7,0,8946,0,1278,1278,1278.0,0.0,0,0,0.0,0.0,1278,1278,1278.0,0.0,0.0,140,0,20,7,0.6665981666666666,1.895835,0.0,0.6861395747196573,3.999589,1.895835,0.0,0.6665981666666666,0.6861395747196573,0.0,0.0,0.0,0.0,0.0,0,0,0,0,0,0,0,0,0,0,0,0.0,1278.0,0,0,0,0,0,0,0,0,0,0,5000.0,4.0,0.0,0.0,5548.761405479069,0.0,1278.0,0.0,0,7,0,8946,0,4
0.015344,21962.98227320125,195.5161626694473,130.34410844629824,65.17205422314912,2,1,118,219,59,59,59.0,0.0,219,219,219.0,0.0,219,59,112.33333333333331,75.42472332656507,5688.88888888889,40,20,20,2,0.007672,0.015344,0.0,0.007672,0.0,0.0,0.0,0.0,0.0,0.0,0.0,0.0,0.0,0.0,0,0,0,0,0,0,0,0,0,0,0,0.5,112.33333333333331,0,0,0,0,0,0,0,0,0,0,0.0,0.0,0.0,0.0,0.0,0.0,59.0,219.0,0,2,1,118,219,5
0.013102,17707.220271714243,228.9726759273393,152.6484506182262,76.3242253091131,2,1,144,88,72,72,72.0,0.0,88,88,88.0,0.0,88,72,77.33333333333333,7.542472332656507,56.88888888888889,40,20,20,2,0.006551,0.013102,0.0,0.006551,0.0,0.0,0.0,0.0,0.0,0.0,0.0,0.0,0.0,0.0,0,0,0,0,0,0,0,0,0,0,0,0.5,77.33333333333333,0,0,0,0,0,0,0,0,0,0,0.0,0.0,0.0,0.0,0.0,0.0,72.0,88.0,0,2,1,144,88,1
92.237331,36005.98547241138,17.151406950402762,7.827633260550439,9.323773689852322,722,860,92518,3228578,972,40,128.14127423822714,266.8056436991797,10000,40,3754.1604651162793,3062.153689172281,10000,40,2099.302149178255,2896.868522411658,8391847.236139502,14440,17200,20,72,0.0583411328273244,1.036031,0.0,0.1217563034770573,92.237331,1.036561,0.0,0.1279297239944521,0.1573544939905816,91.927459,1.03634,3.4e-05,0.107016832363213,0.1528216850585888,72,628,0,0,0,3,0,700,1580,0,0,1.191135734072022,2099.302149178255,65535,4096,0,0,0,0,0,0,0,0,0.0,0.0,50546.467741935485,12.370967741935484,0.0,44582.9533834234,128.14127423822714,3754.1604651162793,0,722,860,92518,3228578,3
0.30217,542.7408412483039,9.928186120395804,6.618790746930536,3.309395373465268,2,1,110,54,55,55,55.0,0.0,54,54,54.0,0.0,55,54,54.66666666666666,0.4714045207910317,0.2222222222222222,40,20,20,2,0.151085,0.30217,0.0,0.151085,0.0,0.0,0.0,0.0,0.0,0.0,0.0,0.0,0.0,0.0,0,0,0,0,0,0,1,0,2,0,0,0.5,54.66666666666666,254,0,0,0,0,0,0,0,0,0,0.0,0.0,0.0,0.0,0.0,0.0,55.0,54.0,0,2,1,110,54,0
122.776095,111.65039904551452,0.2932166884766941,0.1873328843045545,0.1058838041721395,23,13,11980,1728,1372,93,520.8695652173913,519.1311557783938,287,93,132.92307692307693,52.385349593860745,1372,93,380.77777777777777,455.9518804478721,207892.11728395065,460,260,20,23,3.5078884285714285,58.123337,0.0,12.553491618347238,122.776095,58.123337,0.0,5.580731590909091,15.465221740412796,74.056898,58.145129,0.0,6.171408166666667,16.221660489614507,18,13,0,0,0,0,0,31,36,0,0,0.5652173913043478,380.77777777777777,251,835,0,0,0,0,0,0,0,0,3248.333333333333,5.0,0.0,0.0,2586252.653927813,0.0,520.8695652173913,132.92307692307693,0,23,13,11980,1728,2
0.128912,7059.079061685491,108.60121633362294,62.0578379049274,46.54337842869555,8,6,499,411,95,54,62.375,13.284742187938765,128,54,68.5,26.95520976236938,128,54,65.0,20.52872551885702,421.4285714285714,160,120,20,2,0.0099163076923076,0.064509,0.0,0.0192480328241,0.128912,0.112725,0.0,0.018416,0.0385959840583003,0.121072,0.064509,0.0,0.0242144,0.0261287145079891,2,2,0,0,2,3,0,4,12,0,0,0.75,65.0,65535,65535,0,0,0,0,0,0,0,0,0.0,0.0,0.0,0.0,0.0,0.0,62.375,68.5,0,8,6,499,411,1
0.246772,923.9297813366184,12.15697080706077,8.10464720470718,4.05232360235359,2,1,152,76,76,76,76.0,0.0,76,76,76.0,0.0,76,76,76.0,0.0,0.0,40,20,20,2,0.123386,0.246772,0.0,0.123386,0.0,0.0,0.0,0.0,0.0,0.0,0.0,0.0,0.0,0.0,0,0,0,0,0,0,0,0,0,0,0,0.5,76.0,0,0,0,0,0,0,0,0,0,0,0.0,0.0,0.0,0.0,0.0,0.0,76.0,76.0,0,2,1,152,76,4
0.289426,14117.598280734972,51.826719092272285,27.640916849211887,24.1858022430604,8,7,2381,1705,1369,40,297.625,449.5859032209528,1196,40,243.57142857142856,396.7359168957381,1369,40,272.4,426.5929832209308,181981.5733333333,160,140,20,3,0.0206732857142857,0.145106,0.0,0.0441431644011498,0.289426,0.148558,0.0,0.0413465714285714,0.0565833489991462,0.263898,0.145106,0.002386,0.043983,0.0591952792261905,3,3,0,0,0,3,0,6,13,0,0,0.875,272.4,65535,4096,0,0,0,0,0,0,0,0,0.0,0.0,0.0,0.0,0.0,0.0,297.625,243.57142857142856,0,8,7,2381,1705,4
64.742846,157.87072443494375,0.3089144397513819,0.1544572198756909,0.1544572198756909,10,10,1423,8798,557,40,142.3,181.4210847724156,2800,40,879.8,950.8104753314406,2800,40,511.05,777.4661712897866,604453.6474999998,200,200,20,3,3.407518210526316,64.515426,0.0,14.403293331770538,0.22742,0.103356,0.0,0.0252688888888888,0.0318019220818296,64.709203,64.561231,0.000264,7.189911444444444,20.283848121979453,3,5,0,0,0,3,1,8,18,0,0,1.0,511.05,65535,4096,0,0,0,0,0,0,0,0,0.0,0.0,0.0,0.0,0.0,0.0,142.3,879.8,0,10,10,1423,8798,4
0.210059,4646.313654735099,66.64794176874116,38.08453815356638,28.563403615174785,8,6,540,436,136,54,67.5,26.3581107061944,153,54,72.66666666666667,36.18317595543849,153,54,69.71428571428571,31.058535913034024,964.6326530612243,160,120,20,2,0.0161583846153846,0.149561,0.0,0.0400906290710636,0.210059,0.195458,0.0,0.0300084285714285,0.0675979978842508,0.202051,0.149561,0.0,0.0404101999999999,0.0571518712323577,2,2,0,0,2,3,0,4,12,0,0,0.75,69.71428571428571,65535,65535,0,0,0,0,0,0,0,0,0.0,0.0,0.0,0.0,0.0,0.0,67.5,72.66666666666667,0,8,6,540,436,3
0.019348,14006.615670870371,155.05478602439527,103.36985734959686,51.68492867479843,2,1,138,133,69,69,69.0,0.0,133,133,133.0,0.0,133,69,90.33333333333331,30.169889330626027,910.2222222222222,40,20,20,2,0.009674,0.019348,0.0,0.009674,0.0,0.0,0.0,0.0,0.0,0.0,0.0,0.0,0.0,0.0,0,0,0,0,0,0,0,0,0,0,0,0.5,90.33333333333331,0,0,0,0,0,0,0,0,0,0,0.0,0.0,0.0,0.0,0.0,0.0,69.0,133.0,0,2,1,138,133,4
0.943052,6042.084635841926,13.785029881703236,7.4227083978402035,6.362321483863032,7,6,2196,3502,1372,54,313.7142857142857,461.64727236455394,1372,54,583.6666666666666,587.6522970449637,1372,54,438.3076923076923,540.6035636376729,292252.2130177514,140,120,20,2,0.0785876666666666,0.32717,0.0,0.1269829754667486,0.6905589999999999,0.327271,0.0,0.1150931666666666,0.1440205518764789,0.615882,0.363315,0.0,0.1231764,0.1548713989923252,1,1,0,0,2,3,1,2,11,0,0,0.8571428571428571,438.3076923076923,65535,26883,0,0,0,0,0,0,0,0,0.0,0.0,0.0,0.0,0.0,0.0,313.7142857142857,583.6666666666666,0,7,6,2196,3502,0
1.339482,1148.2050524008534,13.43803052224666,8.958687014831106,4.479343507415553,12,6,896,642,107,54,74.66666666666667,22.9830855679176,347,54,107.0,107.4585191287007,347,54,85.44444444444444,66.58513532999373,4433.58024691358,240,120,20,5,0.0787930588235294,0.507572,0.0,0.1375577718754905,1.339482,0.507623,0.0,0.1217710909090909,0.1596374118776414,1.336634,1.021576,0.010919,0.2673268,0.3796658065522361,5,2,0,0,2,4,0,7,16,0,0,0.5,85.44444444444444,65535,65535,0,0,0,0,0,0,0,0,212.0,5.0,0.0,0.0,188.77316144290367,0.0,74.66666666666667,107.0,0,12,6,896,642,1
53.91385,155.71138028539977,0.9274054811518748,0.4822508501989749,0.4451546309528998,26,24,4857,3538,2088,40,186.80769230769232,392.29845577361993,1484,40,147.41666666666666,286.9138832278579,2088,40,167.9,346.3057752911436,119927.69,520,480,20,15,1.1002826530612246,53.203136,0.0,7.520453570243897,53.91385,53.203136,0.0,2.1565540000000003,10.419935076914818,53.788071,53.247835,0.000213,2.3386117826086963,10.853936587900645,14,10,0,0,0,3,0,24,48,0,0,0.9230769230769232,167.9,65535,4096,0,0,0,0,0,0,0,0,642.0,4.0,0.0,0.0,168062.82722513087,0.0,186.80769230769232,147.41666666666666,0,26,24,4857,3538,4
0.035532,12411.347517730495,84.43093549476528,56.28729032984352,28.14364516492176,2,1,172,269,86,86,86.0,0.0,269,269,269.0,0.0,269,86,147.0,86.2670273047588,7442.0,40,20,20,2,0.017766,0.035532,0.0,0.017766,0.0,0.0,0.0,0.0,0.0,0.0,0.0,0.0,0.0,0.0,0,0,0,0,0,0,0,0,0,0,0,0.5,147.0,0,0,0,0,0,0,0,0,0,0,0.0,0.0,0.0,0.0,0.0,0.0,86.0,269.0,0,2,1,172,269,0
0.012082,40804.502565800365,248.3032610494951,165.53550736633008,82.76775368316504,2,1,158,335,79,79,79.0,0.0,335,335,335.0,0.0,335,79,164.33333333333334,120.67955732250412,14563.555555555557,40,20,20,2,0.006041,0.012082,0.0,0.006041,0.0,0.0,0.0,0.0,0.0,0.0,0.0,0.0,0.0,0.0,0,0,0,0,0,0,0,0,0,0,0,0.5,164.33333333333334,0,0,0,0,0,0,0,0,0,0,0.0,0.0,0.0,0.0,0.0,0.0,79.0,335.0,0,2,1,158,335,5
0.064765,244020.6901876013,262.4874546437119,92.64263105072185,169.84482359299002,6,11,3768,12036,1372,78,628.0,558.3120393949366,1372,85,1094.1818181818182,473.4574605412283,1372,78,929.6470588235294,551.9905094214478,304693.52249134943,120,220,20,6,0.0040478124999999,0.033301,0.0,0.0101012803533682,0.064765,0.035775,0.0,0.012953,0.0158579373185796,0.030823,0.03061,0.0,0.0030823,0.00917611974693,4,4,0,0,0,0,0,8,17,0,0,1.8333333333333333,929.6470588235294,255,1047,0,0,0,0,0,0,0,0,0.0,0.0,10761.0,9.0,0.0,50521126.76056337,628.0,1094.1818181818182,0,6,11,3768,12036,2
0.06463,13925.421630821598,216.6176698127804,123.7815256073031,92.83614420547732,8,6,502,398,98,54,62.75,14.210471491122313,115,54,66.33333333333333,22.186081723058315,115,54,64.28571428571429,18.151853787378503,329.4897959183674,160,120,20,2,0.0049715384615384,0.04083,0.0,0.010742066586845,0.0646299999999999,0.053736,0.0,0.0092328571428571,0.0182820312909274,0.058494,0.042388,0.0,0.0116987999999999,0.015694667698298,2,2,0,0,2,3,0,4,12,0,0,0.75,64.28571428571429,65535,65535,0,0,0,0,0,0,0,0,0.0,0.0,0.0,0.0,0.0,0.0,62.75,66.33333333333333,0,8,6,502,398,0
113.878256,114.12187415304288,0.4127214593100197,0.2107513834774568,0.2019700758325628,24,23,5009,7987,1372,54,208.7083333333333,289.43803009260705,1274,54,347.2608695652174,421.894404405663,1372,54,276.51063829787233,366.9868031913598,134679.31371661383,480,460,20,16,2.4756142608695653,45.002549,0.0,9.302264187364974,113.511684,45.291005,0.0,4.935290608695651,12.776212671944682,113.501115,45.3688,0.0,5.1591415909090905,13.054967916647254,13,10,0,0,0,3,0,23,45,0,0,0.9583333333333334,276.51063829787233,65535,65535,0,0,0,0,0,0,0,0,1042.0,4.0,4518.0,4.0,83186.97110011175,0.0,208.7083333333333,347.2608695652174,0,24,23,5009,7987,1
0.085154,10287.244286821524,164.40801371632574,93.947436409329,70.46057730699674,8,6,490,386,86,54,61.25,10.580051984749414,103,54,64.33333333333333,17.82008853949821,103,54,62.57142857142857,14.226305040383496,202.38775510204087,160,120,20,2,0.0065503076923076,0.04403,0.0,0.0116485366554352,0.085154,0.061365,0.0,0.0121648571428571,0.020536778419137,0.079306,0.056555,0.0,0.0158612,0.0206768274104128,2,2,0,0,2,3,0,4,12,0,0,0.75,62.57142857142857,65535,65535,0,0,0,0,0,0,0,0,0.0,0.0,0.0,0.0,0.0,0.0,61.25,64.33333333333333,0,8,6,490,386,0
64.258414,1083.7491258343225,1.0582271762885402,0.5135514237870856,0.5446757525014545,33,35,4057,65583,1863,40,122.93939393939394,321.31151120991024,10000,40,1873.8,1978.2597662736669,10000,40,1024.1176470588234,1682.297549478896,2830125.0449826987,660,700,20,7,0.9590808059701492,63.045594,0.0,7.6431342700951586,1.21282,0.919773,0.0,0.037900625,0.1592595850080047,64.23163,63.088209,0.000163,1.889165588235294,10.65462262504442,7,24,0,0,0,3,1,31,66,0,0,1.0606060606060606,1024.1176470588234,65535,4096,0,0,0,0,0,0,0,0,761.0,4.0,28912.0,11.0,219118.9173625108,1844936.5069236169,122.93939393939394,1873.8,0,33,35,4057,65583,4
55.071297,128252.726642701,109.45810845893097,100.7602926075992,8.697815851331775,5549,479,7014867,48177,1278,50,1264.167777978014,125.55186579079832,1278,58,100.57828810020877,182.4821140558858,1278,50,1171.7060384870604,340.8740183706669,116195.09640016574,110980,9580,20,5549,0.0091374310602289,44.125557,0.0,0.5803330186216883,55.071297,44.15381,0.0,0.0099263332732516,0.6052801511297184,55.065003,44.137124,1.8e-05,0.115198751046025,2.0582499746112384,0,0,0,0,0,0,0,0,0,0,0,0.0863218597945575,1171.7060384870604,0,0,0,0,0,0,0,0,0,0,26362.38823529412,21.266666666666666,958.3684210526316,4.421052631578948,15427923.25522686,21821.637563560056,1264.167777978014,100.57828810020877,0,5549,479,7014867,48177,5
120.634901,64.73251053606784,0.2735526761032448,0.1657895006686332,0.1077631754346115,20,13,3458,4351,1213,40,172.9,308.0095615398976,1952,40,334.6923076923077,590.7047140252037,1952,40,236.63636363636363,448.5584869929935,201204.7162534436,400,260,20,11,3.76984065625,60.003728,0.0,14.51931574606744,120.634901,60.003728,0.0,6.349205315789473,18.403058006779684,60.597427,60.004747,0.000198,5.049785583333334,16.56966909834548,11,6,0,0,0,3,0,17,31,0,0,0.65,236.63636363636363,65535,4096,0,0,0,0,0,0,0,0,2254.0,6.0,0.0,0.0,3933682.373472949,0.0,172.9,334.6923076923077,0,20,13,3458,4351,4
0.028797,8785.63739278397,104.17751849150952,69.45167899433969,34.725839497169844,2,1,158,95,79,79,79.0,0.0,95,95,95.0,0.0,95,79,84.33333333333333,7.542472332656507,56.88888888888889,40,20,20,2,0.0143985,0.028797,0.0,0.0143985,0.0,0.0,0.0,0.0,0.0,0.0,0.0,0.0,0.0,0.0,0,0,0,0,0,0,0,0,0,0,0,0.5,84.33333333333333,0,0,0,0,0,0,0,0,0,0,0.0,0.0,0.0,0.0,0.0,0.0,79.0,95.0,0,2,1,158,95,0
0.389322,773.1389441130992,12.842839603207628,7.705703761924576,5.137135841283051,3,2,162,139,54,54,54.0,0.0,85,54,69.5,15.5,85,54,60.2,12.4,153.76000000000002,60,40,20,0,0.0973305,0.389293,0.0,0.1685646283840415,0.389322,0.389322,0.0,0.194661,0.194661,0.0,0.0,0.0,0.0,0.0,0,1,0,0,3,0,1,1,5,0,0,0.6666666666666666,60.2,252,186,0,0,0,0,0,0,0,0,0.0,0.0,0.0,0.0,0.0,0.0,54.0,69.5,0,3,2,162,139,1
0.073177,140631.61922461976,177.65144785930005,81.99297593506155,95.65847192423848,6,7,3746,6545,1372,78,624.3333333333334,560.6605231530237,1372,125,935.0,530.2931803661604,1372,78,791.6153846153846,566.1157177796424,320487.0059171598,120,140,20,6,0.0060980833333333,0.035814,0.0,0.0120808924784714,0.073177,0.041478,0.0,0.0146354,0.0177427040960502,0.036683,0.036567,0.0,0.0061138333333333,0.0136191360276226,4,5,0,0,0,0,0,9,13,0,0,1.1666666666666667,791.6153846153846,255,139,0,0,0,0,0,0,0,0,0.0,0.0,5917.0,5.0,0.0,51008620.68965517,624.3333333333334,935.0,0,6,7,3746,6545,2
0.019098,20106.817467797675,157.08451146716934,104.72300764477956,52.36150382238978,2,1,166,218,83,83,83.0,0.0,218,218,218.0,0.0,218,83,128.0,63.63961030678928,4050.0,40,20,20,2,0.009549,0.019098,0.0,0.009549,0.0,0.0,0.0,0.0,0.0,0.0,0.0,0.0,0.0,0.0,0,0,0,0,0,0,0,0,0,0,0,0.5,128.0,0,0,0,0,0,0,0,0,0,0,0.0,0.0,0.0,0.0,0.0,0.0,83.0,218.0,0,2,1,166,218,0
115.012521,1489.3074120164706,1.4607105255957304,0.7303552627978652,0.7303552627978652,84,84,11070,160219,597,40,131.78571428571428,193.85955099041183,8320,40,1907.369047619048,1738.7069550987069,8320,40,1019.577380952381,1522.6673123214368,2318515.744012188,1680,1680,20,16,0.6886977305389221,59.675635,0.0,4.820741889789721,55.336886,15.878089,0.0,0.6667094698795182,2.0888121802919266,114.985046,59.675991,0.000177,1.3853620000000002,6.767436384570667,16,66,0,0,0,3,1,82,166,0,0,1.0,1019.577380952381,65535,4096,0,0,0,0,0,0,0,0,0.0,0.0,11602.8,5.5,0.0,2279483.7036600458,131.78571428571428,1907.369047619048,0,84,84,11070,160219,4
0.016347,18290.81788707408,183.5199119104423,122.34660794029485,61.17330397014742,2,1,166,133,83,83,83.0,0.0,133,133,133.0,0.0,133,83,99.66666666666669,23.570226039551585,555.5555555555555,40,20,20,2,0.0081735,0.016347,0.0,0.0081735,0.0,0.0,0.0,0.0,0.0,0.0,0.0,0.0,0.0,0.0,0,0,0,0,0,0,0,0,0,0,0,0.5,99.66666666666669,0,0,0,0,0,0,0,0,0,0,0.0,0.0,0.0,0.0,0.0,0.0,83.0,133.0,0,2,1,166,133,5
0.242739,1277.0918558616456,12.358953443822376,8.239302295881584,4.119651147940792,2,1,148,162,74,74,74.0,0.0,162,162,162.0,0.0,162,74,103.33333333333331,41.48359782961079,1720.8888888888887,40,20,20,2,0.1213695,0.242739,0.0,0.1213695,0.0,0.0,0.0,0.0,0.0,0.0,0.0,0.0,0.0,0.0,0,0,0,0,0,0,0,0,0,0,0,0.5,103.33333333333331,0,0,0,0,0,0,0,0,0,0,0.0,0.0,0.0,0.0,0.0,0.0,74.0,162.0,0,2,1,148,162,0
0.092538,2463.8526875445764,32.41911430979706,21.61274287319804,10.80637143659902,2,1,152,76,76,76,76.0,0.0,76,76,76.0,0.0,76,76,76.0,0.0,0.0,40,20,20,2,0.046269,0.092538,0.0,0.046269,0.0,0.0,0.0,0.0,0.0,0.0,0.0,0.0,0.0,0.0,0,0,0,0,0,0,0,0,0,0,0,0.5,76.0,0,0,0,0,0,0,0,0,0,0,0.0,0.0,0.0,0.0,0.0,0.0,76.0,76.0,0,2,1,152,76,4
1.137286,876.6484419926035,13.18929451342934,7.913576708057604,5.275717805371736,9,6,555,442,85,54,61.66666666666666,9.820613241770824,167,54,73.66666666666667,41.76388657946267,167,54,66.46666666666667,28.10899421102712,790.1155555555557,180,120,20,2,0.0812347142857142,1.006372,0.0,0.2573806511934716,1.137286,1.006372,0.0,0.14216075,0.3288145611297308,0.126163,0.072549,0.0,0.0252326,0.0287449200840774,2,2,0,0,2,4,0,4,12,0,0,0.6666666666666666,66.46666666666667,65535,65535,0,0,0,0,0,0,0,0,0.0,0.0,0.0,0.0,0.0,0.0,61.66666666666666,73.66666666666667,0,9,6,555,442,1
0.020699,21836.803710324173,144.93453790038168,96.62302526692112,48.31151263346056,2,1,152,300,76,76,76.0,0.0,300,300,300.0,0.0,300,76,150.66666666666666,105.5946126571911,11150.222222222224,40,20,20,2,0.0103495,0.020699,0.0,0.0103495,0.0,0.0,0.0,0.0,0.0,0.0,0.0,0.0,0.0,0.0,0,0,0,0,0,0,0,0,0,0,0,0.5,150.66666666666666,0,0,0,0,0,0,0,0,0,0,0.0,0.0,0.0,0.0,0.0,0.0,76.0,300.0,0,2,1,152,300,0
2.315149,450.0790229916088,6.047126988370943,3.4555011362119674,2.5916258521589755,8,6,505,537,101,54,63.125,15.144615379731505,254,54,89.5,73.6924917025699,254,54,74.42857142857143,51.27198383650288,2628.816326530613,160,120,20,2,0.1780883846153846,2.239452,0.0,0.5951746386573037,2.315149,2.287109,0.0,0.3307355714285714,0.7986981798882582,2.307893,2.239452,0.0,0.4615786,0.8891460893422632,2,2,0,0,2,3,0,4,12,0,0,0.75,74.42857142857143,65535,65535,0,0,0,0,0,0,0,0,0.0,0.0,0.0,0.0,0.0,0.0,63.125,89.5,0,8,6,505,537,3
0.041364,5971.376075814718,72.5268349289237,48.35122328594914,24.17561164297457,2,1,122,125,61,61,61.0,0.0,125,125,125.0,0.0,125,61,82.33333333333333,30.169889330626027,910.2222222222222,40,20,20,2,0.020682,0.041364,0.0,0.020682,0.0,0.0,0.0,0.0,0.0,0.0,0.0,0.0,0.0,0.0,0,0,0,0,0,0,0,0,0,0,0,0.5,82.33333333333333,0,0,0,0,0,0,0,0,0,0,0.0,0.0,0.0,0.0,0.0,0.0,61.0,125.0,0,2,1,122,125,4
0.026375,10388.625592417062,113.74407582938387,75.82938388625593,37.91469194312796,2,1,150,124,75,75,75.0,0.0,124,124,124.0,0.0,124,75,91.33333333333331,23.098821518760552,533.5555555555555,40,20,20,2,0.0131875,0.026375,0.0,0.0131875,0.0,0.0,0.0,0.0,0.0,0.0,0.0,0.0,0.0,0.0,0,0,0,0,0,0,0,0,0,0,0,0.5,91.33333333333331,0,0,0,0,0,0,0,0,0,0,0.0,0.0,0.0,0.0,0.0,0.0,75.0,124.0,0,2,1,150,124,1
6.068566,1292.5623615200034,1.4830521741050522,0.8239178745028068,0.6591342996022455,5,4,3589,4255,1372,78,717.8,570.9278062942809,1372,560,1063.75,337.8286362936097,1372,78,871.5555555555555,511.23643391098864,261362.69135802463,100,80,20,5,0.75857075,5.362711,0.0,1.746401267418212,5.721101,5.362711,0.0,1.43027525,2.2751023877273497,5.717393,5.717393,0.0,1.9057976666666667,2.6952049073389994,3,3,0,0,0,0,0,6,9,0,0,0.8,871.5555555555555,255,70,0,0,0,0,0,0,0,0,0.0,0.0,0.0,0.0,0.0,0.0,717.8,1063.75,0,5,4,3589,4255,2
0.034184,13807.629300257431,87.7603557219752,58.50690381465013,29.253451907325065,2,1,162,310,81,81,81.0,0.0,310,310,310.0,0.0,310,81,157.33333333333334,107.95163526114628,11653.555555555557,40,20,20,2,0.017092,0.034184,0.0,0.017092,0.0,0.0,0.0,0.0,0.0,0.0,0.0,0.0,0.0,0.0,0,0,0,0,0,0,0,0,0,0,0,0.5,157.33333333333334,0,0,0,0,0,0,0,0,0,0,0.0,0.0,0.0,0.0,0.0,0.0,81.0,310.0,0,2,1,162,310,0
0.17025,83365.63876651981,99.85315712187958,46.98972099853157,52.863436123348016,8,9,7997,6196,1294,75,999.625,510.29450749052745,1294,69,688.4444444444445,563.2268363064765,1294,69,834.8823529411765,560.899580228356,314608.339100346,160,180,20,8,0.010640625,0.042184,0.0,0.0143370137357601,0.147062,0.08905,0.0,0.0210088571428571,0.0301911262006786,0.134952,0.069141,0.0,0.016869,0.0221450572532563,0,0,0,0,0,0,0,0,0,0,0,1.125,834.8823529411765,0,0,0,0,0,0,0,0,0,0,0.0,0.0,2592.0,4.0,0.0,222833.5625859697,999.625,688.4444444444445,0,8,9,7997,6196,2
63.136319,40.46799117319463,0.2375811614864655,0.1267099527927816,0.1108712086936839,8,7,1411,1144,572,40,176.375,208.014385019402,693,40,163.42857142857142,227.10592691697045,693,40,170.33333333333334,217.2288092209584,47188.35555555555,160,140,20,3,4.509737071428572,62.611784,0.0,16.11472215299238,0.524535,0.19413,0.0,0.0749335714285714,0.0785410032964713,62.990175,62.655154,0.00283,10.4983625,23.32532210730393,3,2,0,0,0,3,1,5,13,0,0,0.875,170.33333333333334,65535,4096,0,0,0,0,0,0,0,0,0.0,0.0,0.0,0.0,0.0,0.0,176.375,163.42857142857142,0,8,7,1411,1144,4
0.079719,145285.31466777055,188.1609152146916,87.80842710018942,100.3524881145022,7,8,4117,7465,1372,85,588.1428571428571,527.6333761162543,1372,125,933.125,495.1940118529302,1372,85,772.1333333333333,538.8153507670528,290321.98222222214,140,160,20,7,0.0056942142857142,0.035386,0.0,0.0118083166465635,0.073479,0.037706,0.0,0.0122465,0.016608185991151,0.044333,0.037739,0.0,0.0063332857142857,0.0130216270731676,5,6,0,0,0,0,0,11,15,0,0,1.1428571428571428,772.1333333333333,255,136,0,0,0,0,0,0,0,0,0.0,0.0,5934.0,5.0,0.0,0.0,588.1428571428571,933.125,0,7,8,4117,7465,2
0.187148,5134.9733900442425,69.4637399277577,37.40355226879261,32.0601876589651,7,6,441,520,91,54,63.0,12.501428489805246,237,54,86.66666666666667,67.36880253912456,237,54,73.92307692307692,48.1463498711705,2318.07100591716,140,120,20,2,0.0155956666666666,0.129154,0.0,0.036389916951296,0.187148,0.179817,0.0,0.0311913333333333,0.066488084365212,0.184314,0.129154,0.0,0.0368628,0.0497994205885972,2,2,0,0,2,3,1,4,11,0,0,0.8571428571428571,73.92307692307692,65535,65535,0,0,0,0,0,0,0,0,0.0,0.0,0.0,0.0,0.0,0.0,63.0,86.66666666666667,0,7,6,441,520,1
1.387534,984895.5052632944,867.0057814799493,95.13280395291214,771.8729775270372,132,1071,47068,1319508,1278,59,356.5757575757576,508.2382393102209,1278,49,1232.0336134453785,225.7563670098508,1278,49,1135.973399833749,385.4680060197389,148585.58366483345,2640,21420,20,132,0.0011543544093178,0.647489,0.0,0.0213238701570577,1.387534,0.647489,0.0,0.0105918625954198,0.0643161483667143,1.366143,0.656304,1.1e-05,0.0012767691588785,0.0228581604330932,0,0,0,0,0,0,0,0,0,0,0,8.113636363636363,1135.973399833749,0,0,0,0,0,0,0,0,0,0,7125.4,10.2,22999.30909090909,18.90909090909091,53805.02907196256,2846596.4710144764,356.5757575757576,1232.0336134453785,0,132,1071,47068,1319508,5
0.115939,5451.1424110954895,25.875676002035554,17.250450668023703,8.625225334011851,2,1,154,478,77,77,77.0,0.0,478,478,478.0,0.0,478,77,210.66666666666663,189.0332128372037,35733.55555555556,40,20,20,2,0.0579695,0.115939,0.0,0.0579695,0.0,0.0,0.0,0.0,0.0,0.0,0.0,0.0,0.0,0.0,0,0,0,0,0,0,0,0,0,0,0,0.5,210.66666666666663,0,0,0,0,0,0,0,0,0,0,0.0,0.0,0.0,0.0,0.0,0.0,77.0,478.0,0,2,1,154,478,0
0.163752,3639.650202745615,18.32038692657189,12.21359128438126,6.1067956421906295,2,1,312,284,156,156,156.0,0.0,284,284,284.0,0.0,284,156,198.66666666666663,60.339778661252055,3640.8888888888887,40,20,20,2,0.081876,0.163752,0.0,0.081876,0.0,0.0,0.0,0.0,0.0,0.0,0.0,0.0,0.0,0.0,0,0,0,0,0,0,0,0,0,0,0,0.5,198.66666666666663,0,0,0,0,0,0,0,0,0,0,0.0,0.0,0.0,0.0,0.0,0.0,156.0,284.0,0,2,1,312,284,3
0.515357,1746.362230453841,23.284829739384545,15.523219826256364,7.761609913128182,8,4,540,360,96,54,67.5,16.575584454250777,185,54,90.0,55.04997729336498,185,54,75.0,36.136315990058165,1305.8333333333333,160,80,20,3,0.0468506363636363,0.250851,0.0,0.0881922292776335,0.515357,0.253372,0.0,0.0736224285714285,0.1021457004645215,0.5079899999999999,0.292973,0.0,0.1693299999999999,0.1238918107570741,3,2,0,0,1,3,1,5,10,0,0,0.5,75.0,65535,65535,0,0,0,0,0,0,0,0,0.0,0.0,0.0,0.0,0.0,0.0,67.5,90.0,0,8,4,540,360,3
10.117272,1119.9659354814223,1.3837722263471814,0.5930452398630778,0.7907269864841037,6,8,4431,6900,1372,85,738.5,518.7172479620601,1372,85,862.5,523.8582823627016,1372,85,809.3571428571429,525.2579784044704,275895.943877551,120,160,20,6,0.7782516923076923,9.874935,0.0,2.6261950331940573,10.117272,9.95228,0.0,2.0234544,3.964584625137852,10.033609,9.874935,0.0,1.4333727142857142,3.446427336967317,4,6,0,0,0,0,0,10,14,0,0,1.3333333333333333,809.3571428571429,255,501,0,0,0,0,0,0,0,0,0.0,0.0,5072.0,5.0,0.0,0.0,738.5,862.5,0,6,8,4431,6900,2
0.079268,3078.1652116869354,37.84629358631478,25.23086239087652,12.61543119543826,2,1,120,124,60,60,60.0,0.0,124,124,124.0,0.0,124,60,81.33333333333333,30.169889330626027,910.2222222222222,40,20,20,2,0.039634,0.079268,0.0,0.039634,0.0,0.0,0.0,0.0,0.0,0.0,0.0,0.0,0.0,0.0,0,0,0,0,0,0,0,0,0,0,0,0.5,81.33333333333333,0,0,0,0,0,0,0,0,0,0,0.0,0.0,0.0,0.0,0.0,0.0,60.0,124.0,0,2,1,120,124,4
0.023225,20236.81377825619,129.17115177610333,86.1141011840689,43.05705059203445,2,1,142,328,71,71,71.0,0.0,328,328,328.0,0.0,328,71,156.66666666666666,121.15096184329514,14677.555555555557,40,20,20,2,0.0116125,0.023225,0.0,0.0116125,0.0,0.0,0.0,0.0,0.0,0.0,0.0,0.0,0.0,0.0,0,0,0,0,0,0,0,0,0,0,0,0.5,156.66666666666666,0,0,0,0,0,0,0,0,0,0,0.0,0.0,0.0,0.0,0.0,0.0,71.0,328.0,0,2,1,142,328,0
0.022714,15408.998855331512,132.07713304569867,88.05142203046579,44.02571101523289,2,1,174,176,87,87,87.0,0.0,176,176,176.0,0.0,176,87,116.66666666666669,41.95500235040182,1760.2222222222224,40,20,20,2,0.011357,0.022714,0.0,0.011357,0.0,0.0,0.0,0.0,0.0,0.0,0.0,0.0,0.0,0.0,0,0,0,0,0,0,0,0,0,0,0,0.5,116.66666666666669,0,0,0,0,0,0,0,0,0,0,0.0,0.0,0.0,0.0,0.0,0.0,87.0,176.0,0,2,1,174,176,0
0.194733,1386.5138420298565,25.676182259812155,15.405709355887293,10.270472903924862,3,2,162,108,54,54,54.0,0.0,54,54,54.0,0.0,54,54,54.0,0.0,0.0,60,40,20,0,0.04868325,0.194542,0.0,0.0842116246766887,0.194733,0.194733,0.0,0.0973665,0.0973665,0.0,0.0,0.0,0.0,0.0,0,0,0,0,3,0,0,0,5,0,0,0.6666666666666666,54.0,254,10152,0,0,0,0,0,0,0,0,0.0,0.0,0.0,0.0,0.0,0.0,54.0,54.0,0,3,2,162,108,1
0.322676,15430.338791853128,46.48625866193953,24.79267128636775,21.69358737557178,8,7,554,4425,227,40,69.25,60.18045779154559,2717,40,632.1428571428571,988.7626363391814,2717,40,331.93333333333334,732.8226221641603,537028.9955555556,160,140,20,2,0.0230482857142857,0.112471,0.0,0.0402203442061505,0.228846,0.112934,0.0,0.0326922857142857,0.0446723141832813,0.232337,0.112471,0.00017,0.0387228333333333,0.0464537866968046,2,2,0,0,1,3,1,4,13,0,0,0.875,331.93333333333334,65535,4096,0,0,0,0,0,0,0,0,0.0,0.0,0.0,0.0,0.0,0.0,69.25,632.1428571428571,0,8,7,554,4425,3
0.031555,10964.9817778482,95.0720963397243,63.38139755981619,31.690698779908097,2,1,158,188,79,79,79.0,0.0,188,188,188.0,0.0,188,79,115.33333333333331,51.38309276622245,2640.222222222222,40,20,20,2,0.0157775,0.031555,0.0,0.0157775,0.0,0.0,0.0,0.0,0.0,0.0,0.0,0.0,0.0,0.0,0,0,0,0,0,0,0,0,0,0,0,0.5,115.33333333333331,0,0,0,0,0,0,0,0,0,0,0.0,0.0,0.0,0.0,0.0,0.0,79.0,188.0,0,2,1,158,188,0
0.077581,133821.4253489901,180.45655508436343,77.33852360758434,103.11803147677912,6,8,3746,6636,1372,78,624.3333333333334,560.6605231530237,1372,85,829.5,571.1545325041201,1372,78,741.5714285714286,575.7046259381026,331435.81632653065,120,160,20,6,0.0059677692307692,0.038675,0.0,0.0120416133672032,0.075005,0.043276,0.0,0.015001,0.0179307110623087,0.0389059999999999,0.03571,0.0,0.005558,0.0123587965664715,4,6,0,0,0,0,0,10,14,0,0,1.3333333333333333,741.5714285714286,255,136,0,0,0,0,0,0,0,0,0.0,0.0,5932.0,5.0,0.0,0.0,624.3333333333334,829.5,0,6,8,3746,6636,2
41.099831,2707.407726323741,4.136270049382928,1.6545080197531712,2.4817620296297567,68,102,16467,94807,1278,59,242.16176470588235,405.9973417144979,1278,50,929.4803921568628,517.3621011759361,1278,50,654.5529411764705,583.0174249415425,339909.31778546714,1360,2040,20,68,0.2431942662721893,28.728994,0.0,2.2933560810196827,41.053306,28.728994,0.0,0.6127359104477613,3.612806891694492,41.076989000000005,28.767226,1.5e-05,0.4067028613861386,2.9605595737675228,0,0,0,0,0,0,0,0,0,0,0,1.5,654.5529411764705,0,0,0,0,0,0,0,0,0,0,1083.25,4.75,6013.555555555556,5.888888888888889,142359.62808423955,2941892.6998967226,242.16176470588235,929.4803921568628,0,68,102,16467,94807,1
0.183863,4960.214942647514,76.14365043537852,43.51065739164487,32.63299304373365,8,6,502,410,98,54,62.75,14.210471491122313,127,54,68.33333333333333,26.587382136812355,127,54,65.14285714285714,20.63927304525852,425.9795918367348,160,120,20,2,0.0141433076923076,0.110716,0.0,0.0305978445630623,0.183863,0.160531,0.0,0.0262661428571428,0.0550693794860591,0.180398,0.110716,0.0,0.0360796,0.0441815670550513,2,2,0,0,2,3,0,4,12,0,0,0.75,65.14285714285714,65535,65535,0,0,0,0,0,0,0,0,0.0,0.0,0.0,0.0,0.0,0.0,62.75,68.33333333333333,0,8,6,502,410,0
0.02388,11474.036850921271,125.6281407035176,83.75209380234506,41.87604690117253,2,1,150,124,75,75,75.0,0.0,124,124,124.0,0.0,124,75,91.33333333333331,23.098821518760552,533.5555555555555,40,20,20,2,0.01194,0.02388,0.0,0.01194,0.0,0.0,0.0,0.0,0.0,0.0,0.0,0.0,0.0,0.0,0,0,0,0,0,0,0,0,0,0,0,0.5,91.33333333333331,0,0,0,0,0,0,0,0,0,0,0.0,0.0,0.0,0.0,0.0,0.0,75.0,124.0,0,2,1,150,124,0
5.278817,319.5791784409272,2.84154574784464,1.3260546823274988,1.5154910655171414,7,8,1089,598,364,60,155.57142857142858,133.06159383947738,141,50,74.75,38.31040981247786,364,50,112.46666666666668,103.30076906242708,10671.048888888889,140,160,20,7,0.377058357142857,4.993458,0.0,1.280459169627365,5.241175,5.030367,0.0,0.8735291666666667,1.859118185961597,5.242032,5.033128,0.002668,0.7488617142857141,1.749191984135672,0,0,0,0,0,0,0,0,0,0,0,1.1428571428571428,112.46666666666668,0,0,0,0,0,0,0,0,0,0,0.0,0.0,0.0,0.0,0.0,0.0,155.57142857142858,74.75,0,7,8,1089,598,5
2.010787,506.2694357980233,6.465130319621123,3.978541735151461,2.4865885844696627,8,5,492,526,88,54,61.5,11.169153951844338,297,54,105.2,96.00708307203172,297,54,78.3076923076923,63.82715194526376,4073.9053254437854,160,100,20,2,0.1675655833333333,1.947318,0.0,0.536759523511454,2.010787,1.995837,0.0,0.2872552857142857,0.6975356755600829,1.999838,1.947318,0.0,0.4999595,0.8358595597474795,2,2,0,0,1,3,1,4,11,0,0,0.625,78.3076923076923,65535,65535,0,0,0,0,0,0,0,0,0.0,0.0,0.0,0.0,0.0,0.0,61.5,105.2,0,8,5,492,526,1
0.796983,1572.1790803567956,8.783123353948579,8.783123353948579,0.0,7,0,1253,0,403,83,179.0,128.75225379442043,0,0,0.0,0.0,403,83,179.0,128.75225379442043,16577.14285714286,140,0,20,7,0.1328305,0.266781,0.0,0.1324702506260053,0.796983,0.266781,0.0,0.1328305,0.1324702506260053,0.0,0.0,0.0,0.0,0.0,0,0,0,0,0,0,0,0,0,0,0,0.0,179.0,0,0,0,0,0,0,0,0,0,0,918.0,6.0,0.0,0.0,1151.8438912749707,0.0,179.0,0.0,0,7,0,1253,0,3
0.732334,23111.03949837096,32.77193193269738,16.38596596634869,16.38596596634869,12,12,6021,10904,1294,86,501.75,560.9472828766235,1513,69,908.6666666666666,590.4905211394638,1513,69,705.2083333333334,610.7910839754365,373065.7482638888,240,240,20,12,0.0318406086956521,0.18624,0.0,0.0571699649890296,0.732334,0.186443,0.0,0.0665758181818181,0.0688237641500748,0.668723,0.186748,0.0,0.060793,0.0704939267725822,0,0,0,0,0,0,0,0,0,0,0,1.0,705.2083333333334,0,0,0,0,0,0,0,0,0,0,0.0,0.0,3802.0,5.0,0.0,5708708.708708709,501.75,908.6666666666666,0,12,12,6021,10904,2
0.116947,7541.877944709997,119.71234832873012,68.40705618784578,51.30529214088433,8,6,493,389,89,54,61.625,11.46666363856549,106,54,64.83333333333333,18.906935823189915,106,54,63.0,15.19398377178095,230.8571428571429,160,120,20,2,0.008995923076923,0.051287,0.0,0.0173295712205002,0.116947,0.103501,0.0,0.0167067142857142,0.0354979920507153,0.11137,0.051729,0.0,0.022274,0.0239351677997042,2,2,0,0,2,3,0,4,12,0,0,0.75,63.0,65535,65535,0,0,0,0,0,0,0,0,0.0,0.0,0.0,0.0,0.0,0.0,61.625,64.83333333333333,0,8,6,493,389,3
0.037922,6750.698802805759,79.10975159537999,52.73983439692,26.36991719846,2,1,154,102,77,77,77.0,0.0,102,102,102.0,0.0,102,77,85.33333333333333,11.785113019775793,138.88888888888889,40,20,20,2,0.018961,0.037922,0.0,0.018961,0.0,0.0,0.0,0.0,0.0,0.0,0.0,0.0,0.0,0.0,0,0,0,0,0,0,0,0,0,0,0,0.5,85.33333333333333,0,0,0,0,0,0,0,0,0,0,0.0,0.0,0.0,0.0,0.0,0.0,77.0,102.0,0,2,1,154,102,3
0.00061,567213.1147540984,4918.032786885246,3278.688524590164,1639.344262295082,2,1,226,120,113,113,113.0,0.0,120,120,120.0,0.0,120,113,115.33333333333331,3.2998316455372216,10.888888888888888,40,20,20,2,0.000305,0.00061,0.0,0.000305,0.0,0.0,0.0,0.0,0.0,0.0,0.0,0.0,0.0,0.0,2,1,0,0,0,0,0,3,3,0,0,0.5,115.33333333333331,301,255,0,0,0,0,0,0,0,0,0.0,0.0,0.0,0.0,0.0,0.0,113.0,120.0,0,2,1,226,120,2
0.021978,12558.012558012557,136.5001365001365,91.000091000091,45.500045500045495,2,1,156,120,78,78,78.0,0.0,120,120,120.0,0.0,120,78,92.0,19.79898987322333,392.0,40,20,20,2,0.010989,0.021978,0.0,0.010989,0.0,0.0,0.0,0.0,0.0,0.0,0.0,0.0,0.0,0.0,0,0,0,0,0,0,0,0,0,0,0,0.5,92.0,0,0,0,0,0,0,0,0,0,0,0.0,0.0,0.0,0.0,0.0,0.0,78.0,120.0,0,2,1,156,120,3
7.903182,3602.4730292178515,3.2898141533372254,1.644907076668613,1.644907076668613,13,13,2485,25986,1364,40,191.15384615384616,364.6435237437846,8995,40,1998.923076923077,2767.439345775148,8995,40,1095.0384615384614,2170.9099736988924,4712850.113905326,260,260,20,3,0.31612728,5.997185,0.0,1.1783811237835582,7.903181999999999,6.042533,0.0,0.6585985,1.6470676294049322,6.632894,5.997404,0.000127,0.5527411666666667,1.645482984048343,3,8,0,0,1,4,0,11,23,0,0,1.0,1095.0384615384614,65535,4096,0,0,0,0,0,0,0,0,0.0,0.0,19381.0,4.0,0.0,1815040.2697134293,191.15384615384616,1998.923076923077,0,13,13,2485,25986,3
0.148197,50311.40981261429,80.97329905463674,40.48664952731837,40.48664952731837,6,6,3785,3671,1372,85,630.8333333333334,554.2440547468436,1372,85,611.8333333333334,548.0858864164346,1372,85,621.3333333333334,551.2554358512535,303882.5555555556,120,120,20,6,0.0134724545454545,0.04039,0.0,0.0169991615213737,0.117992,0.042788,0.0,0.0235984,0.0193617671776106,0.107807,0.039867,0.0,0.0215614,0.0177559423247542,4,5,0,0,0,0,0,9,12,0,0,1.0,621.3333333333334,255,285,0,0,0,0,0,0,0,0,0.0,0.0,0.0,0.0,0.0,0.0,630.8333333333334,611.8333333333334,0,6,6,3785,3671,2
1.420344,6045.718501996699,14.081095847203212,7.744602715961767,6.336493131241445,11,9,1948,6639,927,40,177.0909090909091,278.3426451321708,2888,40,737.6666666666666,1153.2998068344782,2888,40,429.35,847.8985360878977,718931.9275,220,180,20,3,0.074754947368421,0.782919,0.0,0.181042874770322,1.420344,0.783593,0.0,0.1420344,0.2333934790208158,1.225605,0.783353,0.000768,0.153200625,0.2511005306759314,3,5,0,0,0,3,0,8,18,0,0,0.8181818181818182,429.35,65535,4096,0,0,0,0,0,0,0,0,0.0,0.0,6027.0,4.0,0.0,7251.29397157233,177.0909090909091,737.6666666666666,0,11,9,1948,6639,3
0.025207,8767.405879319236,119.01455944777244,79.3430396318483,39.67151981592415,2,1,126,95,63,63,63.0,0.0,95,95,95.0,0.0,95,63,73.66666666666667,15.084944665313014,227.5555555555556,40,20,20,2,0.0126035,0.025207,0.0,0.0126035,0.0,0.0,0.0,0.0,0.0,0.0,0.0,0.0,0.0,0.0,0,0,0,0,0,0,0,0,0,0,0,0.5,73.66666666666667,0,0,0,0,0,0,0,0,0,0,0.0,0.0,0.0,0.0,0.0,0.0,63.0,95.0,0,2,1,126,95,4
0.031972,6599.524584011009,93.83210309020392,62.55473539346929,31.277367696734643,2,1,124,87,62,62,62.0,0.0,87,87,87.0,0.0,87,62,70.33333333333333,11.785113019775793,138.88888888888889,40,20,20,2,0.015986,0.031972,0.0,0.015986,0.0,0.0,0.0,0.0,0.0,0.0,0.0,0.0,0.0,0.0,0,0,0,0,0,0,0,0,0,0,0,0.5,70.33333333333333,0,0,0,0,0,0,0,0,0,0,0.0,0.0,0.0,0.0,0.0,0.0,62.0,87.0,0,2,1,124,87,1
3.629172,29657.178000932443,30.58548892143993,7.99080341190773,22.5946855095322,29,82,4311,103320,1372,54,148.6551724137931,258.5427698709761,1372,54,1260.0,338.32550353389473,1372,54,969.6486486486486,583.4376634935891,340399.5071828584,580,1640,20,8,0.0329924727272727,3.303057,0.0,0.3133599377509601,3.629172,3.303057,0.0,0.1296132857142857,0.611012362930329,3.591873,3.382926,0.0,0.0443441111111111,0.3734246045034301,7,42,0,0,0,3,0,49,109,0,0,2.827586206896552,969.6486486486486,65535,65535,0,0,0,0,0,0,0,0,0.0,0.0,47957.0,37.0,0.0,2013392.6697174525,148.6551724137931,1260.0,0,29,82,4311,103320,1
0.097886,2329.240136485299,30.647896532701303,20.43193102180087,10.215965510900435,2,1,152,76,76,76,76.0,0.0,76,76,76.0,0.0,76,76,76.0,0.0,0.0,40,20,20,2,0.048943,0.097886,0.0,0.048943,0.0,0.0,0.0,0.0,0.0,0.0,0.0,0.0,0.0,0.0,0,0,0,0,0,0,0,0,0,0,0,0.5,76.0,0,0,0,0,0,0,0,0,0,0,0.0,0.0,0.0,0.0,0.0,0.0,76.0,76.0,0,2,1,152,76,4
0.022721,14524.00862638088,132.036442058008,88.02429470533866,44.01214735266933,2,1,182,148,91,91,91.0,0.0,148,148,148.0,0.0,148,91,110.0,26.87005768508881,722.0,40,20,20,2,0.0113605,0.022721,0.0,0.0113605,0.0,0.0,0.0,0.0,0.0,0.0,0.0,0.0,0.0,0.0,0,0,0,0,0,0,0,0,0,0,0,0.5,110.0,0,0,0,0,0,0,0,0,0,0,0.0,0.0,0.0,0.0,0.0,0.0,91.0,148.0,0,2,1,182,148,3
0.229721,1323.3444047344387,13.05931978356354,8.70621318904236,4.35310659452118,2,1,160,144,80,80,80.0,0.0,144,144,144.0,0.0,144,80,101.33333333333331,30.169889330626027,910.2222222222222,40,20,20,2,0.1148605,0.229721,0.0,0.1148605,0.0,0.0,0.0,0.0,0.0,0.0,0.0,0.0,0.0,0.0,0,0,0,0,0,0,0,0,0,0,0,0.5,101.33333333333331,0,0,0,0,0,0,0,0,0,0,0.0,0.0,0.0,0.0,0.0,0.0,80.0,144.0,0,2,1,160,144,0
1.005452,196.9263574989159,2.9837326893775136,2.9837326893775136,0.0,3,0,198,0,66,66,66.0,0.0,0,0,0.0,0.0,66,66,66.0,0.0,0.0,60,0,20,0,0.502726,1.005452,0.0,0.502726,1.005452,1.005452,0.0,0.502726,0.502726,0.0,0.0,0.0,0.0,0.0,0,0,0,0,0,3,0,0,0,0,0,0.0,66.0,65535,0,0,0,0,0,0,0,0,0,0.0,0.0,0.0,0.0,0.0,0.0,66.0,0.0,0,3,0,198,0,1
60.397712,107.83521071129316,0.3476952901792041,0.1821261043795831,0.165569185799621,11,10,4190,2323,1638,40,380.9090909090909,594.7758102535862,796,40,232.3,292.4195786878847,1638,40,310.1428571428572,481.1748801694894,231529.2653061225,220,200,20,4,3.0198856,59.583179,0.0,12.97680573061939,0.814533,0.399514,0.0,0.0814532999999999,0.1250684030913084,60.369775,59.626898,0.000924,6.7077527777777775,18.71015416745225,4,4,0,0,0,3,1,8,19,0,0,0.9090909090909092,310.1428571428572,65535,4096,0,0,0,0,0,0,0,0,0.0,0.0,0.0,0.0,0.0,0.0,380.9090909090909,232.3,0,11,10,4190,2323,4
0.01896,13607.59493670886,158.2278481012658,105.48523206751054,52.74261603375527,2,1,142,116,71,71,71.0,0.0,116,116,116.0,0.0,116,71,86.0,21.213203435596427,450.0,40,20,20,2,0.00948,0.01896,0.0,0.00948,0.0,0.0,0.0,0.0,0.0,0.0,0.0,0.0,0.0,0.0,0,0,0,0,0,0,0,0,0,0,0,0.5,86.0,0,0,0,0,0,0,0,0,0,0,0.0,0.0,0.0,0.0,0.0,0.0,71.0,116.0,0,2,1,142,116,5
0.183824,6609.583079467317,76.15980503089912,43.51988858908521,32.63991644181391,8,6,485,730,81,54,60.625,9.150648884095595,447,54,121.66666666666669,145.55716708183382,447,54,86.78571428571429,100.20206625430762,10040.454081632652,160,120,20,2,0.0141403076923076,0.100654,0.0,0.0286123679427261,0.183824,0.159883,0.0,0.0262605714285714,0.0548131631267452,0.181034,0.100654,0.0,0.0362068,0.0409149968564095,2,2,0,0,2,3,0,4,12,0,0,0.75,86.78571428571429,65535,65535,0,0,0,0,0,0,0,0,0.0,0.0,0.0,0.0,0.0,0.0,60.625,121.66666666666669,0,8,6,485,730,3
51.475203,63169.13407801422,53.11295226946458,3.788231782203948,49.32472048726064,195,2539,48089,3203555,1278,58,246.6102564102564,421.756074717926,1278,49,1261.7388735722725,136.55515337988365,1278,49,1189.335771762985,313.46539704280707,98260.55514320468,3900,50780,20,195,0.0188346882546652,49.618397,0.0,0.949149883148961,51.475203,49.618397,0.0,0.2653360979381444,3.55331357411056,51.458357,49.661926,9e-06,0.0202751603624901,0.9857923215952924,0,0,0,0,0,0,0,0,0,0,0,13.02051282051282,1189.335771762985,0,0,0,0,0,0,0,0,0,0,4276.375,6.75,30298.88235294117,24.46078431372549,1490545.4862321366,8504645.172652923,246.6102564102564,1261.7388735722725,0,195,2539,48089,3203555,5
0.072881,141710.45951619765,178.3729641470342,82.32598345247733,96.04698069455688,6,7,3741,6587,1372,78,623.5,560.6358741048715,1372,125,941.0,527.8208570555518,1372,78,794.4615384615385,565.8024411107325,320132.4023668639,120,140,20,6,0.0060734166666666,0.038531,0.0,0.0128646857809685,0.072881,0.040617,0.0,0.0145762,0.0178434077619719,0.040165,0.040165,0.0,0.0066941666666666,0.0149686117193798,4,5,0,0,0,0,0,9,13,0,0,1.1666666666666667,794.4615384615385,255,139,0,0,0,0,0,0,0,0,0.0,0.0,5959.0,5.0,0.0,0.0,623.5,941.0,0,6,7,3741,6587,2
0.512238,1926.838696074872,27.33104533439534,17.569957714968435,9.761087619426908,9,5,586,401,92,54,65.11111111111111,14.609315479016534,172,54,80.2,46.12331297727864,172,54,70.5,30.80990100600779,949.25,180,100,20,3,0.039402923076923,0.221604,0.0,0.0780870441706034,0.512238,0.276907,0.0,0.06402975,0.1071332943507176,0.504093,0.225702,0.004772,0.12602325,0.0990588457266058,3,2,0,0,2,3,0,5,12,0,0,0.5555555555555556,70.5,65535,65535,0,0,0,0,0,0,0,0,0.0,0.0,0.0,0.0,0.0,0.0,65.11111111111111,80.2,0,9,5,586,401,1
0.164876,72199.71372425338,139.49877483684708,66.71680535675296,72.78196948009413,11,12,3734,8170,1372,54,339.45454545454544,499.6057288477792,1372,54,680.8333333333334,574.0303176275236,1372,54,517.5652173913044,566.0169628804697,320375.202268431,220,240,20,4,0.0074943636363636,0.061979,0.0,0.0155631514410436,0.162694,0.061979,0.0,0.0162693999999999,0.0199961574518705,0.136979,0.100632,0.0,0.0124526363636363,0.0285760318871116,3,3,0,0,2,3,1,6,21,0,0,1.0909090909090908,517.5652173913044,65535,65535,0,0,0,0,0,0,0,0,0.0,0.0,6121.0,5.0,0.0,0.0,339.45454545454544,680.8333333333334,0,11,12,3734,8170,1
0.158378,6396.0903660862,88.39611562211924,50.51206606978242,37.88404955233682,8,6,496,517,92,54,62.0,12.36931687685298,242,54,86.16666666666667,69.70513292115263,242,54,72.35714285714286,48.09158991349905,2312.801020408164,160,120,20,2,0.012182923076923,0.099368,0.0,0.0277887902426127,0.158378,0.148873,0.0,0.0226254285714285,0.0515576805885744,0.156166,0.099368,0.0,0.0312331999999999,0.0382445571259493,2,2,0,0,2,3,0,4,12,0,0,0.75,72.35714285714286,65535,65535,0,0,0,0,0,0,0,0,0.0,0.0,0.0,0.0,0.0,0.0,62.0,86.16666666666667,0,8,6,496,517,1
10.303087,865.468766788051,1.5529326307736702,0.8735246048101895,0.6794080259634807,9,7,4247,4670,1372,78,471.8888888888889,510.3291844909616,1372,78,667.1428571428571,492.3403087213526,1372,78,557.3125,511.7878855969043,261926.83984375,180,140,20,9,0.6868724666666666,9.999047,0.0,2.48908988813156,10.207015,9.999283,0.0,1.275876875,3.2974203368049864,10.202559,9.999775,0.0,1.7004264999999998,3.711850171285328,7,6,0,0,0,0,0,13,16,0,0,0.7777777777777778,557.3125,255,67,0,0,0,0,0,0,0,0,0.0,0.0,0.0,0.0,0.0,0.0,471.8888888888889,667.1428571428571,0,9,7,4247,4670,2
0.02261,12914.639540026536,132.68465280849182,88.45643520566121,44.22821760283061,2,1,148,144,74,74,74.0,0.0,144,144,144.0,0.0,144,74,97.33333333333331,32.99831645537222,1088.888888888889,40,20,20,2,0.011305,0.02261,0.0,0.011305,0.0,0.0,0.0,0.0,0.0,0.0,0.0,0.0,0.0,0.0,0,0,0,0,0,0,0,0,0,0,0,0.5,97.33333333333331,0,0,0,0,0,0,0,0,0,0,0.0,0.0,0.0,0.0,0.0,0.0,74.0,144.0,0,2,1,148,144,1
0.16167,5634.935362157481,86.59615265664625,49.48351580379786,37.1126368528484,8,6,503,408,99,54,62.875,14.520997727429062,125,54,68.0,25.85214368932165,125,54,65.07142857142857,20.33106098599693,413.35204081632656,160,120,20,2,0.0124361538461538,0.095943,0.0,0.0273429148180211,0.16167,0.151206,0.0,0.0230957142857142,0.0523246130412673,0.158688,0.095943,0.0,0.0317376,0.0376391571032083,2,2,0,0,2,3,0,4,12,0,0,0.75,65.07142857142857,65535,65535,0,0,0,0,0,0,0,0,0.0,0.0,0.0,0.0,0.0,0.0,62.875,68.0,0,8,6,503,408,1
0.273473,29483.715028540293,80.44669857719043,43.88001740574023,36.56668117145019,12,10,1838,6225,753,40,153.16666666666666,228.6645408064448,1750,40,622.5,718.2861894816022,1750,40,366.5,563.6042091268079,317649.70454545453,240,200,20,4,0.0130225238095238,0.117696,0.0,0.0276762057260797,0.273254,0.11809,0.0,0.0248412727272727,0.0376842220494343,0.245895,0.117696,0.000136,0.0273216666666666,0.037040482199285,4,4,0,0,1,3,1,8,20,0,0,0.8333333333333334,366.5,65535,4096,0,0,0,0,0,0,0,0,0.0,0.0,0.0,0.0,0.0,0.0,153.16666666666666,622.5,0,12,10,1838,6225,4
0.14067,6333.973128598849,99.52370796900549,56.87069026800313,42.65301770100235,8,6,493,398,89,54,61.625,11.46666363856549,115,54,66.33333333333333,22.186081723058315,115,54,63.642857142857146,17.073819318548765,291.515306122449,160,120,20,2,0.0108207692307692,0.069747,0.0,0.0213815679541401,0.14067,0.12644,0.0,0.0200957142857142,0.0434690109050254,0.135242,0.069747,0.0,0.0270484,0.0291136929543471,2,2,0,0,2,3,0,4,12,0,0,0.75,63.642857142857146,65535,65535,0,0,0,0,0,0,0,0,0.0,0.0,0.0,0.0,0.0,0.0,61.625,66.33333333333333,0,8,6,493,398,0
0.033919,6810.342286034376,88.44600371473216,58.964002476488105,29.48200123824405,2,1,124,107,62,62,62.0,0.0,107,107,107.0,0.0,107,62,77.0,21.213203435596427,450.0,40,20,20,2,0.0169595,0.033919,0.0,0.0169595,0.0,0.0,0.0,0.0,0.0,0.0,0.0,0.0,0.0,0.0,0,0,0,0,0,0,0,0,0,0,0,0.5,77.0,0,0,0,0,0,0,0,0,0,0,0.0,0.0,0.0,0.0,0.0,0.0,62.0,107.0,0,2,1,124,107,4
86.492415,24951.44805472249,14.556189695940391,6.913901062885111,7.642288633055281,598,661,63449,2094662,1148,40,105.66279069767442,233.8654046367263,10000,40,3316.5572625698323,2701.7069797191,10000,40,1795.4698972099852,2535.539645351002,6428961.293146685,12920,14320,20,51,0.0688311921850079,1.548998,0.0,0.1437273652516096,86.314315,1.550081,0.0,0.1450660756302521,0.1833870539735886,86.312617,1.549359,3.1e-05,0.1307766924242424,0.1809936331833273,51,586,0,0,0,3,0,637,1360,0,0,1.108359133126935,1795.4698972099852,65535,4096,0,0,0,0,0,0,0,0,0.0,0.0,46431.204081632655,13.326530612244898,0.0,30868.1784667846,105.66279069767442,3316.5572625698323,0,598,661,63449,2094662,3
6.572824,539594.8529886089,463.7276154054939,41.07823364812446,422.64938175736944,270,2778,54949,3491713,1278,58,203.51481481481483,375.0160067731466,1278,49,1256.9161267098632,153.29508881229074,1278,49,1163.6030183727034,351.3752451127263,123464.5628780285,5400,55560,20,270,0.0021571460452904,5.518893,0.0,0.1000504575634632,6.572824000000001,5.518893,0.0,0.0244342899628252,0.3359808162339288,6.553254,5.556401,1.3e-05,0.002359832193014,0.1055225159768345,0,0,0,0,0,0,0,0,0,0,0,10.28888888888889,1163.6030183727034,0,0,0,0,0,0,0,0,0,0,2506.0,6.6,25679.01526717557,20.85496183206107,1176673.1359168596,8269685.653951389,203.51481481481483,1256.9161267098632,0,270,2778,54949,3491713,5
0.1397,53371.5103793844,85.89835361488905,42.94917680744452,42.94917680744452,6,6,3785,3671,1372,85,630.8333333333334,554.2440547468436,1372,85,611.8333333333334,548.0858864164346,1372,85,621.3333333333334,551.2554358512535,303882.5555555556,120,120,20,6,0.0127,0.040939,0.0,0.0160514243264917,0.107042,0.044031,0.0,0.0214084,0.0182684368964616,0.0987609999999999,0.037139,0.0,0.0197521999999999,0.0163855359314244,4,5,0,0,0,0,0,9,12,0,0,1.0,621.3333333333334,255,285,0,0,0,0,0,0,0,0,0.0,0.0,0.0,0.0,0.0,0.0,630.8333333333334,611.8333333333334,0,6,6,3785,3671,2
7.422145,1859.83970941015,6.197669272157846,3.3682985174770903,2.829370754680756,25,21,3654,10150,1808,40,146.16,344.24464324082084,4240,40,483.3333333333333,923.6242450432676,4240,40,300.0869565217391,694.3064674186991,482061.47069943306,500,420,20,11,0.1649365555555555,7.127684,0.0,1.049790280853245,7.422003,7.127684,0.0,0.309250125,1.4218808992719911,7.390708,7.174868,0.000113,0.3695354,1.561404899862313,11,12,0,0,0,3,2,23,44,0,0,0.84,300.0869565217391,65535,4096,0,0,0,0,0,0,0,0,671.0,5.0,2017.0,6.0,306113.13868613134,28263.55024942548,146.16,483.3333333333333,0,25,21,3654,10150,4
9.511933,1170.319429289504,1.682097634623793,0.9461799194758836,0.7359177151479094,9,7,5126,6006,4169,40,569.5555555555555,1282.327234290245,4557,40,858.0,1565.7898965059137,4557,40,695.75,1420.5798771980403,2018047.1875,180,140,20,3,0.6341288666666667,8.996032,0.0,2.236092214583703,9.511808,8.996032,0.0,1.1889759999999998,2.952763770547392,9.401487,9.040002,0.003892,1.5669145,3.343676611254431,3,2,0,0,0,3,2,5,14,0,0,0.7777777777777778,695.75,65535,4096,0,0,0,0,0,0,0,0,0.0,0.0,0.0,0.0,0.0,0.0,569.5555555555555,858.0,0,9,7,5126,6006,4
0.099184,10021.777706081626,141.15179867720602,80.65817067268915,60.493628004516864,8,6,512,482,108,54,64.0,17.349351572897472,199,54,80.33333333333333,53.24367463735847,199,54,71.0,38.10886660982867,1452.2857142857142,160,120,20,2,0.0076295384615384,0.042845,0.0,0.0148875276896487,0.099184,0.088445,0.0,0.0141691428571428,0.0303697456616123,0.095043,0.046553,0.0,0.0190086,0.0206647803627331,2,2,0,0,2,3,0,4,12,0,0,0.75,71.0,65535,65535,0,0,0,0,0,0,0,0,0.0,0.0,0.0,0.0,0.0,0.0,64.0,80.33333333333333,0,8,6,512,482,0
0.658296,1377.7996524359862,19.747955327086903,12.15258789359194,7.595367433494963,8,5,550,357,101,54,68.75,18.659782956937093,128,54,71.4,28.66077458827657,128,54,69.76923076923077,23.062303061169047,531.8698224852071,160,100,20,3,0.054858,0.24977,0.0,0.0887219710302921,0.658296,0.25269,0.0,0.0940422857142857,0.1084283670654953,0.649125,0.302508,0.0,0.16228125,0.1151288818919366,3,2,0,0,1,3,1,5,11,0,0,0.625,69.76923076923077,65535,65535,0,0,0,0,0,0,0,0,0.0,0.0,0.0,0.0,0.0,0.0,68.75,71.4,0,8,5,550,357,3
1.664555,23414.666382306383,56.47154945315715,27.63501356218329,28.836535890973863,46,48,25192,13783,1278,59,547.6521739130435,533.2768763438934,1278,50,287.1458333333333,402.1864197516357,1278,50,414.6276595744681,488.5925723833095,238722.70178813947,920,960,20,46,0.017898440860215,0.508071,0.0,0.0537350756973831,1.625976,0.532484,0.0,0.0361328,0.0789715439905342,1.644395,0.553095,2.2e-05,0.0349871276595744,0.0796005051078855,0,0,0,0,0,0,0,0,0,0,0,1.0434782608695652,414.6276595744681,0,0,0,0,0,0,0,0,0,0,1993.0,4.0,7540.0,7.0,83831.0759653403,4858247.422680412,547.6521739130435,287.1458333333333,0,46,48,25192,13783,1
0.111448,78332.49587251453,125.61912281961094,53.8367669226904,71.78235589692054,6,8,3744,4986,1372,78,624.0,560.6499204792,1372,78,623.25,584.7039314901175,1372,78,623.5714285714286,574.5185206868834,330071.5306122449,120,160,20,6,0.008572923076923,0.040636,0.0,0.0145374582185339,0.085648,0.045818,0.0,0.0171296,0.0201212009740969,0.070812,0.044562,0.0,0.010116,0.0167267969438263,4,6,0,0,0,0,0,10,14,0,0,1.3333333333333333,623.5714285714286,255,277,0,0,0,0,0,0,0,0,0.0,0.0,4229.0,4.0,0.0,0.0,624.0,623.25,0,6,8,3744,4986,2
0.063087,14075.80008559608,221.91576711525352,126.80900978014488,95.10675733510864,8,6,496,392,92,54,62.0,12.36931687685298,109,54,65.33333333333333,19.9972220292942,109,54,63.42857142857143,16.1719081200982,261.530612244898,160,120,20,2,0.0048528461538461,0.043091,0.0,0.0111737063876705,0.063087,0.050268,0.0,0.0090124285714285,0.0169505989684068,0.057393,0.045185,0.0,0.0114786,0.016928721848976,2,2,0,0,2,3,0,4,12,0,0,0.75,63.42857142857143,65535,65535,0,0,0,0,0,0,0,0,0.0,0.0,0.0,0.0,0.0,0.0,62.0,65.33333333333333,0,8,6,496,392,0
0.117666,7716.757602026073,118.98084408410246,67.98905376234426,50.9917903217582,8,6,506,402,102,54,63.25,15.45760330711071,119,54,67.0,23.65022903342235,119,54,64.85714285714286,19.48573523249817,379.6938775510204,160,120,20,2,0.0090512307692307,0.053591,0.0,0.0182617123519036,0.117666,0.106438,0.0,0.0168094285714285,0.0366412582552866,0.114796,0.059174,0.0,0.0229592,0.0259169783223276,2,2,0,0,2,3,0,4,12,0,0,0.75,64.85714285714286,65535,65535,0,0,0,0,0,0,0,0,0.0,0.0,0.0,0.0,0.0,0.0,63.25,67.0,0,8,6,506,402,3
63.234363,176.94493103377985,0.4586114040557347,0.237212795201242,0.2213986088544926,15,14,3591,7598,1862,40,239.4,485.6576022947305,2659,40,542.7142857142857,780.4523805891984,2659,40,385.82758620689657,662.5873042782553,439021.9357907253,300,280,20,6,2.258370107142857,63.088073,0.0,11.70668727672838,0.145956,0.044331,0.0,0.0104254285714285,0.0147430949683198,63.221785,63.088073,0.000252,4.863214230769231,16.808083847905188,6,7,0,0,0,3,1,13,27,0,0,0.9333333333333332,385.82758620689657,65535,4096,0,0,0,0,0,0,0,0,0.0,0.0,0.0,0.0,0.0,0.0,239.4,542.7142857142857,0,15,14,3591,7598,5
117.69582,1864.05090682065,1.6398203436621623,0.2294049185434113,1.410415425118751,27,166,7664,211727,1372,92,283.85185185185185,324.398555016157,1372,100,1275.4638554216867,296.8783297404394,1372,92,1136.740932642487,456.9944334001408,208843.9121587157,540,3320,20,27,0.6129990625,58.474021,0.0,5.914738375399121,117.674052,58.512046,0.0,4.525925076923077,15.523919029303828,117.648278,58.495789,0.0,0.7130198666666666,6.378098336690707,25,61,0,0,0,0,0,86,193,0,0,6.148148148148148,1136.740932642487,255,285,0,0,0,0,0,0,0,0,1161.0,8.0,39885.4,32.0,155130.9460181721,2801846.1019711425,283.85185185185185,1275.4638554216867,0,27,166,7664,211727,2
123.356329,22.67415075232986,0.0891725628443434,0.0486395797332782,0.0405329831110651,6,5,2313,484,678,93,385.5,292.5,117,88,96.8,10.283968105745952,678,88,254.27272727272728,259.5762599136212,67379.8347107438,120,100,20,6,12.3356329,58.378309,0.0,23.08571821537054,123.356329,58.404601,0.0,24.6712658,27.608796604185585,116.770203,58.404734,0.0,29.19255075,29.19255405079956,6,5,0,0,0,0,0,11,11,0,0,0.8333333333333334,254.27272727272728,252,1043,0,0,0,0,0,0,0,0,0.0,0.0,0.0,0.0,0.0,0.0,385.5,96.8,0,6,5,2313,484,2
3.668452,89.9561995086756,1.362972719828418,0.5451890879313672,0.8177836318970509,2,3,132,198,66,66,66.0,0.0,66,66,66.0,0.0,66,66,66.0,0.0,0.0,40,60,20,0,0.917113,2.085289,0.0,0.7668063245908316,0.0,0.0,0.0,0.0,0.0,3.11637,2.085289,1.031081,1.558185,0.527104,0,0,0,0,0,5,0,0,3,0,0,1.5,66.0,65535,42340,0,0,0,0,0,0,0,0,0.0,0.0,0.0,0.0,0.0,0.0,66.0,66.0,0,2,3,132,198,1
12.485036,245.2535979872225,2.082492994012993,1.1213423813916117,0.9611506126213814,14,12,995,2067,100,54,71.07142857142857,14.547774919280297,416,54,172.25,123.1740807421215,416,54,117.76923076923076,98.28776733195537,9660.485207100592,280,240,20,9,0.49940144,7.629493,0.0,1.5891166533196506,12.451918,7.663521,0.0,0.957839846153846,2.1131791219368194,12.451008,7.664358,0.000351,1.131909818181818,2.257466836537837,2,2,0,0,2,2,0,4,12,0,0,0.8571428571428571,117.76923076923076,65535,65535,0,0,0,0,0,0,0,0,0.0,0.0,0.0,0.0,0.0,0.0,71.07142857142857,172.25,0,14,12,995,2067,1
18.357598,49379.608377958815,44.28683970528171,5.828649260104727,38.45819044517698,107,706,31343,875148,1278,59,292.9252336448598,452.1373891960911,1278,51,1239.586402266289,203.0158565286724,1278,51,1114.9950799507994,406.3481955962816,165118.85606435398,2140,14120,20,107,0.0226078793103448,17.597829,0.0,0.6171905459087937,18.357598,17.597829,0.0,0.1731848867924527,1.7005987607056718,18.141228,17.615133,2.1e-05,0.0257322382978723,0.6629543781764574,0,0,0,0,0,0,0,0,0,0,0,6.598130841121495,1114.9950799507994,0,0,0,0,0,0,0,0,0,0,6179.0,7.666666666666667,18682.46511627907,15.325581395348838,100417.66206750849,4759130.573871008,292.9252336448598,1239.586402266289,0,107,706,31343,875148,5
0.026699,17341.473463425595,112.36375894228247,74.90917262818832,37.45458631409416,2,1,174,289,87,87,87.0,0.0,289,289,289.0,0.0,289,87,154.33333333333334,95.2237131997884,9067.555555555557,40,20,20,2,0.0133495,0.026699,0.0,0.0133495,0.0,0.0,0.0,0.0,0.0,0.0,0.0,0.0,0.0,0.0,0,0,0,0,0,0,0,0,0,0,0,0.5,154.33333333333334,0,0,0,0,0,0,0,0,0,0,0.0,0.0,0.0,0.0,0.0,0.0,87.0,289.0,0,2,1,174,289,0
0.143818,35524.0651378826,76.48555813597741,34.766162789080646,41.719395346896775,5,6,940,4169,269,85,188.0,71.74398929527128,1372,92,694.8333333333334,538.3386222650407,1372,85,464.45454545454544,473.3986142078199,224106.24793388427,100,120,20,5,0.0143818,0.057863,0.0,0.021838839189847,0.097808,0.058729,0.0,0.024452,0.0251605521103969,0.1068109999999999,0.059252,0.0,0.0213621999999999,0.0264232474945832,5,5,0,0,0,0,0,10,11,0,0,1.2,464.45454545454544,255,1053,0,0,0,0,0,0,0,0,0.0,0.0,0.0,0.0,0.0,0.0,188.0,694.8333333333334,0,5,6,940,4169,2
0.10878,3254.274682846112,27.578599007170435,18.38573267144696,9.192866335723478,2,1,128,226,64,64,64.0,0.0,226,226,226.0,0.0,226,64,118.0,76.36753236814714,5832.0,40,20,20,2,0.05439,0.10878,0.0,0.05439,0.0,0.0,0.0,0.0,0.0,0.0,0.0,0.0,0.0,0.0,0,0,0,0,0,0,0,0,0,0,0,0.5,118.0,0,0,0,0,0,0,0,0,0,0,0.0,0.0,0.0,0.0,0.0,0.0,64.0,226.0,0,2,1,128,226,3
0.39469,277579.8728115737,410.4487065798475,157.08530745648486,253.36339912336263,62,100,16947,92611,1278,59,273.33870967741933,435.1581449107968,1278,51,926.11,527.0763302406967,1278,51,676.283950617284,587.0482499480845,344625.6477671087,1240,2000,20,62,0.0024514906832298,0.128275,0.0,0.0139599688520172,0.39469,0.164893,0.0,0.0064703278688524,0.025828284493162,0.373891,0.128275,2e-05,0.0037766767676767,0.017757060195438,0,0,0,0,0,0,0,0,0,0,0,1.6129032258064515,676.283950617284,0,0,0,0,0,0,0,0,0,0,1768.5,5.666666666666667,5562.571428571428,6.214285714285714,716717.3252279635,492889.1955012373,273.33870967741933,926.11,0,62,100,16947,92611,5
0.148934,6512.952045872668,94.00136973424468,53.7150684195684,40.28630131467629,8,6,489,481,85,54,61.125,10.288798520721455,198,54,80.16666666666667,52.87222543285106,198,54,69.28571428571429,36.70622479601396,1347.3469387755104,160,120,20,2,0.0114564615384615,0.087886,0.0,0.0248322055515858,0.1489339999999999,0.134929,0.0,0.0212762857142857,0.046451181571053,0.145492,0.087886,0.0,0.0290983999999999,0.0345901534347565,2,2,0,0,2,3,0,4,12,0,0,0.75,69.28571428571429,65535,65535,0,0,0,0,0,0,0,0,0.0,0.0,0.0,0.0,0.0,0.0,61.125,80.16666666666667,0,8,6,489,481,1
0.0,0.0,0.0,0.0,0.0,2,0,186,0,93,93,93.0,0.0,0,0,0.0,0.0,93,93,93.0,0.0,0.0,40,0,20,2,0.0,0.0,0.0,0.0,0.0,0.0,0.0,0.0,0.0,0.0,0.0,0.0,0.0,0.0,2,0,0,0,0,0,0,2,2,0,0,0.0,93.0,146,0,0,0,0,0,0,0,0,0,0.0,0.0,0.0,0.0,0.0,0.0,93.0,0.0,0,2,0,186,0,2
0.117572,9500.5613581465,119.07597046915932,68.04341169666247,51.032558772496856,8,6,498,619,94,54,62.25,12.97834735241741,336,54,103.16666666666669,104.21518869893944,336,54,79.78571428571429,71.83928349490428,5160.882653061227,160,120,20,2,0.009044,0.052284,0.0,0.0172964372721,0.117572,0.104333,0.0,0.016796,0.0357948102383571,0.1135579999999999,0.052284,0.002093,0.0227116,0.0230960771612843,2,2,0,0,2,3,0,4,12,0,0,0.75,79.78571428571429,65535,65535,0,0,0,0,0,0,0,0,0.0,0.0,0.0,0.0,0.0,0.0,62.25,103.16666666666669,0,8,6,498,619,0
0.507895,141231.9475482137,98.44554484686796,39.378217938747184,59.067326908120776,20,30,5561,66170,1401,40,278.05,436.81672071934247,10000,40,2205.6666666666665,2289.477179522774,10000,40,1434.62,2028.081959783677,4113116.435600002,400,600,20,7,0.0103652040816326,0.10424,0.0,0.0223301839697217,0.485035,0.138606,0.0,0.0255281578947368,0.0365591992199863,0.479607,0.10424,8.3e-05,0.0165381724137931,0.02690569387255,7,19,0,0,2,3,0,26,48,0,0,1.5,1434.62,65535,4096,0,0,0,0,0,0,0,0,0.0,0.0,29007.5,8.0,0.0,690005.8278523769,278.05,2205.6666666666665,0,20,30,5561,66170,4
0.022289,14132.531742114945,134.59554040109472,89.73036026739648,44.86518013369824,2,1,180,135,90,90,90.0,0.0,135,135,135.0,0.0,135,90,105.0,21.213203435596427,450.0,40,20,20,2,0.0111445,0.022289,0.0,0.0111445,0.0,0.0,0.0,0.0,0.0,0.0,0.0,0.0,0.0,0.0,0,0,0,0,0,0,0,0,0,0,0,0.5,105.0,0,0,0,0,0,0,0,0,0,0,0.0,0.0,0.0,0.0,0.0,0.0,90.0,135.0,0,2,1,180,135,0
5.969167,1395.0020161942196,1.5077480660199325,0.8376378144555179,0.6701102515644143,5,4,3597,4730,1372,78,719.4,570.7439355788198,1372,614,1182.5,328.22362803430224,1372,78,925.2222222222222,530.8533544686492,281805.2839506173,100,80,20,5,0.746145875,5.940128,0.0,1.963161033278628,5.969167,5.940128,0.0,1.49229175,2.567986821005549,0.0,0.0,0.0,0.0,0.0,3,1,0,0,0,0,0,4,9,0,0,0.8,925.2222222222222,255,1046,0,0,0,0,0,0,0,0,0.0,0.0,4514.0,4.0,0.0,0.0,719.4,1182.5,0,5,4,3597,4730,2
0.016472,18759.106362311803,182.1272462360369,121.41816415735794,60.70908207867897,2,1,152,157,76,76,76.0,0.0,157,157,157.0,0.0,157,76,103.0,38.18376618407357,1458.0,40,20,20,2,0.008236,0.016472,0.0,0.008236,0.0,0.0,0.0,0.0,0.0,0.0,0.0,0.0,0.0,0.0,0,0,0,0,0,0,0,0,0,0,0,0.5,103.0,0,0,0,0,0,0,0,0,0,0,0.0,0.0,0.0,0.0,0.0,0.0,76.0,157.0,0,2,1,152,157,0
0.117644,10854.782224337832,119.00309408044608,68.0017680459692,51.0013260344769,8,6,498,779,94,54,62.25,12.97834735241741,496,54,129.83333333333334,163.81129048050653,496,54,91.21428571428572,112.76155536062342,12715.16836734694,160,120,20,2,0.0090495384615384,0.055716,0.0,0.017476058614861,0.117644,0.104238,0.0,0.0168062857142857,0.0357529403175031,0.113558,0.055716,0.0,0.0227116,0.0233470981717214,2,2,0,0,2,3,0,4,12,0,0,0.75,91.21428571428572,65535,65535,0,0,0,0,0,0,0,0,0.0,0.0,0.0,0.0,0.0,0.0,62.25,129.83333333333334,0,8,6,498,779,0
65.0593,98.37179311797084,0.2305588901202441,0.1229647413974635,0.1075941487227806,8,7,941,5459,557,40,117.625,167.32448827054574,3193,40,779.8571428571429,1098.8095413506678,3193,40,426.6666666666667,829.1728944489739,687527.6888888892,160,140,20,2,4.647092857142858,64.977569,0.0,16.732667123543667,0.081731,0.053948,0.0,0.0116758571428571,0.0180250183073302,65.04659500000001,65.019878,0.000225,10.841099166666668,24.22948692887294,2,3,0,0,0,3,1,5,13,0,0,0.875,426.6666666666667,65535,4096,0,0,0,0,0,0,0,0,0.0,0.0,0.0,0.0,0.0,0.0,117.625,779.8571428571429,0,8,7,941,5459,5
0.549682,1751.92202036814,25.469271324147417,14.553869328084238,10.915401996063178,8,6,489,474,85,54,61.125,10.288798520721455,191,54,79.0,50.272590278732736,191,54,68.78571428571429,34.95543810426676,1221.8826530612246,160,120,20,2,0.0422832307692307,0.490701,0.0,0.1298995905294392,0.549682,0.536204,0.0,0.0785259999999999,0.1868593079542543,0.543544,0.490701,0.0,0.1087087999999999,0.191711494934863,2,2,0,0,2,3,0,4,12,0,0,0.75,68.78571428571429,65535,65535,0,0,0,0,0,0,0,0,0.0,0.0,0.0,0.0,0.0,0.0,61.125,79.0,0,8,6,489,474,1
0.000537,7217877.094972067,5586.592178770949,5586.592178770949,0.0,3,0,3876,0,1292,1292,1292.0,0.0,0,0,0.0,0.0,1292,1292,1292.0,0.0,0.0,60,0,20,3,0.0002685,0.000537,0.0,0.0002685,0.000537,0.000537,0.0,0.0002685,0.0002685,0.0,0.0,0.0,0.0,0.0,0,0,0,0,0,0,0,0,0,0,0,0.0,1292.0,0,0,0,0,0,0,0,0,0,0,0.0,0.0,0.0,0.0,0.0,0.0,1292.0,0.0,0,3,0,3876,0,1
0.237813,4154.524773666704,58.86978424224076,33.63987670985186,25.229907532388893,8,6,540,448,136,54,67.5,26.3581107061944,165,54,74.66666666666667,40.62702986381795,165,54,70.57142857142857,33.42093929968859,1116.9591836734694,160,120,20,2,0.0182933076923076,0.179539,0.0,0.0478682246145757,0.237813,0.226114,0.0,0.0339732857142857,0.0784616458727525,0.234652,0.179539,0.0,0.0469304,0.06845435558268,2,2,0,0,2,3,0,4,12,0,0,0.75,70.57142857142857,65535,65535,0,0,0,0,0,0,0,0,0.0,0.0,0.0,0.0,0.0,0.0,67.5,74.66666666666667,0,8,6,540,448,3
0.316214,3124.466342413682,44.27381456861493,25.299322610637105,18.974491957977826,8,6,540,448,136,54,67.5,26.3581107061944,165,54,74.66666666666667,40.62702986381795,165,54,70.57142857142857,33.42093929968859,1116.9591836734694,160,120,20,2,0.0243241538461538,0.240588,0.0,0.0637448786538315,0.316214,0.296815,0.0,0.0451734285714285,0.102791054624497,0.305963,0.240588,0.0,0.0611926,0.0918756921314881,2,2,0,0,2,3,0,4,12,0,0,0.75,70.57142857142857,65535,65535,0,0,0,0,0,0,0,0,0.0,0.0,0.0,0.0,0.0,0.0,67.5,74.66666666666667,0,8,6,540,448,3
2.744724,74010.72020356145,61.57267543111802,10.56572536983682,51.0069500612812,29,140,8427,194712,1294,85,290.58620689655174,412.5972000207015,1513,66,1390.8,373.5704599823554,1513,66,1202.0059171597634,562.930208892124,316890.4200833304,580,2800,20,29,0.0163376428571428,0.95431,0.0,0.0933710589754972,2.744724,0.95431,0.0,0.0980258571428571,0.2112353760846474,2.672441,1.02177,0.0,0.0192261942446043,0.1095361594226444,0,0,0,0,0,0,0,0,0,0,0,4.827586206896552,1202.0059171597634,0,0,0,0,0,0,0,0,0,0,0.0,0.0,24167.714285714286,17.0,0.0,22466666.666666664,290.58620689655174,1390.8,0,29,140,8427,194712,2
28.311154,371.51435084560666,0.6004700479535381,0.2472523726867509,0.3532176752667871,7,10,2767,7751,867,85,395.2857142857143,329.0265791633228,1372,85,775.1,562.7437160910818,1372,85,618.7058823529412,515.5591784033974,265801.2664359861,140,200,20,7,1.769447125,15.877631,0.0,4.12107278772659,28.311154,21.403198,0.0,4.718525666666666,7.785751286845447,12.098652,11.769274,0.0,1.3442946666666666,3.687217363880307,7,7,0,0,1,0,0,14,17,0,0,1.4285714285714286,618.7058823529412,255,497,0,0,0,0,0,0,0,0,0.0,0.0,3006.0,4.5,0.0,0.0,395.2857142857143,775.1,0,7,10,2767,7751,2
61.429245,191.70022356615323,0.6674345419677549,0.3418567166176305,0.3255778253501243,21,20,7632,4144,2088,40,363.4285714285714,600.2376966810788,1508,40,207.2,380.2268533388981,2088,40,287.219512195122,511.0359403233799,261157.73230220104,420,400,20,14,1.535731125,61.023302,0.0,9.525662353752333,0.405769,0.100774,0.0,0.02028845,0.0314594303134608,61.407346,61.023302,0.000778,3.2319655789473685,13.62158051333408,13,8,0,0,0,3,1,21,39,0,0,0.9523809523809524,287.219512195122,65535,4096,0,0,0,0,0,0,0,0,1174.0,4.0,0.0,0.0,55904761.9047619,0.0,363.4285714285714,207.2,0,21,20,7632,4144,4
0.055015,11796.782695628464,54.53058256839044,36.35372171226029,18.176860856130144,2,1,166,483,83,83,83.0,0.0,483,483,483.0,0.0,483,83,216.3333333333333,188.56180831641268,35555.555555555555,40,20,20,2,0.0275075,0.055015,0.0,0.0275075,0.0,0.0,0.0,0.0,0.0,0.0,0.0,0.0,0.0,0.0,0,0,0,0,0,0,0,0,0,0,0,0.5,216.3333333333333,0,0,0,0,0,0,0,0,0,0,0.0,0.0,0.0,0.0,0.0,0.0,83.0,483.0,0,2,1,166,483,0
0.112284,111779.06024010543,124.68383741227602,53.43593031954686,71.24790709272915,6,8,3739,8812,1372,78,623.1666666666666,560.62774835199,1372,85,1101.5,446.4353256631917,1372,78,896.5,551.9267226207272,304623.1071428572,120,160,20,6,0.0086372307692307,0.056417,0.0,0.0195468561082332,0.112284,0.057887,0.0,0.0224568,0.027367425464592,0.054306,0.054306,0.0,0.007758,0.0190031414245118,4,5,0,0,0,0,0,9,14,0,0,1.3333333333333333,896.5,255,1047,0,0,0,0,0,0,0,0,0.0,0.0,7733.0,6.0,0.0,0.0,623.1666666666666,1101.5,0,6,8,3739,8812,2
0.00162,162962.96296296298,1851.851851851852,1851.851851851852,0.0,3,0,264,0,93,78,88.0,7.071067811865476,0,0,0.0,0.0,93,78,88.0,7.071067811865476,50.0,60,0,20,3,0.00081,0.00162,0.0,0.00081,0.00162,0.00162,0.0,0.00081,0.00081,0.0,0.0,0.0,0.0,0.0,3,0,0,0,0,0,0,3,3,0,0,0.0,88.0,2047,0,0,0,0,0,0,0,0,0,0.0,0.0,0.0,0.0,0.0,0.0,88.0,0.0,0,3,0,264,0,2
0.0,0.0,0.0,0.0,0.0,2,0,120,0,60,60,60.0,0.0,0,0,0.0,0.0,60,60,60.0,0.0,0.0,40,0,20,2,0.0,0.0,0.0,0.0,0.0,0.0,0.0,0.0,0.0,0.0,0.0,0.0,0.0,0.0,0,0,0,0,0,0,0,0,0,0,0,0.0,60.0,0,0,0,0,0,0,0,0,0,0,0.0,0.0,0.0,0.0,0.0,0.0,60.0,0.0,0,2,0,120,0,1
11.460484,7129.71633658753,5.7589190823005385,5.060868284445927,0.6980507978546108,58,8,75375,6335,1372,85,1299.5689655172414,259.5939875020331,1372,85,791.875,554.1447097780507,1372,85,1238.030303030303,351.9912606394864,123897.84756657488,1160,160,20,58,0.1763151384615384,10.113609,0.0,1.2440357967389335,11.460484,10.407043,0.0,0.2010611228070175,1.3652879461452487,11.183121,10.113609,0.0,1.5975887142857144,3.487764611765565,8,6,0,0,0,0,0,14,66,0,0,0.1379310344827586,1238.030303030303,255,501,0,0,0,0,0,0,0,0,68904.0,53.0,5281.0,5.0,131471.3441544441,0.0,1299.5689655172414,791.875,0,58,8,75375,6335,2
0.119186,7651.905425133825,117.46346047354557,67.1219774134546,50.34148306009095,8,6,502,410,98,54,62.75,14.210471491122313,127,54,68.33333333333333,26.587382136812355,127,54,65.14285714285714,20.63927304525852,425.9795918367348,160,120,20,2,0.0091681538461538,0.054058,0.0,0.0171484398386386,0.119186,0.100124,0.0,0.0170265714285714,0.0340661534365003,0.112971,0.057981,0.0,0.0225942,0.0234726878767643,2,2,0,0,2,3,0,4,12,0,0,0.75,65.14285714285714,65535,65535,0,0,0,0,0,0,0,0,0.0,0.0,0.0,0.0,0.0,0.0,62.75,68.33333333333333,0,8,6,502,410,0
0.115426,71318.42045986174,112.62627137733266,51.98135602030738,60.64491535702528,6,7,3733,4499,1372,78,622.1666666666666,560.6093163296125,1372,85,642.7142857142857,524.0424503758435,1372,78,633.2307692307693,541.3234713105612,293031.10059171595,120,140,20,6,0.0096188333333333,0.061836,0.0,0.021103529431643,0.115426,0.063152,0.0,0.0230852,0.0283442535509404,0.052963,0.052963,0.0,0.0088271666666666,0.0197381447153868,4,6,0,0,0,0,0,10,13,0,0,1.1666666666666667,633.2307692307693,255,83,0,0,0,0,0,0,0,0,0.0,0.0,635.0,4.0,0.0,0.0,622.1666666666666,642.7142857142857,0,6,7,3733,4499,2
61.283907,41.77279363079772,0.2447624626804554,0.1305399800962428,0.1142224825842125,8,7,1416,1144,572,40,177.0,208.9760751856537,693,40,163.42857142857142,227.10592691697045,693,40,170.66666666666666,217.73000609827656,47406.35555555555,160,140,20,3,4.377421928571429,60.542878,0.0,15.577929673260622,0.741029,0.454309,0.0,0.1058612857142857,0.1530920640900335,61.168290000000006,60.588956,0.00141,10.194715,22.53754190305336,3,2,0,0,0,3,1,5,13,0,0,0.875,170.66666666666666,65535,4096,0,0,0,0,0,0,0,0,0.0,0.0,0.0,0.0,0.0,0.0,177.0,163.42857142857142,0,8,7,1416,1144,4
0.138516,7991.856536429004,101.07135637760258,57.75506078720148,43.31629559040111,8,6,485,622,81,54,60.625,9.150648884095595,339,54,103.66666666666669,105.33227847573072,339,54,79.07142857142857,72.5016889317703,5256.494897959185,160,120,20,2,0.0106550769230769,0.074721,0.0,0.0219508686895268,0.138516,0.125187,0.0,0.019788,0.043083734464744,0.132651,0.074721,0.0,0.0265301999999999,0.0302445799534395,2,2,0,0,2,3,0,4,12,0,0,0.75,79.07142857142857,65535,65535,0,0,0,0,0,0,0,0,0.0,0.0,0.0,0.0,0.0,0.0,60.625,103.66666666666669,0,8,6,485,622,3
0.216684,4504.255044211848,64.61021579812076,36.92012331321187,27.690092484908902,8,6,540,436,136,54,67.5,26.3581107061944,153,54,72.66666666666667,36.18317595543849,153,54,69.71428571428571,31.058535913034024,964.6326530612243,160,120,20,2,0.016668,0.162022,0.0,0.0433834086507024,0.216684,0.207066,0.0,0.0309548571428571,0.0719125251765317,0.213798,0.162022,0.0,0.0427596,0.0618635248093737,2,2,0,0,2,3,0,4,12,0,0,0.75,69.71428571428571,65535,65535,0,0,0,0,0,0,0,0,0.0,0.0,0.0,0.0,0.0,0.0,67.5,72.66666666666667,0,8,6,540,436,3
0.069883,12878.668631856102,200.33484538442823,114.47705450538756,85.85779087904068,8,6,502,398,98,54,62.75,14.210471491122313,115,54,66.33333333333333,22.186081723058315,115,54,64.28571428571429,18.151853787378503,329.4897959183674,160,120,20,2,0.0053756153846153,0.047269,0.0,0.0123190693675634,0.069883,0.058444,0.0,0.0099832857142857,0.0198653288830729,0.067174,0.052191,0.0,0.0134348,0.0195424974391708,2,2,0,0,2,3,0,4,12,0,0,0.75,64.28571428571429,65535,65535,0,0,0,0,0,0,0,0,0.0,0.0,0.0,0.0,0.0,0.0,62.75,66.33333333333333,0,8,6,502,398,0
0.07165,3572.9239357990227,41.8702023726448,27.913468248429865,13.956734124214933,2,1,152,104,76,76,76.0,0.0,104,104,104.0,0.0,104,76,85.33333333333333,13.199326582148888,174.22222222222226,40,20,20,2,0.035825,0.07165,0.0,0.035825,0.0,0.0,0.0,0.0,0.0,0.0,0.0,0.0,0.0,0.0,0,0,0,0,0,0,0,0,0,0,0,0.5,85.33333333333333,0,0,0,0,0,0,0,0,0,0,0.0,0.0,0.0,0.0,0.0,0.0,76.0,104.0,0,2,1,152,104,3
27.348539,528.5839949256522,1.1700807856682949,0.511910343729879,0.6581704419384158,14,18,8116,6340,1294,73,579.7142857142857,546.8075436530831,1294,66,352.22222222222223,446.97173109164487,1294,66,451.75,505.8914779871272,255926.1875,280,360,20,14,0.8822109354838711,13.559493,0.0,3.289064838957096,27.299265,13.606635,0.0,2.099943461538462,4.836106521653719,27.31348,13.616454,0.0,1.606675294117647,4.327770957393911,0,0,0,0,0,0,0,0,0,0,0,1.2857142857142858,451.75,0,0,0,0,0,0,0,0,0,0,4196.0,4.0,4802.0,8.0,2738903.394255874,1368091.168091168,579.7142857142857,352.22222222222223,0,14,18,8116,6340,2
5.856759,552139.8438965988,461.5180511952088,29.197035425224087,432.3210157699847,171,2532,24253,3209497,1278,59,141.83040935672514,287.1763531155052,1278,51,1267.5738546603477,106.019401167174,1278,51,1196.3559008509064,301.4091848567531,90847.49671601236,3420,50640,20,171,0.0021675643967431,3.907476,0.0,0.0783211095915115,5.848708,3.924216,0.0,0.0344041647058823,0.3120491320975083,5.844528,3.919588,1.2e-05,0.002309177400237,0.0812403987767655,0,0,0,0,0,0,0,0,0,0,0,14.807017543859647,1196.3559008509064,0,0,0,0,0,0,0,0,0,0,1306.111111111111,5.555555555555555,30302.058252427185,24.359223300970875,383098.68335288746,7551156.584706131,141.83040935672514,1267.5738546603477,0,171,2532,24253,3209497,5
0.08595,3664.9214659685854,34.904013961605585,23.26934264107039,11.634671320535196,2,1,160,155,80,80,80.0,0.0,155,155,155.0,0.0,155,80,105.0,35.35533905932738,1250.0,40,20,20,2,0.042975,0.08595,0.0,0.042975,0.0,0.0,0.0,0.0,0.0,0.0,0.0,0.0,0.0,0.0,0,0,0,0,0,0,0,0,0,0,0,0.5,105.0,0,0,0,0,0,0,0,0,0,0,0.0,0.0,0.0,0.0,0.0,0.0,80.0,155.0,0,2,1,160,155,0
0.665118,30976.45831266031,37.58731533351977,13.531433520067116,24.05588181345265,9,16,4651,15952,1372,85,516.7777777777778,487.7266488009624,1372,125,997.0,503.7390197314479,1372,85,824.12,548.7905480235606,301171.0656,180,320,20,9,0.02771325,0.173968,0.0,0.0533524320003705,0.49115,0.254105,0.0,0.06139375,0.0900048036284036,0.629505,0.317048,0.0,0.041967,0.0872929880154567,7,9,0,0,0,0,0,16,25,0,0,1.7777777777777777,824.12,255,139,0,0,0,0,0,0,0,0,0.0,0.0,7113.5,6.0,0.0,0.0,516.7777777777778,997.0,0,9,16,4651,15952,2
2.250701,4775.401086150493,11.551956479336884,5.775978239668442,5.775978239668442,13,13,4665,6083,1372,54,358.84615384615387,466.7474768015267,1372,54,467.9230769230769,519.8442757267961,1372,54,413.38461538461536,497.01114961360446,247020.0828402367,260,260,20,5,0.0900280399999999,0.97643,0.0,0.2086864049092762,2.229766,0.97643,0.0,0.1858138333333333,0.271117333832246,1.963381,1.326414,0.0,0.1636150833333333,0.3671353057381021,4,6,0,0,2,3,1,10,24,0,0,1.0,413.38461538461536,65535,65535,0,0,0,0,0,0,0,0,0.0,0.0,4247.0,5.0,0.0,0.0,358.84615384615387,467.9230769230769,0,13,13,4665,6083,1
0.218686,84143.47511957785,141.75575939932142,68.59149648354261,73.16426291577879,15,16,7198,11203,1278,59,479.8666666666667,564.28513674875,1278,51,700.1875,541.2101277172758,1278,51,593.5806451612904,563.3598388352572,317374.30801248696,300,320,20,15,0.0072895333333333,0.042897,0.0,0.0120109948178972,0.179227,0.056461,0.0,0.0128019285714285,0.0172739697169067,0.206306,0.072513,1.2e-05,0.0137537333333333,0.0212776452126534,0,0,0,0,0,0,0,0,0,0,0,1.0666666666666669,593.5806451612904,0,0,0,0,0,0,0,0,0,0,1465.0,4.5,7540.0,7.0,112731.33007579546,3349622.390048867,479.8666666666667,700.1875,0,15,16,7198,11203,5
0.124511,7035.522965842376,112.43986475090554,64.25135128623174,48.18851346467381,8,6,490,386,86,54,61.25,10.580051984749414,103,54,64.33333333333333,17.82008853949821,103,54,62.57142857142857,14.226305040383496,202.38775510204087,160,120,20,2,0.0095777692307692,0.053432,0.0,0.0186786983204597,0.124511,0.111847,0.0,0.0177872857142857,0.0384488473307227,0.120117,0.056258,0.002042,0.0240234,0.025196390373226,2,2,0,0,2,3,0,4,12,0,0,0.75,62.57142857142857,65535,65535,0,0,0,0,0,0,0,0,0.0,0.0,0.0,0.0,0.0,0.0,61.25,64.33333333333333,0,8,6,490,386,3
0.136183,7100.739446186381,102.80284617022684,58.744483525843904,44.058362644382925,8,6,497,470,93,54,62.125,12.673175411079892,187,54,78.33333333333333,48.78752117316704,187,54,69.07142857142857,34.29590622324287,1176.2091836734694,160,120,20,2,0.0104756153846153,0.073055,0.0,0.0214565293470612,0.136183,0.12235,0.0,0.0194547142857142,0.0420593593447379,0.1317569999999999,0.073055,0.0,0.0263514,0.0294102760585479,2,2,0,0,2,3,0,4,12,0,0,0.75,69.07142857142857,65535,65535,0,0,0,0,0,0,0,0,0.0,0.0,0.0,0.0,0.0,0.0,62.125,78.33333333333333,0,8,6,497,470,0
0.126901,64885.22549073687,102.44206113427,47.280951292740006,55.161109841530006,6,7,3733,4501,1372,78,622.1666666666666,560.6093163296125,1372,85,643.0,524.1853543492853,1372,78,633.3846153846154,541.4006817735383,293114.69822485204,120,140,20,6,0.0105750833333333,0.064503,0.0,0.0209507872264915,0.118836,0.067696,0.0,0.0237672,0.029154406311225,0.062398,0.053119,0.0,0.0103996666666666,0.0194027901830867,4,6,0,0,0,0,0,10,13,0,0,1.1666666666666667,633.3846153846154,255,83,0,0,0,0,0,0,0,0,0.0,0.0,0.0,0.0,0.0,0.0,622.1666666666666,643.0,0,6,7,3733,4501,2
59.73671,120.9474040334662,0.4185031281434816,0.2176216266346104,0.2008815015088711,13,12,3644,3581,2088,40,280.3076923076923,531.8904434063298,1440,40,298.4166666666667,461.4237853884672,2088,40,289.0,499.3910692032848,249391.44,260,240,20,8,2.4890295833333336,59.491404,0.0,11.885845771268215,0.244764,0.129863,0.0,0.020397,0.0359664330360036,59.709318,59.491404,0.000374,5.428119818181819,17.096348240899644,7,4,0,0,0,3,1,11,23,0,0,0.9230769230769232,289.0,65535,4096,0,0,0,0,0,0,0,0,722.0,4.0,0.0,0.0,374870.19730010384,0.0,280.3076923076923,298.4166666666667,0,13,12,3644,3581,4
0.133906,7423.117709437965,104.55095365405585,59.74340208803191,44.807551566023925,8,6,512,482,108,54,64.0,17.349351572897472,199,54,80.33333333333333,53.24367463735847,199,54,71.0,38.10886660982867,1452.2857142857142,160,120,20,2,0.0103004615384615,0.057643,0.0,0.0188540304265545,0.133906,0.109637,0.0,0.0191294285714285,0.0372349592063968,0.130636,0.062364,0.0,0.0261272,0.027812280405605,2,2,0,0,2,3,0,4,12,0,0,0.75,71.0,65535,65535,0,0,0,0,0,0,0,0,0.0,0.0,0.0,0.0,0.0,0.0,64.0,80.33333333333333,0,8,6,512,482,0
85.168282,12.528138116018354,0.1761219041614576,0.093931682219444,0.0821902219420135,8,7,506,561,101,54,63.25,15.07274029498286,212,54,80.14285714285714,54.075155561307376,212,54,71.13333333333334,39.45607966108927,1556.7822222222226,160,140,20,3,6.083448714285715,45.014382,0.0,14.484657231578907,85.168282,45.061644,0.0,12.16689742857143,18.608156332640185,85.160996,45.0198,0.0,14.193499333333332,19.35359260926586,2,2,0,0,1,3,1,4,13,0,0,0.875,71.13333333333334,65535,65535,0,0,0,0,0,0,0,0,0.0,0.0,0.0,0.0,0.0,0.0,63.25,80.14285714285714,0,8,7,506,561,3
0.117341,8223.89446144144,119.3103859690986,68.17736341091349,51.13302255818512,8,6,512,453,108,54,64.0,17.349351572897472,170,54,75.5,42.48038763162753,170,54,68.92857142857143,31.269483722071552,977.7806122448976,160,120,20,2,0.0090262307692307,0.057419,0.0,0.0176438525714235,0.117341,0.103067,0.0,0.016763,0.0353013685853679,0.112996,0.057419,0.0,0.0225991999999999,0.024395281833994,2,2,0,0,2,3,0,4,12,0,0,0.75,68.92857142857143,65535,65535,0,0,0,0,0,0,0,0,0.0,0.0,0.0,0.0,0.0,0.0,64.0,75.5,0,8,6,512,453,0
0.47835,2059.161701682868,29.26727291731996,16.72415595275426,12.543116964565694,8,6,540,445,136,54,67.5,26.3581107061944,162,54,74.16666666666667,39.51546813872034,162,54,70.35714285714286,32.81899959922419,1077.0867346938776,160,120,20,2,0.0367961538461538,0.407982,0.0,0.1080343751610471,0.47835,0.464419,0.0,0.0683357142857142,0.1617145761817179,0.472512,0.407982,0.0,0.0945024,0.1581622042317316,2,2,0,0,2,3,0,4,12,0,0,0.75,70.35714285714286,65535,65535,0,0,0,0,0,0,0,0,0.0,0.0,0.0,0.0,0.0,0.0,67.5,74.16666666666667,0,8,6,540,445,3
0.152635,6499.16467389524,91.72208209126347,52.41261833786484,39.30946375339863,8,6,500,492,96,54,62.5,13.592277219068189,209,54,82.0,56.95904961753956,209,54,70.85714285714286,39.86379872741172,1589.122448979592,160,120,20,2,0.0117411538461538,0.08205,0.0,0.0245170644178425,0.152635,0.140601,0.0,0.0218049999999999,0.0485363097631924,0.149317,0.08205,0.0,0.0298634,0.0329666309810389,2,2,0,0,2,3,0,4,12,0,0,0.75,70.85714285714286,65535,65535,0,0,0,0,0,0,0,0,0.0,0.0,0.0,0.0,0.0,0.0,62.5,82.0,0,8,6,500,492,1
0.189605,5838.453627277761,73.83771525012526,42.19298014292872,31.644735107196546,8,6,485,622,81,54,60.625,9.150648884095595,339,54,103.66666666666669,105.33227847573072,339,54,79.07142857142857,72.5016889317703,5256.494897959185,160,120,20,2,0.0145849999999999,0.118637,0.0,0.0331953428591792,0.189605,0.177785,0.0,0.0270864285714285,0.061549113520034,0.18465,0.118637,0.0,0.03693,0.0459339489920037,2,2,0,0,2,3,0,4,12,0,0,0.75,79.07142857142857,65535,65535,0,0,0,0,0,0,0,0,0.0,0.0,0.0,0.0,0.0,0.0,60.625,103.66666666666669,0,8,6,485,622,3
0.076208,12702.078521939957,183.70774721813984,104.97585555322276,78.73189166491707,8,6,512,456,108,54,64.0,17.349351572897472,173,54,76.0,43.5928128632844,173,54,69.14285714285714,31.963946526532364,1021.6938775510204,160,120,20,2,0.0058621538461538,0.050663,0.0,0.0131664302611788,0.076208,0.060903,0.0,0.0108868571428571,0.0205789989859882,0.07296,0.054992,0.0,0.0145919999999999,0.0203548764378465,2,2,0,0,2,3,0,4,12,0,0,0.75,69.14285714285714,65535,65535,0,0,0,0,0,0,0,0,0.0,0.0,0.0,0.0,0.0,0.0,64.0,76.0,0,8,6,512,456,0
0.316911,3117.594529694457,44.176440704172464,25.243680402384264,18.9327603017882,8,6,540,448,136,54,67.5,26.3581107061944,165,54,74.66666666666667,40.62702986381795,165,54,70.57142857142857,33.42093929968859,1116.9591836734694,160,120,20,2,0.0243777692307692,0.249532,0.0,0.0665023033877009,0.316911,0.307595,0.0,0.045273,0.1071022773440682,0.31323,0.249532,0.0,0.062646,0.0957288501612758,2,2,0,0,2,3,0,4,12,0,0,0.75,70.57142857142857,65535,65535,0,0,0,0,0,0,0,0,0.0,0.0,0.0,0.0,0.0,0.0,67.5,74.66666666666667,0,8,6,540,448,3
0.026074,19252.89560481706,115.05714504870753,76.70476336580502,38.35238168290251,2,1,174,328,87,87,87.0,0.0,328,328,328.0,0.0,328,87,167.33333333333334,113.60848951063863,12906.888888888889,40,20,20,2,0.013037,0.026074,0.0,0.013037,0.0,0.0,0.0,0.0,0.0,0.0,0.0,0.0,0.0,0.0,0,0,0,0,0,0,0,0,0,0,0,0.5,167.33333333333334,0,0,0,0,0,0,0,0,0,0,0.0,0.0,0.0,0.0,0.0,0.0,87.0,328.0,0,2,1,174,328,0
0.215801,4304.89200698792,64.87458352834325,37.07119058762471,27.80339294071853,8,6,488,441,84,54,61.0,10.0,158,54,73.5,38.03397603897512,158,54,66.35714285714286,26.74644740857357,715.3724489795917,160,120,20,2,0.0166000769230769,0.151128,0.0,0.0412015551040744,0.215801,0.205771,0.0,0.0308287142857142,0.071443028958573,0.213295,0.151128,0.0,0.042659,0.0578010813705072,2,2,0,0,2,3,0,4,12,0,0,0.75,66.35714285714286,65535,65535,0,0,0,0,0,0,0,0,0.0,0.0,0.0,0.0,0.0,0.0,61.0,73.5,0,8,6,488,441,1
0.026368,8760.618932038835,113.7742718446602,75.8495145631068,37.9247572815534,2,1,124,107,62,62,62.0,0.0,107,107,107.0,0.0,107,62,77.0,21.213203435596427,450.0,40,20,20,2,0.013184,0.026368,0.0,0.013184,0.0,0.0,0.0,0.0,0.0,0.0,0.0,0.0,0.0,0.0,0,0,0,0,0,0,0,0,0,0,0,0.5,77.0,0,0,0,0,0,0,0,0,0,0,0.0,0.0,0.0,0.0,0.0,0.0,62.0,107.0,0,2,1,124,107,4
0.019828,14676.215452894898,151.30119023602987,100.86746015735324,50.43373007867663,2,1,156,135,78,78,78.0,0.0,135,135,135.0,0.0,135,78,97.0,26.87005768508881,722.0,40,20,20,2,0.009914,0.019828,0.0,0.009914,0.0,0.0,0.0,0.0,0.0,0.0,0.0,0.0,0.0,0.0,0,0,0,0,0,0,0,0,0,0,0,0.5,97.0,0,0,0,0,0,0,0,0,0,0,0.0,0.0,0.0,0.0,0.0,0.0,78.0,135.0,0,2,1,156,135,1
0.941075,6088.781446749727,13.81398932072364,7.438301941928114,6.375687378795527,7,6,2228,3502,1372,54,318.2857142857143,463.9192399809367,1372,54,583.6666666666666,587.6522970449637,1372,54,440.7692307692308,541.0880994449489,292776.3313609468,140,120,20,2,0.0784229166666666,0.319387,0.0,0.133363869742682,0.646764,0.319638,0.0,0.1077939999999999,0.1477946247973856,0.621688,0.327278,0.0,0.1243376,0.1526361317088454,1,1,0,0,2,3,1,2,11,0,0,0.8571428571428571,440.7692307692308,65535,26883,0,0,0,0,0,0,0,0,0.0,0.0,0.0,0.0,0.0,0.0,318.2857142857143,583.6666666666666,0,7,6,2228,3502,0
8.97177,131209.44919452906,165.9650213948864,65.42744631215469,100.53757508273172,587,902,74727,1102454,1278,59,127.30323679727428,264.22091456412124,1278,49,1222.2328159645233,248.79196625048863,1278,49,790.5849563465413,592.7241860375842,351321.96071391675,11740,18040,20,587,0.0060294153225806,8.225045,0.0,0.2131761785541948,8.965475,8.225045,0.0,0.0152994453924914,0.3394919043561718,8.956857,8.240238,1.1e-05,0.0099410177580466,0.2743966513424272,0,0,0,0,0,0,0,0,0,0,0,1.536626916524702,790.5849563465413,0,0,0,0,0,0,0,0,0,0,1076.5384615384614,6.82051282051282,9027.447058823527,7.529411764705882,1231954.225352113,8127322.219162413,127.30323679727428,1222.2328159645233,0,587,902,74727,1102454,5
0.061856,160485.64407656493,193.99896533885152,96.99948266942576,96.99948266942576,6,6,3748,6179,1372,78,624.6666666666666,560.672116501456,1372,85,1029.8333333333333,491.73177535002645,1372,78,827.25,564.9041400981232,319116.6875,120,120,20,6,0.0056232727272727,0.032031,0.0,0.0114963769715103,0.061856,0.033012,0.0,0.0123711999999999,0.0150912661152071,0.029116,0.029116,0.0,0.0058232,0.0116464,4,3,0,0,0,0,0,7,12,0,0,1.0,827.25,255,1047,0,0,0,0,0,0,0,0,0.0,0.0,5208.0,4.0,0.0,0.0,624.6666666666666,1029.8333333333333,0,6,6,3748,6179,2
62.93821,43.74131390136453,0.2859947875861102,0.1429973937930551,0.1429973937930551,9,9,1529,1224,573,40,169.88888888888889,216.0681191170169,575,40,136.0,167.5861304258533,575,40,152.94444444444446,194.09375518668585,37672.38580246913,180,180,20,3,3.7022476470588233,62.494923,0.0,14.698223073068254,0.443287,0.131442,0.0,0.055410875,0.0514759005419951,62.82834,62.541434,0.000345,7.8535425,20.670120692308807,3,4,0,0,0,3,1,7,16,0,0,1.0,152.94444444444446,65535,4096,0,0,0,0,0,0,0,0,0.0,0.0,0.0,0.0,0.0,0.0,169.88888888888889,136.0,0,9,9,1529,1224,4
3.01898,87.44675353927485,1.324950811201134,1.324950811201134,0.0,4,0,264,0,66,66,66.0,0.0,0,0,0.0,0.0,66,66,66.0,0.0,0.0,80,0,20,0,1.0063266666666666,2.004232,0.0,0.8182459559314804,3.01898,2.004232,0.0,1.0063266666666666,0.8182459559314804,0.0,0.0,0.0,0.0,0.0,0,0,0,0,0,4,0,0,0,0,0,0.0,66.0,65535,0,0,0,0,0,0,0,0,0,0.0,0.0,0.0,0.0,0.0,0.0,66.0,0.0,0,4,0,264,0,1
0.331923,3335.1108540233727,42.1784570517861,24.101975458163487,18.076481593622617,8,6,485,622,81,54,60.625,9.150648884095595,339,54,103.66666666666669,105.33227847573072,339,54,79.07142857142857,72.5016889317703,5256.494897959185,160,120,20,2,0.0255325384615384,0.26616,0.0,0.0707697546496495,0.3319229999999999,0.320677,0.0,0.0474175714285714,0.1115704412939673,0.327923,0.26616,0.0,0.0655846,0.1023932283612544,2,2,0,0,2,3,0,4,12,0,0,0.75,79.07142857142857,65535,65535,0,0,0,0,0,0,0,0,0.0,0.0,0.0,0.0,0.0,0.0,60.625,103.66666666666669,0,8,6,485,622,3
62.652826,19683.67715767521,5.889598659125129,3.287960227045465,2.601638432079664,206,163,1225705,7533,10000,40,5950.02427184466,3999.752370295281,642,40,46.214723926380366,51.83275870750593,10000,40,3342.108401084011,4186.614816254956,17527743.619685523,4120,3260,20,201,0.1702522445652174,61.609271,0.0,3.207318932505488,1.043555,0.753572,0.0,0.0050905121951219,0.0538781378503431,62.499733,61.650224,2.7e-05,0.3858008209876543,4.828640339189412,158,3,0,0,0,3,1,161,367,0,0,0.7912621359223301,3342.108401084011,65535,4096,0,0,0,0,0,0,0,0,608511.0,100.0,0.0,0.0,32825947.40391099,0.0,5950.02427184466,46.214723926380366,0,206,163,1225705,7533,4
0.690734,1747.416516343484,21.716029614873456,14.477353076582304,7.238676538291152,10,5,690,517,96,54,69.0,17.804493814764857,296,54,103.4,96.31116238526042,296,54,80.46666666666667,59.71807840921281,3566.2488888888893,200,100,20,4,0.0493381428571428,0.307468,0.0,0.0915105770513185,0.690734,0.307468,0.0,0.0767482222222222,0.1104354691168635,0.684984,0.520521,0.008351,0.171246,0.2043191885861433,4,2,0,0,2,3,0,6,13,0,0,0.5,80.46666666666667,65535,65535,0,0,0,0,0,0,0,0,126.0,4.0,0.0,0.0,243.8972457032468,0.0,69.0,103.4,0,10,5,690,517,1
0.16525,44792.7382753404,96.82299546142208,54.46293494704992,42.36006051437216,9,7,1123,6279,557,40,124.77777777777776,155.93145059272237,4603,40,897.0,1591.0048037998772,4603,40,462.625,1125.9979948361365,1267871.484375,180,140,20,4,0.0110166666666666,0.127454,0.0,0.031753450203438,0.164593,0.12797,0.0,0.020574125,0.0413713542364686,0.140517,0.127454,0.000421,0.0234195,0.0466377218452688,4,2,0,0,1,3,1,6,14,0,0,0.7777777777777778,462.625,65535,4096,0,0,0,0,0,0,0,0,0.0,0.0,0.0,0.0,0.0,0.0,124.77777777777776,897.0,0,9,7,1123,6279,3
121.886783,695.7686298111585,1.6408670003211094,1.033746210202299,0.6071207901188105,126,74,69660,15145,1372,85,552.8571428571429,526.3532478256392,1372,85,204.66216216216216,237.6418652844351,1372,85,424.025,472.9654473373293,223696.314375,2520,1480,20,126,0.6124963969849246,58.565624,0.0,5.577115330596545,121.886783,58.565624,0.0,0.975094264,7.011736448832305,63.283137,53.578623,0.0,0.8668922876712328,6.2175584800056365,93,73,0,0,0,0,0,166,200,0,0,0.5873015873015873,424.025,255,1047,0,0,0,0,0,0,0,0,2767.04761904762,5.333333333333333,0.0,0.0,49923.23533631686,0.0,552.8571428571429,204.66216216216216,0,126,74,69660,15145,2
4.001857,2235.462186679834,1.7491879394990877,1.7491879394990877,0.0,7,0,8946,0,1278,1278,1278.0,0.0,0,0,0.0,0.0,1278,1278,1278.0,0.0,0.0,140,0,20,7,0.6669761666666666,1.899482,0.0,0.6871953231790353,4.001857,1.899482,0.0,0.6669761666666666,0.6871953231790353,0.0,0.0,0.0,0.0,0.0,0,0,0,0,0,0,0,0,0,0,0,0.0,1278.0,0,0,0,0,0,0,0,0,0,0,5000.0,4.0,0.0,0.0,5551.897471999005,0.0,1278.0,0.0,0,7,0,8946,0,4
4.969228,2617.1067216074607,4.226008547001667,2.213623524619921,2.0123850223817463,11,10,1303,11702,557,40,118.45454545454544,154.6382074605483,3362,40,1170.2,1232.4117656043377,3362,40,619.2857142857143,1005.8317166290147,1011697.4421768708,220,200,20,3,0.2484614,4.724191,0.0,1.0271234903261828,4.968883,4.724191,0.0,0.4968883,1.4094485032163502,4.939948,4.767164,9.3e-05,0.5488831111111111,1.4917578222107597,3,5,0,0,0,3,2,8,19,0,0,0.9090909090909092,619.2857142857143,65535,4096,0,0,0,0,0,0,0,0,0.0,0.0,0.0,0.0,0.0,0.0,118.45454545454544,1170.2,0,11,10,1303,11702,4
0.226371,4364.516656285478,61.84537772064443,35.340215840368245,26.505161880276184,8,6,540,448,136,54,67.5,26.3581107061944,165,54,74.66666666666667,40.62702986381795,165,54,70.57142857142857,33.42093929968859,1116.9591836734694,160,120,20,2,0.0174131538461538,0.170235,0.0,0.045292166372846,0.226371,0.213756,0.0,0.0323387142857142,0.0740893560963753,0.221438,0.170235,0.0,0.0442875999999999,0.0648588796776509,2,2,0,0,2,3,0,4,12,0,0,0.75,70.57142857142857,65535,65535,0,0,0,0,0,0,0,0,0.0,0.0,0.0,0.0,0.0,0.0,67.5,74.66666666666667,0,8,6,540,448,3
0.035291,14139.582329772462,85.00750899662803,56.671672664418686,28.335836332209343,2,1,162,337,81,81,81.0,0.0,337,337,337.0,0.0,337,81,166.33333333333334,120.67955732250412,14563.555555555557,40,20,20,2,0.0176455,0.035291,0.0,0.0176455,0.0,0.0,0.0,0.0,0.0,0.0,0.0,0.0,0.0,0.0,0,0,0,0,0,0,0,0,0,0,0,0.5,166.33333333333334,0,0,0,0,0,0,0,0,0,0,0.0,0.0,0.0,0.0,0.0,0.0,81.0,337.0,0,2,1,162,337,4
117.01078,95.20490334309368,0.1623782013930682,0.0769159901335586,0.0854622112595095,9,10,4347,6793,1372,92,483.0,503.9129113470127,1372,100,679.3,572.7701196815351,1372,92,586.3157894736842,550.0496678656516,302554.6371191136,180,200,20,9,6.500598888888889,58.512771,0.0,18.35598585735689,116.982314,58.540405,0.0,14.62278925,25.295965147352668,116.964551,58.541237,0.0,12.996061222222222,24.294659600334143,7,8,0,0,0,0,0,15,19,0,0,1.1111111111111112,586.3157894736842,255,288,0,0,0,0,0,0,0,0,0.0,0.0,0.0,0.0,0.0,0.0,483.0,679.3,0,9,10,4347,6793,2
0.008437,30579.5899016238,355.57662676306745,237.05108450871165,118.5255422543558,2,1,172,86,86,86,86.0,0.0,86,86,86.0,0.0,86,86,86.0,0.0,0.0,40,20,20,2,0.0042185,0.008437,0.0,0.0042185,0.0,0.0,0.0,0.0,0.0,0.0,0.0,0.0,0.0,0.0,0,0,0,0,0,0,0,0,0,0,0,0.5,86.0,0,0,0,0,0,0,0,0,0,0,0.0,0.0,0.0,0.0,0.0,0.0,86.0,86.0,0,2,1,172,86,0
0.123737,7887.6972934530495,113.14319888149866,64.65325650371352,48.48994237778514,8,6,540,436,136,54,67.5,26.3581107061944,153,54,72.66666666666667,36.18317595543849,153,54,69.71428571428571,31.058535913034024,964.6326530612243,160,120,20,2,0.0095182307692307,0.068215,0.0,0.0200772048397558,0.123737,0.11119,0.0,0.0176767142857142,0.0382280224095746,0.120465,0.068215,0.0,0.024093,0.0280939640421212,2,2,0,0,2,3,0,4,12,0,0,0.75,69.71428571428571,65535,65535,0,0,0,0,0,0,0,0,0.0,0.0,0.0,0.0,0.0,0.0,67.5,72.66666666666667,0,8,6,540,436,3
0.127361,3140.6788577350994,23.55509143301325,15.703394288675495,7.851697144337749,2,1,248,152,124,124,124.0,0.0,152,152,152.0,0.0,152,124,133.33333333333334,13.199326582148888,174.22222222222226,40,20,20,2,0.0636805,0.127361,0.0,0.0636805,0.0,0.0,0.0,0.0,0.0,0.0,0.0,0.0,0.0,0.0,0,0,0,0,0,0,0,0,0,0,0,0.5,133.33333333333334,0,0,0,0,0,0,0,0,0,0,0.0,0.0,0.0,0.0,0.0,0.0,124.0,152.0,0,2,1,248,152,3
0.451226,3590.218648748077,15.51329045755342,11.0809217553953,4.43236870215812,5,2,1379,241,929,89,275.8,327.16809135366486,148,93,120.5,27.5,929,89,231.42857142857144,285.6475636378593,81594.5306122449,100,40,20,5,0.0752043333333333,0.243036,0.0,0.1065717176657213,0.451226,0.451183,0.0,0.1128065,0.1953617636136866,0.0,0.0,0.0,0.0,0.0,5,2,0,0,0,0,0,7,7,0,0,0.4,231.42857142857144,254,16383,0,0,0,0,0,0,0,0,0.0,0.0,0.0,0.0,0.0,0.0,275.8,120.5,0,5,2,1379,241,2
137.855526,35485.33846949306,30.11123398854537,1.86427056975576,28.24696341878961,257,3894,35743,4856107,1278,62,139.07782101167317,279.0330750626341,1278,50,1247.0742167437083,172.7396822688533,1278,50,1178.4750662490967,322.6667732875524,104113.84658380073,5140,77880,20,257,0.0332181990361445,68.887146,0.0,1.3212807931017818,137.855526,68.889133,0.0,0.5384981484375,5.29476843021405,68.945749,45.046595,7e-06,0.01771018469047,0.8031371861920337,0,0,0,0,0,0,0,0,0,0,0,15.151750972762644,1178.4750662490967,0,0,0,0,0,0,0,0,0,0,2700.428571428572,6.0,25522.184782608696,20.875,404281.7118292448,7997319.514242848,139.07782101167317,1247.0742167437083,0,257,3894,35743,4856107,5
0.199606,56937.16621744837,130.25660551286032,60.11843331362785,70.13817219923249,12,14,6179,5186,1278,59,514.9166666666666,546.0724094741364,1278,52,370.4285714285714,435.11274635525945,1278,52,437.11538461538464,494.7322762342568,244760.025147929,240,280,20,12,0.00798424,0.10969,0.0,0.0218533597367178,0.168264,0.113539,0.0,0.0152967272727272,0.0319228085717318,0.180576,0.110714,0.000112,0.0138904615384615,0.029360815629038,0,0,0,0,0,0,0,0,0,0,0,1.1666666666666667,437.11538461538464,0,0,0,0,0,0,0,0,0,0,1915.0,5.0,3832.0,6.0,734279.1411042945,728794.2183339674,514.9166666666666,370.4285714285714,0,12,14,6179,5186,5
6.361683,2571.646528127856,3.143822161525496,1.7291021888390226,1.414719972686473,11,9,3093,13267,1796,40,281.1818181818182,528.9290755310666,5744,40,1474.111111111111,2298.954566485695,5744,40,818.0,1698.358060009726,2884420.1,220,180,20,3,0.3348254210526316,5.952708,0.0,1.3245231036143703,6.361683,5.953197,0.0,0.6361683,1.7728677003737785,6.264537,6.000729,0.000625,0.783067125,1.9724563626822924,3,4,0,0,1,3,0,7,18,0,0,0.8181818181818182,818.0,65535,4096,0,0,0,0,0,0,0,0,0.0,0.0,0.0,0.0,0.0,0.0,281.1818181818182,1474.111111111111,0,11,9,3093,13267,4
32.341445,16.32580115081438,0.2473606234971876,0.0618401558742969,0.1855204676228906,2,6,132,396,66,66,66.0,0.0,66,66,66.0,0.0,66,66,66.0,0.0,0.0,40,120,20,0,4.620206428571429,16.384881,0.0,5.518695165486853,0.0,0.0,0.0,0.0,0.0,32.037244,16.384881,1.056791,6.4074488,5.607969107150231,0,0,0,0,0,8,0,0,6,0,0,3.0,66.0,65535,41496,0,0,0,0,0,0,0,0,0.0,0.0,0.0,0.0,0.0,0.0,66.0,66.0,0,2,6,132,396,1
0.155809,5956.01024331072,89.8536028085669,51.344915890609656,38.50868691795724,8,6,492,436,88,54,61.5,11.169153951844338,153,54,72.66666666666667,36.18317595543849,153,54,66.28571428571429,25.74720115560017,662.9183673469386,160,120,20,2,0.0119853076923076,0.092336,0.0,0.0257622923710802,0.155809,0.140658,0.0,0.0222584285714285,0.0483904067820328,0.150967,0.092336,0.0,0.0301934,0.0357082864646289,2,2,0,0,2,3,0,4,12,0,0,0.75,66.28571428571429,65535,65535,0,0,0,0,0,0,0,0,0.0,0.0,0.0,0.0,0.0,0.0,61.5,72.66666666666667,0,8,6,492,436,0
0.02533,8606.395578365575,118.43663639952626,78.95775759968417,39.478878799842086,2,1,124,94,62,62,62.0,0.0,94,94,94.0,0.0,94,62,72.66666666666667,15.084944665313014,227.5555555555556,40,20,20,2,0.012665,0.02533,0.0,0.012665,0.0,0.0,0.0,0.0,0.0,0.0,0.0,0.0,0.0,0.0,0,0,0,0,0,0,0,0,0,0,0,0.5,72.66666666666667,0,0,0,0,0,0,0,0,0,0,0.0,0.0,0.0,0.0,0.0,0.0,62.0,94.0,0,2,1,124,94,4
0.131289,6763.704499234514,106.63498084378736,60.9342747678785,45.70070607590888,8,6,490,398,86,54,61.25,10.580051984749414,115,54,66.33333333333333,22.186081723058315,115,54,63.42857142857143,16.770357717090704,281.24489795918373,160,120,20,2,0.0100991538461538,0.058475,0.0,0.0187614272863896,0.131289,0.112071,0.0,0.0187555714285714,0.0382083353017455,0.12445,0.058475,0.0,0.02489,0.0256982917175441,2,2,0,0,2,3,0,4,12,0,0,0.75,63.42857142857143,65535,65535,0,0,0,0,0,0,0,0,0.0,0.0,0.0,0.0,0.0,0.0,61.25,66.33333333333333,0,8,6,490,398,3
0.149565,6278.206799719185,93.60478721626048,53.488449837863136,40.11633737839736,8,6,499,440,95,54,62.375,13.284742187938765,157,54,73.33333333333333,37.663716698641885,157,54,67.07142857142857,27.170005220343064,738.2091836734693,160,120,20,2,0.0115049999999999,0.079249,0.0,0.0234174736139819,0.149565,0.132611,0.0,0.0213664285714285,0.0455049365888931,0.143677,0.079249,0.0,0.0287354,0.0315492904997877,2,2,0,0,2,3,0,4,12,0,0,0.75,67.07142857142857,65535,65535,0,0,0,0,0,0,0,0,0.0,0.0,0.0,0.0,0.0,0.0,62.375,73.33333333333333,0,8,6,499,440,3
0.478646,1844.78717047672,27.15994701721105,16.713813549052954,10.446133468158097,8,5,518,365,85,54,64.75,12.090802289343747,144,54,73.0,35.53026878592393,144,54,67.92307692307692,24.32302340285067,591.6094674556214,160,100,20,3,0.0398871666666666,0.220227,0.0,0.0798861369740638,0.477839,0.252958,0.0,0.0682627142857142,0.1053069731210538,0.473339,0.220227,0.001017,0.1183347499999999,0.1014327258885784,3,2,0,0,2,3,1,5,11,0,0,0.625,67.92307692307692,65535,65535,0,0,0,0,0,0,0,0,0.0,0.0,0.0,0.0,0.0,0.0,64.75,73.0,0,8,5,518,365,3
63.92877,111.68680392255318,0.4379874663629536,0.2189937331814768,0.2189937331814768,14,14,3620,3520,2088,40,258.57142857142856,516.3438381385736,1440,40,251.42857142857144,424.3295071194613,2088,40,255.0,472.5949640019453,223346.0,280,280,20,8,2.367732222222222,63.718198,0.0,12.03183585270962,0.2102399999999999,0.112117,0.0,0.0161723076923076,0.0302452654003249,63.895373,63.718198,0.000496,4.9150286923076925,16.97503715183176,7,4,0,0,0,3,1,11,26,0,0,1.0,255.0,65535,4096,0,0,0,0,0,0,0,0,722.0,4.0,0.0,0.0,309075.34246575343,0.0,258.57142857142856,251.42857142857144,0,14,14,3620,3520,4
25.991242,4640.601630349177,3.924398841732919,0.5001684798287054,3.424230361904214,13,89,6108,114507,1372,85,469.84615384615387,462.363966880879,1372,125,1286.5955056179776,280.2183225529824,1372,85,1182.5,412.2440441786689,169945.1519607843,260,1780,20,13,0.2573390297029703,23.95503,0.0,2.3769522564507737,25.94528,23.987505,0.0,2.162106666666667,6.600706579396586,25.952511,23.988852,0.0,0.2949148977272727,2.5482197751704923,11,47,0,0,0,0,0,58,102,0,0,6.846153846153846,1182.5,255,136,0,0,0,0,0,0,0,0,582.5,4.0,27362.75,21.75,136034.56328818307,5825890.243253314,469.84615384615387,1286.5955056179776,0,13,89,6108,114507,2
0.101439,2247.656226894981,29.57442403809186,19.71628269206124,9.85814134603062,2,1,152,76,76,76,76.0,0.0,76,76,76.0,0.0,76,76,76.0,0.0,0.0,40,20,20,2,0.0507195,0.101439,0.0,0.0507195,0.0,0.0,0.0,0.0,0.0,0.0,0.0,0.0,0.0,0.0,0,0,0,0,0,0,0,0,0,0,0,0.5,76.0,0,0,0,0,0,0,0,0,0,0,0.0,0.0,0.0,0.0,0.0,0.0,76.0,76.0,0,2,1,152,76,4
3.088655,172.8907890327667,1.2950620901330838,0.9712965675998128,0.3237655225332709,3,1,183,351,61,61,61.0,0.0,351,351,351.0,0.0,351,61,133.5,125.5736835487436,15768.75,60,20,20,3,1.0295516666666666,3.00444,0.0,1.396880092302923,3.00444,3.00444,0.0,1.50222,1.50222,0.0,0.0,0.0,0.0,0.0,0,0,0,0,0,0,0,0,0,0,0,0.3333333333333333,133.5,0,0,0,0,0,0,0,0,0,0,0.0,0.0,0.0,0.0,0.0,0.0,61.0,351.0,0,3,1,183,351,4
0.12886,7124.010554089709,108.64504112990842,62.08288064566196,46.56216048424647,8,6,505,413,101,54,63.125,15.144615379731505,130,54,68.83333333333333,27.69125413475445,130,54,65.57142857142857,21.625759394475725,467.6734693877551,160,120,20,2,0.0099123076923076,0.070416,0.0,0.0206512832135648,0.12886,0.117154,0.0,0.0184085714285714,0.0403592392320241,0.12335,0.070416,0.0,0.02467,0.0283314970377493,2,2,0,0,2,3,0,4,12,0,0,0.75,65.57142857142857,65535,65535,0,0,0,0,0,0,0,0,0.0,0.0,0.0,0.0,0.0,0.0,63.125,68.83333333333333,0,8,6,505,413,3
61.175057,1577.3095233895735,1.2423363986403804,0.5884751361980749,0.6538612624423055,36,40,4895,91597,1828,40,135.97222222222223,337.14326711611545,10000,40,2289.925,2255.788214654692,10000,40,1269.6315789473683,1971.9804821956693,3888707.0221606656,720,800,20,4,0.8156674266666667,53.491065,0.0,6.160676949022697,61.175057,53.491065,0.0,1.7478587714285714,8.927523073968128,7.591892,5.842101,0.000147,0.1946638974358974,0.930470020057379,4,29,0,0,1,3,1,33,74,0,0,1.1111111111111112,1269.6315789473683,65535,4096,0,0,0,0,0,0,0,0,0.0,0.0,29988.33333333333,11.0,0.0,227828.1305000747,135.97222222222223,2289.925,0,36,40,4895,91597,4
54.253424,127.89976168140096,0.4423683931911836,0.2396162129785578,0.2027521802126258,13,11,3208,3731,1372,54,246.7692307692308,360.2943569758469,1372,54,339.1818181818182,494.2687561497137,1372,54,289.125,429.425906734794,184406.609375,260,220,20,4,2.35884452173913,32.071332,0.0,6.6404662637259655,22.182092,8.010215,0.0,1.8485076666666669,2.5161943539945844,38.945634,32.117778,0.0,3.8945634,9.53146946448321,3,6,0,0,1,7,1,9,18,0,0,0.8461538461538461,289.125,65535,14600,0,0,0,0,0,0,0,0,0.0,0.0,3074.0,5.0,0.0,0.0,246.7692307692308,339.1818181818182,0,13,11,3208,3731,1
0.023413,12087.301926280272,128.1339426814163,85.42262845427754,42.71131422713877,2,1,170,113,85,85,85.0,0.0,113,113,113.0,0.0,113,85,94.33333333333331,13.199326582148888,174.22222222222226,40,20,20,2,0.0117065,0.023413,0.0,0.0117065,0.0,0.0,0.0,0.0,0.0,0.0,0.0,0.0,0.0,0.0,0,0,0,0,0,0,0,0,0,0,0,0.5,94.33333333333331,0,0,0,0,0,0,0,0,0,0,0.0,0.0,0.0,0.0,0.0,0.0,85.0,113.0,0,2,1,170,113,3
0.030644,13836.313797154418,97.89844667797938,65.26563111865292,32.63281555932646,2,1,174,250,87,87,87.0,0.0,250,250,250.0,0.0,250,87,141.33333333333334,76.83893688893816,5904.222222222222,40,20,20,2,0.015322,0.030644,0.0,0.015322,0.0,0.0,0.0,0.0,0.0,0.0,0.0,0.0,0.0,0.0,0,0,0,0,0,0,0,0,0,0,0,0.5,141.33333333333334,0,0,0,0,0,0,0,0,0,0,0.0,0.0,0.0,0.0,0.0,0.0,87.0,250.0,0,2,1,174,250,3
0.045313,5782.005164080948,66.20616600092688,44.137444000617926,22.068722000308963,2,1,164,98,82,82,82.0,0.0,98,98,98.0,0.0,98,82,87.33333333333333,7.542472332656507,56.88888888888889,40,20,20,2,0.0226565,0.045313,0.0,0.0226565,0.0,0.0,0.0,0.0,0.0,0.0,0.0,0.0,0.0,0.0,0,0,0,0,0,0,0,0,0,0,0,0.5,87.33333333333333,0,0,0,0,0,0,0,0,0,0,0.0,0.0,0.0,0.0,0.0,0.0,82.0,98.0,0,2,1,164,98,4
31.828786,16.588757108109622,0.2513448046683276,0.0628362011670819,0.1885086035012456,2,6,132,396,66,66,66.0,0.0,66,66,66.0,0.0,66,66,66.0,0.0,0.0,40,120,20,0,4.546969428571429,16.383536,0.0,5.540886238460952,0.0,0.0,0.0,0.0,0.0,31.111477,16.383536,0.301958,6.2222954,5.753870464612793,0,0,0,0,0,8,0,0,6,0,0,3.0,66.0,65535,65535,0,0,0,0,0,0,0,0,0.0,0.0,0.0,0.0,0.0,0.0,66.0,66.0,0,2,6,132,396,0
34.816181,327.23290357434666,1.6084475204216109,0.8042237602108054,0.8042237602108054,28,28,2997,8396,557,40,107.03571428571428,103.24709686090009,3264,40,299.85714285714283,634.6348058014893,3264,40,203.44642857142856,464.7641075874197,216005.67570153065,560,560,20,15,0.6330214727272727,33.011634,0.0,4.408014818882746,34.815767,33.011634,0.0,1.289472851851852,6.22372601744633,34.784553,33.01214,0.000271,1.288316777777778,6.224037851934442,15,11,0,0,0,3,2,26,54,0,0,1.0,203.44642857142856,65535,4096,0,0,0,0,0,0,0,0,538.0,5.0,0.0,0.0,18952.337337513647,0.0,107.03571428571428,299.85714285714283,0,28,28,2997,8396,4
0.022063,11195.21370620496,135.9742555409509,90.64950369396728,45.32475184698364,2,1,138,109,69,69,69.0,0.0,109,109,109.0,0.0,109,69,82.33333333333333,18.856180831641264,355.5555555555555,40,20,20,2,0.0110315,0.022063,0.0,0.0110315,0.0,0.0,0.0,0.0,0.0,0.0,0.0,0.0,0.0,0.0,0,0,0,0,0,0,0,0,0,0,0,0.5,82.33333333333333,0,0,0,0,0,0,0,0,0,0,0.0,0.0,0.0,0.0,0.0,0.0,69.0,109.0,0,2,1,138,109,4
0.06946,12611.57500719839,201.55485171321627,115.17420097898072,86.38065073423554,8,6,490,386,86,54,61.25,10.580051984749414,103,54,64.33333333333333,17.82008853949821,103,54,62.57142857142857,14.226305040383496,202.38775510204087,160,120,20,2,0.0053430769230769,0.043361,0.0,0.0112702799191333,0.06946,0.053147,0.0,0.0099228571428571,0.0178374052039012,0.065077,0.047884,0.0,0.0130154,0.01762471541444,2,2,0,0,2,3,0,4,12,0,0,0.75,62.57142857142857,65535,65535,0,0,0,0,0,0,0,0,0.0,0.0,0.0,0.0,0.0,0.0,61.25,64.33333333333333,0,8,6,490,386,0
6.367741,2607.8321966926733,3.768997514189098,2.0415403201857614,1.7274571940033363,13,11,3239,13367,1860,40,249.15384615384616,509.9495972309188,5764,40,1215.1818181818182,1915.6302460729269,5764,40,691.9166666666666,1433.3387572571794,2054459.9930555555,260,220,20,3,0.276858304347826,5.950942,0.0,1.2103244266540396,6.3677410000000005,5.951906,0.0,0.5306450833333333,1.6354494885522788,6.267186,5.995062,0.000451,0.6267186,1.790181530974733,3,6,0,0,1,3,0,9,22,0,0,0.8461538461538461,691.9166666666666,65535,4096,0,0,0,0,0,0,0,0,0.0,0.0,7171.0,4.0,0.0,2942552.318424292,249.15384615384616,1215.1818181818182,0,13,11,3239,13367,4
0.32337,30216.161053901105,92.77298450691158,46.38649225345579,46.38649225345579,15,15,2577,7194,1208,40,171.8,303.9322731574695,1447,40,479.6,605.0394808054541,1447,40,325.7,502.9005965397138,252909.01,300,300,20,7,0.0111506896551724,0.167481,0.0,0.031238066043612,0.319616,0.16777,0.0,0.0228297142857142,0.0423859929633575,0.299798,0.171235,0.00024,0.0214141428571428,0.0432834956336165,7,6,0,0,0,3,2,13,28,0,0,1.0,325.7,65535,4096,0,0,0,0,0,0,0,0,1350.0,4.0,5607.0,4.0,253521.1267605633,2284841.075794621,171.8,479.6,0,15,15,2577,7194,4
117.253975,267.845930169958,0.2899688475380045,0.0767564596424129,0.2132123878955916,9,25,4358,27048,1372,92,484.22222222222223,504.00215559013856,1372,100,1081.92,481.89865490578,1372,92,923.7058823529412,554.5514100928661,307527.2664359861,180,500,20,9,3.5531507575757577,58.61097,0.0,13.96731910935987,117.223614,58.625293,0.0,14.65295175,25.35477029949534,117.217903,58.649017,0.0,4.884079291666667,16.188945570767398,7,16,0,0,0,0,0,23,34,0,0,2.7777777777777777,923.7058823529412,255,285,0,0,0,0,0,0,0,0,0.0,0.0,22270.0,18.0,0.0,2719501.770667969,484.22222222222223,1081.92,0,9,25,4358,27048,2
0.0235,12000.0,127.65957446808513,85.1063829787234,42.5531914893617,2,1,150,132,75,75,75.0,0.0,132,132,132.0,0.0,132,75,94.0,26.87005768508881,722.0,40,20,20,2,0.01175,0.0235,0.0,0.01175,0.0,0.0,0.0,0.0,0.0,0.0,0.0,0.0,0.0,0.0,0,0,0,0,0,0,0,0,0,0,0,0.5,94.0,0,0,0,0,0,0,0,0,0,0,0.0,0.0,0.0,0.0,0.0,0.0,75.0,132.0,0,2,1,150,132,0
31.2431,34067.29805941152,13.47497527454062,6.305392230604518,7.169583043936101,197,224,72404,991964,10000,40,367.5329949238578,1116.691239803316,10000,40,4428.410714285715,4346.687612123191,10000,40,2528.190023752969,3839.5233178493686,14741939.308309024,3940,4480,20,63,0.0743883333333333,7.87315,0.0,0.5355467803753453,31.176592,7.873686,0.0,0.1590642448979591,0.7755229053612539,31.184709,7.874004,3.8e-05,0.1398417443946188,0.7291011820115066,62,95,0,0,2,3,0,157,419,0,0,1.137055837563452,2528.190023752969,65535,4096,0,0,0,0,0,0,0,0,12391.0,5.333333333333333,234587.5,33.25,156026.49340183337,1132382.6315300409,367.5329949238578,4428.410714285715,0,197,224,72404,991964,4
0.035015,6540.054262458947,85.6775667571041,57.1183778380694,28.5591889190347,2,1,142,87,71,71,71.0,0.0,87,87,87.0,0.0,87,71,76.33333333333333,7.542472332656507,56.88888888888889,40,20,20,2,0.0175075,0.035015,0.0,0.0175075,0.0,0.0,0.0,0.0,0.0,0.0,0.0,0.0,0.0,0.0,0,0,0,0,0,0,0,0,0,0,0,0.5,76.33333333333333,0,0,0,0,0,0,0,0,0,0,0.0,0.0,0.0,0.0,0.0,0.0,71.0,87.0,0,2,1,142,87,5
43.679549,72.89452553642438,0.3663041484242431,0.2060460834886367,0.1602580649356063,9,7,2608,576,372,48,289.77777777777777,132.31761264957868,96,48,82.28571428571429,21.68418966972603,372,48,199.0,143.6975991448709,20649.0,180,140,20,9,2.9119699333333333,34.272756,0.0,8.474913960400908,43.679549,34.301306,0.0,5.459943624999999,11.003176549133888,9.379426,4.21562,0.003173,1.5632376666666667,1.6220291435030452,0,0,0,0,0,0,0,0,0,0,0,0.7777777777777778,199.0,0,0,0,0,0,0,0,0,0,0,0.0,0.0,0.0,0.0,0.0,0.0,289.77777777777777,82.28571428571429,0,9,7,2608,576,4
52.921769,8.88103343635395,0.0944790791101484,0.056687447466089,0.0377916316440593,3,2,285,185,100,85,95.0,7.071067811865476,100,85,92.5,7.5,100,85,94.0,7.3484692283495345,54.0,60,40,20,3,13.23044225,52.890058,0.0,22.89749272149353,52.921769,52.921769,0.0,26.4608845,26.4608845,0.0,0.0,0.0,0.0,0.0,3,2,0,0,0,0,0,5,5,0,0,0.6666666666666666,94.0,301,255,0,0,0,0,0,0,0,0,0.0,0.0,0.0,0.0,0.0,0.0,95.0,92.5,0,3,2,285,185,2
0.0,0.0,0.0,0.0,0.0,2,0,80,0,40,40,40.0,0.0,0,0,0.0,0.0,40,40,40.0,0.0,0.0,40,0,20,0,0.0,0.0,0.0,0.0,0.0,0.0,0.0,0.0,0.0,0.0,0.0,0.0,0.0,0.0,0,0,0,0,0,0,2,0,2,0,0,0.0,40.0,63,0,0,0,0,0,0,0,0,0,0.0,0.0,0.0,0.0,0.0,0.0,40.0,0.0,0,2,0,80,0,5
0.468631,2108.26855244318,27.740375690041844,14.937125371560994,12.80325031848085,7,6,451,537,101,54,64.42857142857143,15.764853701982076,254,54,89.5,73.6924917025699,254,54,76.0,52.88158033248949,2796.4615384615386,140,120,20,2,0.0390525833333333,0.2646,0.0,0.0791549824663176,0.468631,0.269363,0.0,0.0781051666666666,0.110992380689572,0.464421,0.314696,0.0,0.0928842,0.1239729123323316,2,2,0,0,1,3,1,4,11,0,0,0.8571428571428571,76.0,65535,65535,0,0,0,0,0,0,0,0,0.0,0.0,0.0,0.0,0.0,0.0,64.42857142857143,89.5,0,7,6,451,537,3
12.000159,1359.1486579469488,2.583299104620197,1.3333156669007469,1.2499834377194503,16,15,5948,10362,1818,40,371.75,618.1112865010637,2716,40,690.8,814.2198884003428,2716,40,526.1290322580645,737.1560320642712,543399.0156087409,320,300,20,5,0.4000053,9.618128,0.0,1.7256623819472752,11.999949,9.618128,0.0,0.7999966000000001,2.37448390824184,11.802512,9.618439,0.000192,0.8430365714285715,2.45347875406169,5,8,0,0,0,3,2,13,29,0,0,0.9375,526.1290322580645,65535,4096,0,0,0,0,0,0,0,0,0.0,0.0,0.0,0.0,0.0,0.0,371.75,690.8,0,16,15,5948,10362,3
0.18635,72009.65924335927,177.08612825328683,91.22618728199625,85.85994097129058,17,16,5811,7608,1278,59,341.8235294117647,456.3065578539108,1278,49,475.5,539.5282661733304,1278,49,406.6363636363636,502.8526393084798,252860.7768595041,340,320,20,17,0.0058234375,0.070113,0.0,0.0138678469510805,0.173654,0.070113,0.0,0.0108533749999999,0.0184240720962922,0.170044,0.070916,2.1e-05,0.0113362666666666,0.0219978124138641,0,0,0,0,0,0,0,0,0,0,0,0.9411764705882352,406.6363636363636,0,0,0,0,0,0,0,0,0,0,758.0,6.0,3474.0,6.5,41063.97963053253,1120825.9396676884,341.8235294117647,475.5,0,17,16,5811,7608,5
67.388696,99701.94407679296,83.76775831958524,5.401499385000713,78.36625893458452,364,5281,52062,6666722,1278,58,143.02747252747253,285.4046853331168,1278,50,1262.397651959856,132.45342450503148,1278,50,1190.2186005314438,311.84985265630894,97250.3306017616,7280,105620,20,364,0.0119398823529411,59.831419,0.0,0.7977459213251771,67.388696,59.841743,0.0,0.1856437906336088,3.141028235432079,67.34192900000001,59.849487,1.8e-05,0.0127541532196969,0.825053790336055,0,0,0,0,0,0,0,0,0,0,0,14.50824175824176,1190.2186005314438,0,0,0,0,0,0,0,0,0,0,2036.75,6.083333333333333,25405.1328125,20.48828125,46416.01020958516,10749283.101694608,143.02747252747253,1262.397651959856,0,364,5281,52062,6666722,5
0.130712,7336.740314584737,107.10569802313483,61.20325601321991,45.90244200991493,8,6,496,463,92,54,62.0,12.36931687685298,180,54,77.16666666666667,46.18952502702557,180,54,68.5,32.52855888073037,1058.107142857143,160,120,20,2,0.0100547692307692,0.055364,0.0,0.0164424051214387,0.130712,0.108961,0.0,0.0186731428571428,0.0370539451511617,0.119886,0.061837,0.003957,0.0239772,0.0226475835920744,2,2,0,0,2,3,0,4,12,0,0,0.75,68.5,65535,65535,0,0,0,0,0,0,0,0,0.0,0.0,0.0,0.0,0.0,0.0,62.0,77.16666666666667,0,8,6,496,463,1
0.128775,58116.87051058047,93.185789167152,46.592894583576005,46.592894583576005,6,6,3794,3690,1372,85,632.3333333333334,554.276304943863,1372,85,615.0,546.9296115589282,1372,85,623.6666666666666,550.6834137889231,303252.22222222225,120,120,20,6,0.0117068181818181,0.031824,0.0,0.0132935980478518,0.103077,0.045715,0.0,0.0206154,0.0179500425581668,0.096951,0.041114,0.0,0.0193902,0.0165925935332605,4,5,0,0,0,0,0,9,12,0,0,1.0,623.6666666666666,255,285,0,0,0,0,0,0,0,0,0.0,0.0,0.0,0.0,0.0,0.0,632.3333333333334,615.0,0,6,6,3794,3690,2
0.312738,3223.145252575638,44.76590628577275,25.58051787758443,19.185388408188324,8,6,490,518,86,54,61.25,10.580051984749414,235,54,86.33333333333333,66.62498697102228,235,54,72.0,46.04811148601614,2120.428571428572,160,120,20,2,0.0240567692307692,0.237242,0.0,0.0628197577410089,0.3127379999999999,0.289855,0.0,0.0446768571428571,0.1001622404051526,0.306904,0.237242,0.0,0.0613808,0.090456968822529,2,2,0,0,2,3,0,4,12,0,0,0.75,72.0,65535,65535,0,0,0,0,0,0,0,0,0.0,0.0,0.0,0.0,0.0,0.0,61.25,86.33333333333333,0,8,6,490,518,0
0.185653,4804.6624616892805,70.02310762551642,37.70475025989345,32.31835736562296,7,6,449,443,99,54,64.14285714285714,15.103723017176655,160,54,73.83333333333333,38.774633747106144,160,54,68.61538461538461,28.98418258700228,840.0828402366863,140,120,20,2,0.0154710833333333,0.158135,0.0,0.0432482854158372,0.1856529999999999,0.17734,0.0,0.0309421666666666,0.0654955970998984,0.1812129999999999,0.158135,0.0,0.0362426,0.0613952801625662,2,2,0,0,2,3,1,4,11,0,0,0.8571428571428571,68.61538461538461,65535,65535,0,0,0,0,0,0,0,0,0.0,0.0,0.0,0.0,0.0,0.0,64.14285714285714,73.83333333333333,0,7,6,449,443,3
53.043194,8.483652021407309,0.0942628002378589,0.0754102401902871,0.0188525600475717,4,1,357,93,93,78,89.25,6.49519052838329,93,93,93.0,0.0,93,78,90.0,6.0,36.0,80,20,20,4,13.2607985,53.014581,0.0,22.95185983869913,53.043194,53.042666,0.0,17.681064666666668,25.004428097344373,0.0,0.0,0.0,0.0,0.0,4,1,0,0,0,0,0,5,5,0,0,0.25,90.0,253,1072,0,0,0,0,0,0,0,0,0.0,0.0,0.0,0.0,0.0,0.0,89.25,93.0,0,4,1,357,93,2
0.132572,8282.291886672903,105.60299309054705,60.34456748031258,45.25842561023444,8,6,503,595,99,54,62.875,14.520997727429062,312,54,99.16666666666669,95.27926788598288,312,54,78.42857142857143,65.8306423285369,4333.673469387754,160,120,20,2,0.0101978461538461,0.064515,0.0,0.0207681139688341,0.132572,0.120657,0.0,0.0189388571428571,0.041565794369301,0.128899,0.064515,0.0,0.0257798,0.0285320393971408,2,2,0,0,2,3,0,4,12,0,0,0.75,78.42857142857143,65535,65535,0,0,0,0,0,0,0,0,0.0,0.0,0.0,0.0,0.0,0.0,62.875,99.16666666666669,0,8,6,503,595,3
0.012882,18009.62583449775,232.8830926874709,155.2553951249806,77.6276975624903,2,1,144,88,72,72,72.0,0.0,88,88,88.0,0.0,88,72,77.33333333333333,7.542472332656507,56.88888888888889,40,20,20,2,0.006441,0.012882,0.0,0.006441,0.0,0.0,0.0,0.0,0.0,0.0,0.0,0.0,0.0,0.0,0,0,0,0,0,0,0,0,0,0,0,0.5,77.33333333333333,0,0,0,0,0,0,0,0,0,0,0.0,0.0,0.0,0.0,0.0,0.0,72.0,88.0,0,2,1,144,88,1
31.059295,1531.1036519019508,1.4810381240140835,0.3541612905251069,1.1268768334889765,11,35,5148,42407,1372,78,468.0,475.0904220155455,1372,104,1211.6285714285714,387.79339755038825,1372,78,1033.804347826087,518.6621845866796,269010.46172022686,220,700,20,11,0.6902065555555555,7.556254,0.0,1.5441126113111563,31.059295,22.434832,0.0,3.1059295,6.678441772306205,30.66576,7.556254,0.0,0.9019341176470588,1.723942911627514,9,8,0,0,0,0,0,17,46,0,0,3.1818181818181817,1033.804347826087,255,488,0,0,0,0,0,0,0,0,0.0,0.0,8010.25,6.5,0.0,6061.612743518732,468.0,1211.6285714285714,0,11,35,5148,42407,2
0.181437,31178.866493603844,115.74265447510707,55.11554975005099,60.627104725056085,10,11,3402,2255,2297,40,340.2,675.4128811327188,1501,40,205.0,415.36621300858224,2297,40,269.3809523809524,558.7142106309788,312161.5691609977,200,220,20,4,0.00907185,0.144354,0.0,0.0312419129204263,0.18142,0.14474,0.0,0.0201577777777777,0.0442765387229393,0.169682,0.144354,0.000169,0.0169682,0.042611306569501,4,4,0,0,2,3,0,8,19,0,0,1.1,269.3809523809524,65535,4096,0,0,0,0,0,0,0,0,0.0,0.0,0.0,0.0,0.0,0.0,340.2,205.0,0,10,11,3402,2255,5
4.762457,1696286.391667158,395.1741716513136,166.930641053557,228.2435305977565,795,1087,34646,8043845,880,40,43.57987421383648,51.69418635716044,10000,40,7400.041398344066,3459.44799042711,10000,40,4292.5031880977685,4485.2129974574855,20117135.632561564,15900,21740,20,7,0.002531875066454,0.794867,0.0,0.0270279214902234,4.762406,0.795309,0.0,0.0059979924433249,0.0414581479027207,4.715792,0.836126,2.2e-05,0.0043423499079189,0.0363203318001978,7,412,0,0,1,3,2,419,1879,0,0,1.3672955974842766,4292.5031880977685,65535,4096,0,0,0,0,0,0,0,0,0.0,0.0,2663882.0,358.0,0.0,2367461.6025865483,43.57987421383648,7400.041398344066,0,795,1087,34646,8043845,4
0.240786,60202.83571303979,145.3572882144311,70.60211141843794,74.75517679599312,17,18,8055,6441,1278,59,473.8235294117647,528.9939658606278,1278,52,357.8333333333333,460.4095097482965,1278,52,414.1714285714286,498.2941463899919,248297.05632653067,340,360,20,17,0.0070819411764705,0.083719,0.0,0.0168637368947503,0.240786,0.100696,0.0,0.0150491249999999,0.0290205551718842,0.224499,0.083719,4.2e-05,0.0132058235294117,0.0225258857976519,0,0,0,0,0,0,0,0,0,0,0,1.0588235294117647,414.1714285714286,0,0,0,0,0,0,0,0,0,0,2873.0,4.5,5123.0,8.0,1195837.669094693,987090.5587668592,473.8235294117647,357.8333333333333,0,17,18,8055,6441,5
0.07151,3412.1101943784083,41.952174521046,27.968116347364003,13.984058173682,2,1,152,92,76,76,76.0,0.0,92,92,92.0,0.0,92,76,81.33333333333333,7.542472332656507,56.88888888888889,40,20,20,2,0.035755,0.07151,0.0,0.035755,0.0,0.0,0.0,0.0,0.0,0.0,0.0,0.0,0.0,0.0,0,0,0,0,0,0,0,0,0,0,0,0.5,81.33333333333333,0,0,0,0,0,0,0,0,0,0,0.0,0.0,0.0,0.0,0.0,0.0,76.0,92.0,0,2,1,152,92,3
0.029919,10428.156021257397,100.2707309736288,66.8471539824192,33.4235769912096,2,1,146,166,73,73,73.0,0.0,166,166,166.0,0.0,166,73,104.0,43.840620433565945,1922.0,40,20,20,2,0.0149595,0.029919,0.0,0.0149595,0.0,0.0,0.0,0.0,0.0,0.0,0.0,0.0,0.0,0.0,0,0,0,0,0,0,0,0,0,0,0,0.5,104.0,0,0,0,0,0,0,0,0,0,0,0.0,0.0,0.0,0.0,0.0,0.0,73.0,166.0,0,2,1,146,166,1
0.151472,5941.692193936833,92.42632301679518,52.81504172388296,39.611281292912224,8,6,496,404,92,54,62.0,12.36931687685298,121,54,67.33333333333333,24.38350991050213,121,54,64.28571428571429,18.687003013663084,349.2040816326532,160,120,20,2,0.0116516923076923,0.078163,0.0,0.022526787351215,0.151472,0.137318,0.0,0.0216388571428571,0.0472828247779211,0.148034,0.078163,0.0,0.0296068,0.0292469111490427,2,2,0,0,2,3,0,4,12,0,0,0.75,64.28571428571429,65535,65535,0,0,0,0,0,0,0,0,0.0,0.0,0.0,0.0,0.0,0.0,62.0,67.33333333333333,0,8,6,496,404,3
0.111295,8697.605462958803,125.79181454692484,71.88103688395705,53.91077766296779,8,6,502,466,98,54,62.75,14.210471491122313,183,54,77.66666666666667,47.30280705788564,183,54,69.14285714285714,33.59816564477706,1128.8367346938776,160,120,20,2,0.0085611538461538,0.0494,0.0,0.0163246687460615,0.1112949999999999,0.096896,0.0,0.0158992857142857,0.033135112536032,0.1067009999999999,0.054255,0.0,0.0213401999999999,0.0228296564266744,2,2,0,0,2,3,0,4,12,0,0,0.75,69.14285714285714,65535,65535,0,0,0,0,0,0,0,0,0.0,0.0,0.0,0.0,0.0,0.0,62.75,77.66666666666667,0,8,6,502,466,0
0.03802,6075.749605470805,78.90583903208838,52.60389268805892,26.30194634402946,2,1,124,107,62,62,62.0,0.0,107,107,107.0,0.0,107,62,77.0,21.213203435596427,450.0,40,20,20,2,0.01901,0.03802,0.0,0.01901,0.0,0.0,0.0,0.0,0.0,0.0,0.0,0.0,0.0,0.0,0,0,0,0,0,0,0,0,0,0,0,0.5,77.0,0,0,0,0,0,0,0,0,0,0,0.0,0.0,0.0,0.0,0.0,0.0,62.0,107.0,0,2,1,124,107,3
0.150145,84318.49212427986,166.5057111458923,79.9227413500283,86.582969795864,12,13,7633,5027,1278,59,636.0833333333334,575.0671639517906,1278,49,386.6923076923077,464.474622079843,1278,49,506.4,535.2048579749628,286444.24000000005,240,260,20,12,0.0062560416666666,0.067492,0.0,0.0153697731995822,0.1133599999999999,0.068072,0.0,0.0103054545454545,0.0196995378873517,0.125889,0.067703,0.000156,0.01049075,0.0204101557936443,0,0,0,0,0,0,0,0,0,0,0,1.0833333333333333,506.4,0,0,0,0,0,0,0,0,0,0,3371.0,5.0,3824.0,6.0,1220492.3968139028,2937019.969278034,636.0833333333334,386.6923076923077,0,12,13,7633,5027,1
0.261645,1811.6149744883328,11.465917560052745,7.643945040035161,3.8219725200175807,2,1,154,320,77,77,77.0,0.0,320,320,320.0,0.0,320,77,158.0,114.5512985522207,13122.0,40,20,20,2,0.1308225,0.261645,0.0,0.1308225,0.0,0.0,0.0,0.0,0.0,0.0,0.0,0.0,0.0,0.0,0,0,0,0,0,0,0,0,0,0,0,0.5,158.0,0,0,0,0,0,0,0,0,0,0,0.0,0.0,0.0,0.0,0.0,0.0,77.0,320.0,0,2,1,154,320,0
0.032107,9810.94465381381,93.43756813156013,62.291712087706735,31.145856043853367,2,1,172,143,86,86,86.0,0.0,143,143,143.0,0.0,143,86,105.0,26.87005768508881,722.0,40,20,20,2,0.0160535,0.032107,0.0,0.0160535,0.0,0.0,0.0,0.0,0.0,0.0,0.0,0.0,0.0,0.0,0,0,0,0,0,0,0,0,0,0,0,0.5,105.0,0,0,0,0,0,0,0,0,0,0,0.0,0.0,0.0,0.0,0.0,0.0,86.0,143.0,0,2,1,172,143,0
5.718715,1357.123059988127,1.5737801236816311,0.8743222909342395,0.6994578327473916,5,4,3506,4255,1284,78,701.2,530.9381884927849,1284,560,1063.75,297.819051606844,1284,78,862.3333333333334,478.0,228484.0,100,80,20,5,0.714839375,5.018054,0.0,1.6331307121037446,5.364868,5.018054,0.0,1.341217,2.127539290656932,5.374024,5.374024,0.0,1.7913413333333337,2.533339208439503,3,3,0,0,0,0,0,6,9,0,0,0.8,862.3333333333334,255,71,0,0,0,0,0,0,0,0,0.0,0.0,0.0,0.0,0.0,0.0,701.2,1063.75,0,5,4,3506,4255,2
0.114367,8044.278506911959,122.41293380083415,69.95024788619095,52.46268591464321,8,6,506,414,102,54,63.25,15.45760330711071,131,54,69.0,28.05946067431328,131,54,65.71428571428571,21.95589270537174,482.0612244897959,160,120,20,2,0.0087974615384615,0.058921,0.0,0.0178851574888891,0.114367,0.10198,0.0,0.0163381428571428,0.0350141405003691,0.109763,0.058921,0.0,0.0219526,0.0245870429096302,2,2,0,0,2,3,0,4,12,0,0,0.75,65.71428571428571,65535,65535,0,0,0,0,0,0,0,0,0.0,0.0,0.0,0.0,0.0,0.0,63.25,69.0,0,8,6,506,414,3
0.027718,13276.571181181904,108.23291723789596,72.1552781585973,36.07763907929865,2,1,158,210,79,79,79.0,0.0,210,210,210.0,0.0,210,79,122.66666666666669,61.753992223625154,3813.555555555556,40,20,20,2,0.013859,0.027718,0.0,0.013859,0.0,0.0,0.0,0.0,0.0,0.0,0.0,0.0,0.0,0.0,0,0,0,0,0,0,0,0,0,0,0,0.5,122.66666666666669,0,0,0,0,0,0,0,0,0,0,0.0,0.0,0.0,0.0,0.0,0.0,79.0,210.0,0,2,1,158,210,3
0.077552,133871.46688673407,180.5240354858676,77.36744377965752,103.15659170621004,6,8,3746,6636,1372,78,624.3333333333334,560.6605231530237,1372,85,829.5,571.1545325041201,1372,78,741.5714285714286,575.7046259381026,331435.81632653065,120,160,20,6,0.0059655384615384,0.038082,0.0,0.0116375160554487,0.071864,0.043851,0.0,0.0143728,0.0181635089495394,0.03947,0.028636,0.0,0.0056385714285714,0.0096155668261291,4,6,0,0,0,0,0,10,14,0,0,1.3333333333333333,741.5714285714286,255,136,0,0,0,0,0,0,0,0,0.0,0.0,5932.0,5.0,0.0,1296895.4962833405,624.3333333333334,829.5,0,6,8,3746,6636,2
3.016577,87.51641347129545,1.3260062647165978,1.3260062647165978,0.0,4,0,264,0,66,66,66.0,0.0,0,0,0.0,0.0,66,66,66.0,0.0,0.0,80,0,20,0,1.0055256666666663,2.012002,0.0,0.8213966519801637,3.016577,2.012002,0.0,1.0055256666666663,0.8213966519801637,0.0,0.0,0.0,0.0,0.0,0,0,0,0,0,4,0,0,0,0,0,0.0,66.0,65535,0,0,0,0,0,0,0,0,0,0.0,0.0,0.0,0.0,0.0,0.0,66.0,0.0,0,4,0,264,0,1
10.295888,867.4336783772318,1.5540184586312518,0.8741353829800791,0.6798830756511726,9,7,4249,4682,1372,78,472.1111111111111,510.3378933923081,1372,90,668.8571428571429,490.3026553849684,1372,78,558.1875,511.0770757368696,261199.77734375,180,140,20,9,0.6863925333333332,10.000444,0.0,2.489576496988832,10.201648,10.002955,0.0,1.275206,3.29904504346936,10.193932,10.000444,0.0,1.6989886666666667,3.712763180669248,7,6,0,0,0,0,0,13,16,0,0,0.7777777777777778,558.1875,255,67,0,0,0,0,0,0,0,0,0.0,0.0,0.0,0.0,0.0,0.0,472.1111111111111,668.8571428571429,0,9,7,4249,4682,2
0.020147,13550.404526728544,148.90554424976423,99.27036283317616,49.63518141658808,2,1,116,157,58,58,58.0,0.0,157,157,157.0,0.0,157,58,91.0,46.66904755831214,2178.0,40,20,20,2,0.0100735,0.020147,0.0,0.0100735,0.0,0.0,0.0,0.0,0.0,0.0,0.0,0.0,0.0,0.0,0,0,0,0,0,0,0,0,0,0,0,0.5,91.0,0,0,0,0,0,0,0,0,0,0,0.0,0.0,0.0,0.0,0.0,0.0,58.0,157.0,0,2,1,116,157,5
0.013112,22803.538743136058,228.7980475899939,152.53203172666258,76.26601586333129,2,1,166,133,83,83,83.0,0.0,133,133,133.0,0.0,133,83,99.66666666666669,23.570226039551585,555.5555555555555,40,20,20,2,0.006556,0.013112,0.0,0.006556,0.0,0.0,0.0,0.0,0.0,0.0,0.0,0.0,0.0,0.0,0,0,0,0,0,0,0,0,0,0,0,0.5,99.66666666666669,0,0,0,0,0,0,0,0,0,0,0.0,0.0,0.0,0.0,0.0,0.0,83.0,133.0,0,2,1,166,133,5
5.415982,1462.5233244866768,3.69277445899931,2.0310259524496206,1.6617485065496895,11,9,1321,6600,557,40,120.0909090909091,154.76225435131406,2899,40,733.3333333333334,981.1022146318678,2899,40,396.05,734.4401592369522,539402.3474999998,220,180,20,3,0.2850516842105263,5.038073,0.0,1.1207059616834594,5.415784,5.038073,0.0,0.5415783999999999,1.4992337977285064,5.370926,5.038405,0.000217,0.67136575,1.6511767127902113,3,4,0,0,0,3,2,7,18,0,0,0.8181818181818182,396.05,65535,4096,0,0,0,0,0,0,0,0,0.0,0.0,0.0,0.0,0.0,0.0,120.0909090909091,733.3333333333334,0,11,9,1321,6600,4
95.844521,7140.303826026738,6.44794291371126,5.905397555276008,0.5425453584352516,566,52,677477,6882,1278,53,1196.955830388693,287.9637844566328,322,60,132.34615384615384,80.51418523259512,1278,53,1107.3770226537215,404.76332361663,163833.34814518073,11320,1040,20,566,0.1553395802269043,22.556119,0.0,1.5274705723359692,74.892386,22.655035,0.0,0.1325528955752212,1.3441098293435123,95.821009,22.659127,0.000109,1.8788433137254903,5.037590809905522,0,0,0,0,0,0,0,0,0,0,0,0.0918727915194346,1107.3770226537215,0,0,0,0,0,0,0,0,0,0,38618.470588235294,31.47058823529412,0.0,0.0,5226439.728055789,0.0,1196.955830388693,132.34615384615384,0,566,52,677477,6882,5
1.204726,906.4301758242124,12.45096395362929,7.470578372177574,4.980385581451716,9,6,565,527,95,54,62.77777777777778,12.576678397183132,244,54,87.83333333333333,69.97241519976919,244,54,72.8,46.9470623859115,2204.026666666666,180,120,20,2,0.0860518571428571,1.013714,0.0,0.2590673618749315,1.204726,1.013714,0.0,0.15059075,0.3306328247965369,0.17912,0.115314,0.0,0.035824,0.0434826899857863,2,2,0,0,2,4,0,4,12,0,0,0.6666666666666666,72.8,65535,65535,0,0,0,0,0,0,0,0,0.0,0.0,0.0,0.0,0.0,0.0,62.77777777777778,87.83333333333333,0,9,6,565,527,1
3.029619,171.63874401368622,1.3202980308745094,0.990223523155882,0.3300745077186273,3,1,198,322,66,66,66.0,0.0,322,322,322.0,0.0,322,66,130.0,110.85125168440814,12288.0,60,20,20,3,1.009873,3.001834,0.0,1.4085748047103026,3.001834,3.001834,0.0,1.500917,1.500917,0.0,0.0,0.0,0.0,0.0,0,0,0,0,0,0,0,0,0,0,0,0.3333333333333333,130.0,0,0,0,0,0,0,0,0,0,0,0.0,0.0,0.0,0.0,0.0,0.0,66.0,322.0,0,3,1,198,322,4
0.000831,317689.53068592056,3610.1083032490974,3610.1083032490974,0.0,3,0,264,0,93,78,88.0,7.071067811865476,0,0,0.0,0.0,93,78,88.0,7.071067811865476,50.0,60,0,20,3,0.0004155,0.000831,0.0,0.0004155,0.000831,0.000831,0.0,0.0004155,0.0004155,0.0,0.0,0.0,0.0,0.0,3,0,0,0,0,0,0,3,3,0,0,0.0,88.0,253,0,0,0,0,0,0,0,0,0,0.0,0.0,0.0,0.0,0.0,0.0,88.0,0.0,0,3,0,264,0,2
0.063621,4699.7060718945,47.15424152402509,31.43616101601673,15.718080508008365,2,1,166,133,83,83,83.0,0.0,133,133,133.0,0.0,133,83,99.66666666666669,23.570226039551585,555.5555555555555,40,20,20,2,0.0318105,0.063621,0.0,0.0318105,0.0,0.0,0.0,0.0,0.0,0.0,0.0,0.0,0.0,0.0,0,0,0,0,0,0,0,0,0,0,0,0.5,99.66666666666669,0,0,0,0,0,0,0,0,0,0,0.0,0.0,0.0,0.0,0.0,0.0,83.0,133.0,0,2,1,166,133,5
0.180109,2231.9817443881207,38.8653537580021,16.6565801820009,22.2087735760012,3,4,162,240,54,54,54.0,0.0,78,54,60.0,10.392304845413264,78,54,57.42857142857143,8.398250546685182,70.53061224489795,60,80,20,0,0.0300181666666666,0.091275,0.0,0.0424464414190269,0.091308,0.091308,0.0,0.045654,0.045654,0.088834,0.088834,0.0,0.0296113333333333,0.0418767491999505,0,1,0,0,4,0,1,1,7,0,0,1.3333333333333333,57.42857142857143,511,295,0,0,0,0,0,0,0,0,0.0,0.0,0.0,0.0,0.0,0.0,54.0,60.0,0,3,4,162,240,1
0.011838,25257.64487244467,253.42118601115047,168.94745734076702,84.47372867038351,2,1,166,133,83,83,83.0,0.0,133,133,133.0,0.0,133,83,99.66666666666669,23.570226039551585,555.5555555555555,40,20,20,2,0.005919,0.011838,0.0,0.005919,0.0,0.0,0.0,0.0,0.0,0.0,0.0,0.0,0.0,0.0,0,0,0,0,0,0,0,0,0,0,0,0.5,99.66666666666669,0,0,0,0,0,0,0,0,0,0,0.0,0.0,0.0,0.0,0.0,0.0,83.0,133.0,0,2,1,166,133,5
0.925459,6491.913742261948,17.288718354892005,9.724904074626751,7.563814280265252,9,7,2386,3622,1372,54,265.1111111111111,416.3333185066569,1372,54,517.4285714285714,487.91534896445097,1372,54,375.5,466.1751280366639,217319.25,180,140,20,3,0.0616972666666666,0.346961,0.0,0.1080822635029859,0.925459,0.346998,0.0,0.115682375,0.1256429707493991,0.695841,0.346994,0.0,0.1159735,0.1289091942942136,2,4,0,0,0,3,0,6,14,0,0,0.7777777777777778,375.5,65535,62727,0,0,0,0,0,0,0,0,0.0,0.0,0.0,0.0,0.0,0.0,265.1111111111111,517.4285714285714,0,9,7,2386,3622,1
0.159436,6071.401690960636,87.80952858827366,50.17687347901352,37.63265510926014,8,6,488,480,84,54,61.0,10.0,197,54,80.0,52.50079364479487,197,54,69.14285714285714,36.425770200420985,1326.8367346938776,160,120,20,2,0.0122643076923076,0.084776,0.0,0.0253655044450426,0.159436,0.144489,0.0,0.0227765714285714,0.0497445395218902,0.156044,0.084776,0.0,0.0312088,0.0349106497871351,2,2,0,0,2,3,0,4,12,0,0,0.75,69.14285714285714,65535,65535,0,0,0,0,0,0,0,0,0.0,0.0,0.0,0.0,0.0,0.0,61.0,80.0,0,8,6,488,480,0
0.088779,104101.1951024454,157.69495038241027,90.11140021852016,67.58355016389011,8,6,2215,7027,1805,40,276.875,578.2783580378916,4411,40,1171.1666666666667,1549.4375771729417,4411,40,660.1428571428571,1189.8923635080166,1415843.836734694,160,120,20,2,0.0068291538461538,0.041018,0.0,0.0115159780361972,0.088779,0.055133,0.0,0.0126827142857142,0.0184677509630342,0.033448,0.015582,0.000419,0.0066895999999999,0.0066458441931781,2,3,0,0,0,3,0,5,12,0,0,0.75,660.1428571428571,65535,4096,0,0,0,0,0,0,0,0,0.0,0.0,0.0,0.0,0.0,0.0,276.875,1171.1666666666667,0,8,6,2215,7027,5
0.207065,38799.410813029725,120.73503489242508,62.78221814406104,57.95281674836404,13,12,1283,6751,557,40,98.6923076923077,134.5301708313244,4324,40,562.5833333333334,1199.5349417123657,4324,40,321.36,868.2097387152484,753788.1503999999,260,240,20,5,0.0086277083333333,0.144894,0.0,0.0290962602858728,0.2070219999999999,0.14622,0.0,0.0172518333333333,0.0397263107877582,0.182832,0.144894,0.000218,0.0166210909090909,0.0410070801590841,5,4,0,0,1,3,2,9,22,0,0,0.9230769230769232,321.36,65535,4096,0,0,0,0,0,0,0,0,206.0,4.0,0.0,0.0,87214.22523285351,0.0,98.6923076923077,562.5833333333334,0,13,12,1283,6751,3
0.090526,222411.2409694453,342.4430550339129,176.7448025981486,165.69825243576432,16,15,10474,9660,1278,59,654.625,585.1922627436218,1278,50,644.0,541.6062530412046,1278,50,649.483870967742,564.547599122818,318713.9916753381,320,300,20,16,0.0030175333333333,0.026221,0.0,0.0053475533267301,0.083254,0.026221,0.0,0.0055502666666666,0.0071519660836879,0.076865,0.034071,8.9e-05,0.0054903571428571,0.0106006680221251,0,0,0,0,0,0,0,0,0,0,0,0.9375,649.483870967742,0,0,0,0,0,0,0,0,0,0,6146.0,9.0,6172.0,6.0,310231.6894654485,2228158.844765343,654.625,644.0,0,16,15,10474,9660,5
0.850767,623002.5377100898,332.64101687065903,157.50493378328025,175.13608308737878,134,149,10091,519939,1795,40,75.30597014925372,201.0741389819745,10000,40,3489.5234899328857,2679.9200067794586,10000,40,1872.8975265017668,2589.6906469196274,6706497.646742998,2680,2980,20,8,0.0030169042553191,0.212624,0.0,0.0160790010760714,0.850767,0.212758,0.0,0.0063967443609022,0.0230577251076001,0.83607,0.260456,4.1e-05,0.0056491216216216,0.0249322662240376,8,130,0,0,0,3,0,138,281,0,0,1.111940298507463,1872.8975265017668,65535,4096,0,0,0,0,0,0,0,0,1467.0,4.0,253705.5,70.5,499149.3705341953,684153.9677103586,75.30597014925372,3489.5234899328857,0,134,149,10091,519939,1
25.21179,675.3982957973234,1.2295834607538774,0.6346237216794206,0.5949597390744569,16,15,2281,14747,967,40,142.5625,246.9754463377888,6701,40,983.1333333333332,1750.3575964800896,6701,40,549.2903225806451,1300.1533704454032,1690398.786680542,320,300,20,4,0.8403930000000001,15.271239,0.0,2.91699288750855,25.21179,15.271239,0.0,1.680786,3.95677056669655,24.933768,15.312058,8.4e-05,1.7809834285714286,4.083560970533906,4,9,0,0,1,3,1,13,29,0,0,0.9375,549.2903225806451,65535,4096,0,0,0,0,0,0,0,0,0.0,0.0,4271.0,5.0,0.0,1436596.0309451732,142.5625,983.1333333333332,0,16,15,2281,14747,3
0.027963,9691.377892214712,107.284626113078,71.52308407538534,35.76154203769267,2,1,138,133,69,69,69.0,0.0,133,133,133.0,0.0,133,69,90.33333333333331,30.169889330626027,910.2222222222222,40,20,20,2,0.0139815,0.027963,0.0,0.0139815,0.0,0.0,0.0,0.0,0.0,0.0,0.0,0.0,0.0,0.0,0,0,0,0,0,0,0,0,0,0,0,0.5,90.33333333333331,0,0,0,0,0,0,0,0,0,0,0.0,0.0,0.0,0.0,0.0,0.0,69.0,133.0,0,2,1,138,133,5
0.012255,24398.204814361485,244.79804161566707,163.19869441044472,81.59934720522236,2,1,166,133,83,83,83.0,0.0,133,133,133.0,0.0,133,83,99.66666666666669,23.570226039551585,555.5555555555555,40,20,20,2,0.0061275,0.012255,0.0,0.0061275,0.0,0.0,0.0,0.0,0.0,0.0,0.0,0.0,0.0,0.0,0,0,0,0,0,0,0,0,0,0,0,0.5,99.66666666666669,0,0,0,0,0,0,0,0,0,0,0.0,0.0,0.0,0.0,0.0,0.0,83.0,133.0,0,2,1,166,133,5
65.019491,39.988009134061045,0.2460800562096064,0.1230400281048032,0.1230400281048032,8,8,1416,1184,572,40,177.0,208.9760751856537,659,40,148.0,203.80076054813927,659,40,162.5,206.9133272653069,42813.125,160,160,20,3,4.334632733333334,64.648718,0.0,16.119676152707438,0.370773,0.122111,0.0,0.0529675714285714,0.0522438764664807,64.912422,64.649054,0.000358,9.273203142857144,22.607144652390453,3,3,0,0,0,3,1,6,14,0,0,1.0,162.5,65535,4096,0,0,0,0,0,0,0,0,0.0,0.0,0.0,0.0,0.0,0.0,177.0,148.0,0,8,8,1416,1184,4
0.182889,5260.021105697992,76.54916370038657,43.74237925736376,32.80678444302282,8,6,499,463,95,54,62.375,13.284742187938765,180,54,77.16666666666667,46.18952502702557,180,54,68.71428571428571,32.692132237039566,1068.7755102040817,160,120,20,2,0.0140683846153846,0.10989,0.0,0.0297575071085198,0.182889,0.166123,0.0,0.026127,0.0572092634332188,0.177512,0.10989,0.005079,0.0355024,0.0404216354671604,2,2,0,0,2,3,0,4,12,0,0,0.75,68.71428571428571,65535,65535,0,0,0,0,0,0,0,0,0.0,0.0,0.0,0.0,0.0,0.0,62.375,77.16666666666667,0,8,6,499,463,0
62.919241,232.94940890974829,0.4609082935377431,0.2384008414850395,0.2225074520527035,15,14,9721,4936,5411,40,648.0666666666667,1390.436740340563,1884,40,352.57142857142856,598.3998560787778,5411,40,505.41379310344826,1093.0054584600862,1194660.9322235433,300,280,20,8,2.24711575,62.630999,0.0,11.620912330171878,0.28807,0.122466,0.0,0.0205764285714285,0.0340434235052702,62.893683,62.630999,0.000213,4.837975615384615,16.683471228492692,7,5,0,0,0,3,1,12,27,0,0,0.9333333333333332,505.41379310344826,65535,4096,0,0,0,0,0,0,0,0,6753.0,4.0,0.0,0.0,4212726.13849033,0.0,648.0666666666667,352.57142857142856,0,15,14,9721,4936,4
64.535211,279.4443486052908,0.4028808397325918,0.2014404198662959,0.2014404198662959,13,13,3357,14677,1839,40,258.2307692307692,497.31171989564257,6548,40,1129.0,2097.827007607194,6548,40,693.6153846153846,1585.452084930184,2513658.313609468,260,260,20,6,2.58140844,64.320575,0.0,12.602473774911337,0.213914,0.107826,0.0,0.0178261666666666,0.0295088736508001,64.52052,64.320575,0.000146,5.37671,17.772289015897716,6,4,0,0,0,3,1,10,24,0,0,1.0,693.6153846153846,65535,4096,0,0,0,0,0,0,0,0,0.0,0.0,0.0,0.0,0.0,0.0,258.2307692307692,1129.0,0,13,13,3357,14677,5
0.087391,152498.54103969518,183.0852147246284,80.09978144202492,102.98543328260348,7,9,5606,7721,1294,88,800.8571428571429,570.4713411034845,1494,85,857.8888888888889,547.5990918839244,1494,85,832.9375,558.4382764404228,311853.30859375,140,180,20,7,0.0058260666666666,0.030702,0.0,0.0112690301887764,0.056689,0.031012,0.0,0.0094481666666666,0.0131787224395572,0.057696,0.031231,0.0,0.007212,0.0125482470588524,0,0,0,0,0,0,0,0,0,0,0,1.2857142857142858,832.9375,0,0,0,0,0,0,0,0,0,0,0.0,0.0,5698.0,5.0,0.0,0.0,800.8571428571429,857.8888888888889,0,7,9,5606,7721,2
0.19916,5006.025306286403,70.29524000803374,40.16870857601928,30.12653143201446,8,6,491,506,87,54,61.375,10.873563123466017,223,54,84.33333333333333,62.16286851668143,223,54,71.21428571428571,43.04346403251447,1852.7397959183672,160,120,20,2,0.0153199999999999,0.127764,0.0,0.0348557385784056,0.19916,0.183758,0.0,0.0284514285714285,0.0634491795193087,0.192962,0.127764,0.0,0.0385924,0.0484048484910344,2,2,0,0,2,3,0,4,12,0,0,0.75,71.21428571428571,65535,65535,0,0,0,0,0,0,0,0,0.0,0.0,0.0,0.0,0.0,0.0,61.375,84.33333333333333,0,8,6,491,506,1
0.019992,21958.783513405364,150.06002400960384,100.04001600640257,50.02000800320128,2,1,116,323,58,58,58.0,0.0,323,323,323.0,0.0,323,58,146.33333333333334,124.9221980096234,15605.555555555557,40,20,20,2,0.009996,0.019992,0.0,0.009996,0.0,0.0,0.0,0.0,0.0,0.0,0.0,0.0,0.0,0.0,0,0,0,0,0,0,0,0,0,0,0,0.5,146.33333333333334,0,0,0,0,0,0,0,0,0,0,0.0,0.0,0.0,0.0,0.0,0.0,58.0,323.0,0,2,1,116,323,3
0.004858,56401.81144503911,617.5380815150268,411.6920543433511,205.8460271716756,2,1,172,102,86,86,86.0,0.0,102,102,102.0,0.0,102,86,91.33333333333331,7.542472332656507,56.88888888888889,40,20,20,2,0.002429,0.004858,0.0,0.002429,0.0,0.0,0.0,0.0,0.0,0.0,0.0,0.0,0.0,0.0,0,0,0,0,0,0,0,0,0,0,0,0.5,91.33333333333331,0,0,0,0,0,0,0,0,0,0,0.0,0.0,0.0,0.0,0.0,0.0,86.0,102.0,0,2,1,172,102,1
0.254574,51678.49034072607,121.772058419163,58.9219637512079,62.85009466795509,15,16,5567,7589,1278,59,371.1333333333333,477.7675678495652,1278,49,474.3125,538.5991922048806,1278,49,424.3870967741936,512.6708481503354,262831.3985431842,300,320,20,15,0.0084858,0.090271,0.0,0.0191563340532576,0.254574,0.092381,0.0,0.0181838571428571,0.0263814709756058,0.226147,0.090875,3.4e-05,0.0150764666666666,0.0258065456137693,0,0,0,0,0,0,0,0,0,0,0,1.0666666666666669,424.3870967741936,0,0,0,0,0,0,0,0,0,0,1197.0,6.0,3200.0,5.0,137081.99725148876,521682.42582328006,371.1333333333333,474.3125,0,15,16,5567,7589,5
1.124247,10269.985154507862,19.568653507636668,10.673811004165454,8.894842503471212,12,10,6107,5439,1372,54,508.9166666666667,531.4344516390416,1372,54,543.9,561.6611879060187,1372,54,524.8181818181819,545.6597038417755,297744.51239669416,240,200,20,7,0.0535355714285714,0.410482,0.0,0.1294932200525503,1.124247,0.420319,0.0,0.1022042727272727,0.1677466679371501,0.733943,0.412031,0.0,0.0815492222222222,0.1503986911251984,4,3,0,0,0,3,0,7,20,0,0,0.8333333333333334,524.8181818181819,65535,65535,0,0,0,0,0,0,0,0,0.0,0.0,4247.0,4.0,0.0,0.0,508.9166666666667,543.9,0,12,10,6107,5439,1
0.125817,7153.246381649538,111.27272149232614,63.58441228132923,47.68830921099692,8,6,496,404,92,54,62.0,12.36931687685298,121,54,67.33333333333333,24.38350991050213,121,54,64.28571428571429,18.687003013663084,349.2040816326532,160,120,20,2,0.0096782307692307,0.062655,0.0,0.0187509435379164,0.125817,0.107653,0.0,0.0179738571428571,0.0367332437890435,0.117372,0.062655,0.0,0.0234744,0.0258532754953796,2,2,0,0,2,3,0,4,12,0,0,0.75,64.28571428571429,65535,65535,0,0,0,0,0,0,0,0,0.0,0.0,0.0,0.0,0.0,0.0,62.0,67.33333333333333,0,8,6,496,404,0
0.161863,5615.860326325349,86.4928983152419,49.424513322995374,37.06838499224653,8,6,492,417,88,54,61.5,11.169153951844338,134,54,69.5,29.164761842561536,134,54,64.92857142857143,21.24840930420872,451.4948979591837,160,120,20,2,0.0124509999999999,0.093542,0.0,0.026685838090931,0.1618629999999999,0.145945,0.0,0.0231232857142857,0.0501990432143148,0.157256,0.093542,0.0,0.0314512,0.0369496781442003,2,2,0,0,2,3,0,4,12,0,0,0.75,64.92857142857143,65535,65535,0,0,0,0,0,0,0,0,0.0,0.0,0.0,0.0,0.0,0.0,61.5,69.5,0,8,6,492,417,1
0.166991,65368.79233012557,149.70866693414615,71.86016012839015,77.848506805756,12,13,6180,4736,1278,59,515.0,546.0535688007176,1278,52,364.3076923076923,457.76385995324046,1278,52,436.64,507.69730194280135,257756.5504,240,260,20,12,0.0069579583333333,0.08919,0.0,0.0182037234823885,0.152488,0.092324,0.0,0.0138625454545454,0.0261025084874776,0.152846,0.08919,0.00013,0.0127371666666666,0.0256368203821292,0,0,0,0,0,0,0,0,0,0,0,1.0833333333333333,436.64,0,0,0,0,0,0,0,0,0,0,0.0,0.0,371.0,4.0,0.0,4099.71931840785,515.0,364.3076923076923,0,12,13,6180,4736,5
0.147758,6233.165040133191,94.74952286847412,54.14258449627093,40.6069383722032,8,6,492,429,88,54,61.5,11.169153951844338,146,54,71.5,33.59439437366498,146,54,65.78571428571429,24.07185247613181,579.454081632653,160,120,20,2,0.011366,0.081509,0.0,0.0227383682656565,0.147758,0.125581,0.0,0.0211082857142857,0.0427861172769001,0.141268,0.081509,0.0,0.0282536,0.0315279426579026,2,2,0,0,2,3,0,4,12,0,0,0.75,65.78571428571429,65535,65535,0,0,0,0,0,0,0,0,0.0,0.0,0.0,0.0,0.0,0.0,61.5,71.5,0,8,6,492,429,1
0.027135,13635.52607333702,147.41109268472454,110.5583195135434,36.852773171181134,3,1,285,85,100,85,95.0,7.071067811865476,85,85,85.0,0.0,100,85,92.5,7.5,56.25,60,20,20,3,0.009045,0.026864,0.0,0.0126004214479781,0.000271,0.000271,0.0,0.0001355,0.0001355,0.0,0.0,0.0,0.0,0.0,3,1,0,0,0,0,0,4,4,0,0,0.3333333333333333,92.5,511,332,0,0,0,0,0,0,0,0,0.0,0.0,0.0,0.0,0.0,0.0,95.0,85.0,0,3,1,285,85,2
0.142663,52263.02545158871,84.11431134912345,42.05715567456173,42.05715567456173,6,6,3785,3671,1372,85,630.8333333333334,554.2440547468436,1372,85,611.8333333333334,548.0858864164346,1372,85,621.3333333333334,551.2554358512535,303882.5555555556,120,120,20,6,0.0129693636363636,0.041443,0.0,0.0163676449145742,0.112797,0.044262,0.0,0.0225594,0.0187879427037661,0.10122,0.036297,0.0,0.020244,0.0166269917543733,4,5,0,0,0,0,0,9,12,0,0,1.0,621.3333333333334,255,288,0,0,0,0,0,0,0,0,0.0,0.0,0.0,0.0,0.0,0.0,630.8333333333334,611.8333333333334,0,6,6,3785,3671,2
69.757904,417.0136763283484,0.9747999309153556,0.4730646723559814,0.5017352585593742,33,35,20877,8213,1278,58,632.6363636363636,567.5070854280317,1278,52,234.65714285714284,343.5937753350307,1278,52,427.7941176470589,506.5796946426312,256622.9870242215,660,700,20,33,1.0411627462686566,27.960806,0.0,4.857769886986452,69.736954,27.982262,0.0,2.1792798125,6.861400895667172,69.742765,27.977837,8.3e-05,2.051257794117648,6.671888961957264,0,0,0,0,0,0,0,0,0,0,0,1.0606060606060606,427.7941176470589,0,0,0,0,0,0,0,0,0,0,6835.0,9.0,1677.0,5.0,212043.1842154248,27872.73059684541,632.6363636363636,234.65714285714284,0,33,35,20877,8213,1
0.025423,14553.750540848838,157.3378436848523,118.00338276363922,39.33446092121307,3,1,285,85,100,85,95.0,7.071067811865476,85,85,85.0,0.0,100,85,92.5,7.5,56.25,60,20,20,3,0.0084743333333333,0.024255,0.0,0.0111687998857929,0.001168,0.001168,0.0,0.000584,0.000584,0.0,0.0,0.0,0.0,0.0,3,1,0,0,0,0,0,4,4,0,0,0.3333333333333333,92.5,255,290,0,0,0,0,0,0,0,0,0.0,0.0,0.0,0.0,0.0,0.0,95.0,85.0,0,3,1,285,85,2
0.123538,8483.219738056307,113.32545451601936,64.7574025805825,48.56805193543687,8,6,489,559,85,54,61.125,10.288798520721455,276,54,93.16666666666669,81.87880610322118,276,54,74.85714285714286,56.43688907956914,3185.122448979591,160,120,20,2,0.009502923076923,0.06519,0.0,0.0202862067063446,0.123538,0.115002,0.0,0.0176482857142857,0.0397655395598977,0.121278,0.06519,0.0,0.0242556,0.0274896101871234,2,2,0,0,2,3,0,4,12,0,0,0.75,74.85714285714286,65535,65535,0,0,0,0,0,0,0,0,0.0,0.0,0.0,0.0,0.0,0.0,61.125,93.16666666666669,0,8,6,489,559,1
0.574774,8495.513019030088,13.918514059439014,8.699071287149383,5.21944277228963,5,3,3534,1349,1304,118,706.8,525.8799863086634,886,191,449.6666666666667,310.3012872820364,1304,118,610.375,473.7588884390456,224447.484375,100,60,20,5,0.0821105714285714,0.260584,0.0,0.1105119171141506,0.323659,0.288101,0.0,0.08091475,0.120336426852751,0.5438810000000001,0.278632,0.265249,0.2719405,0.0066914999999999,5,3,0,0,0,0,0,8,8,0,0,0.6,610.375,255,1049,0,0,0,0,0,0,0,0,0.0,0.0,0.0,0.0,0.0,0.0,706.8,449.6666666666667,0,5,3,3534,1349,2
0.216498,4263.318829735148,64.66572439468263,36.951842511247214,27.713881883435413,8,6,491,432,87,54,61.375,10.873563123466017,149,54,72.0,34.70350606687072,149,54,65.92857142857143,24.725534186672824,611.3520408163266,160,120,20,2,0.0166536923076923,0.145028,0.0,0.0397943434487957,0.216498,0.20498,0.0,0.0309282857142857,0.0710775174213021,0.2131279999999999,0.145028,0.0,0.0426256,0.0556722358113988,2,2,0,0,2,3,0,4,12,0,0,0.75,65.92857142857143,65535,65535,0,0,0,0,0,0,0,0,0.0,0.0,0.0,0.0,0.0,0.0,61.375,72.0,0,8,6,491,432,3
0.365256,2557.110629257288,35.59147556782092,21.90244650327441,13.689029064546508,8,5,540,394,136,54,67.5,26.3581107061944,165,54,78.8,43.33774336533918,165,54,71.84615384615384,34.35302282936384,1180.1301775147929,160,100,20,2,0.030438,0.298678,0.0,0.0819546727933597,0.365256,0.355171,0.0,0.0521794285714285,0.123714266571757,0.359909,0.298678,0.0,0.08997725,0.1222036167700755,2,2,0,0,1,3,1,4,11,0,0,0.625,71.84615384615384,65535,65535,0,0,0,0,0,0,0,0,0.0,0.0,0.0,0.0,0.0,0.0,67.5,78.8,0,8,5,540,394,3
0.124903,10175.896495680649,96.07455385379056,56.04348974804448,40.03106410574606,7,5,440,831,92,54,62.85714285714285,12.999215046945514,602,54,166.2,217.9471495569511,602,54,105.91666666666669,149.95469223142774,22486.40972222221,140,100,20,1,0.0113548181818181,0.06448,0.0,0.0207248375311898,0.124903,0.115521,0.0,0.0208171666666666,0.0423757609859562,0.121763,0.06448,0.002788,0.03044075,0.0260735878177035,1,2,0,0,2,3,0,3,10,0,0,0.7142857142857143,105.91666666666669,65535,65535,0,0,0,0,0,0,0,0,0.0,0.0,0.0,0.0,0.0,0.0,62.85714285714285,166.2,0,7,5,440,831,0
0.138759,8186.856348056703,100.89435640210723,57.65391794406129,43.240438458045965,8,6,485,651,81,54,60.625,9.150648884095595,368,54,108.5,116.13174989352969,368,54,81.14285714285714,79.93198639455667,6389.122448979592,160,120,20,2,0.0106737692307692,0.071971,0.0,0.0216920243129335,0.138759,0.127143,0.0,0.0198227142857142,0.0438505516685098,0.134799,0.071971,0.0,0.0269597999999999,0.0295401800630937,2,2,0,0,2,3,0,4,12,0,0,0.75,81.14285714285714,65535,65535,0,0,0,0,0,0,0,0,0.0,0.0,0.0,0.0,0.0,0.0,60.625,108.5,0,8,6,485,651,3
77.193798,1239.775765405402,2.215203869098396,0.79021892406434,1.4249849450340557,61,110,7191,88512,1108,59,117.88524590163937,155.3444716244637,1278,52,804.6545454545454,554.6531501982057,1278,52,559.6666666666666,561.0139942589542,314736.70175438595,1220,2200,20,61,0.4540811647058824,24.922091,0.0,2.513399686587696,77.152907,24.969527,0.0,1.2858817833333336,4.110014875234496,77.148019,24.948839,6.6e-05,0.707779990825688,3.118480527657385,0,0,0,0,0,0,0,0,0,0,0,1.8032786885245904,559.6666666666666,0,0,0,0,0,0,0,0,0,0,165.0,5.0,5946.416666666667,5.833333333333333,6571.348918714405,1260123.2627545164,117.88524590163937,804.6545454545454,0,61,110,7191,88512,1
0.022289,17676.880972677107,134.59554040109472,89.73036026739648,44.86518013369824,2,1,188,206,94,94,94.0,0.0,206,206,206.0,0.0,206,94,131.33333333333334,52.797306328595546,2787.555555555555,40,20,20,2,0.0111445,0.022289,0.0,0.0111445,0.0,0.0,0.0,0.0,0.0,0.0,0.0,0.0,0.0,0.0,0,0,0,0,0,0,0,0,0,0,0,0.5,131.33333333333334,0,0,0,0,0,0,0,0,0,0,0.0,0.0,0.0,0.0,0.0,0.0,94.0,206.0,0,2,1,188,206,1
0.060477,4944.028308282487,49.60563520015874,33.07042346677249,16.535211733386245,2,1,166,133,83,83,83.0,0.0,133,133,133.0,0.0,133,83,99.66666666666669,23.570226039551585,555.5555555555555,40,20,20,2,0.0302385,0.060477,0.0,0.0302385,0.0,0.0,0.0,0.0,0.0,0.0,0.0,0.0,0.0,0.0,0,0,0,0,0,0,0,0,0,0,0,0.5,99.66666666666669,0,0,0,0,0,0,0,0,0,0,0.0,0.0,0.0,0.0,0.0,0.0,83.0,133.0,0,2,1,166,133,5
0.252318,164803.93788790336,309.13371222029343,142.67709794782775,166.4566142724657,36,42,16524,25059,1278,59,459.0,534.4631782348424,1278,49,596.6428571428571,574.2505186443154,1278,49,533.1153846153846,560.4572076065981,314112.28155818547,720,840,20,36,0.0032768571428571,0.140461,0.0,0.0160840678762284,0.252318,0.140637,0.0,0.0072090857142857,0.02374942386594,0.235197,0.141019,2.3e-05,0.0057365121951219,0.0222025839993873,0,0,0,0,0,0,0,0,0,0,0,1.1666666666666667,533.1153846153846,0,0,0,0,0,0,0,0,0,0,11172.0,15.0,2972.25,5.5,742671.0097719869,1575954.4008483563,459.0,596.6428571428571,0,36,42,16524,25059,5
0.036184,5969.4892770285205,110.5460977227504,82.90957329206279,27.6365244306876,3,1,162,54,54,54,54.0,0.0,54,54,54.0,0.0,54,54,54.0,0.0,0.0,60,20,20,0,0.0120613333333333,0.035858,0.0,0.0168273106849813,0.036184,0.036184,0.0,0.018092,0.018092,0.0,0.0,0.0,0.0,0.0,0,0,0,0,3,0,0,0,4,0,0,0.3333333333333333,54.0,252,16,0,0,0,0,0,0,0,0,0.0,0.0,0.0,0.0,0.0,0.0,54.0,54.0,0,3,1,162,54,1
0.230471,33735.26387267812,47.72834760121664,26.033644146118167,21.69470345509847,6,5,3742,4033,1372,78,623.6666666666666,560.6403085361911,1372,78,806.6,500.940555355623,1372,78,706.8181818181819,542.0398875262055,293807.2396694215,120,100,20,6,0.0230471,0.113938,0.0,0.045379588436763,0.230471,0.115148,0.0,0.0460941999999999,0.0562787718643539,0.115304,0.115304,0.0,0.028826,0.0499280965789804,4,4,0,0,1,0,0,8,11,0,0,0.8333333333333334,706.8181818181819,255,67,0,0,0,0,0,0,0,0,0.0,0.0,0.0,0.0,0.0,0.0,623.6666666666666,806.6,0,6,5,3742,4033,2
0.203569,75065.45692124046,117.89614332241156,49.12339305100482,68.77275027140675,10,14,6136,9145,1294,73,613.6,564.967645091292,1294,66,653.2142857142857,551.1034617113233,1294,66,636.7083333333334,557.2644853184368,310543.70659722225,200,280,20,10,0.0088508260869565,0.055129,0.0,0.0154682946522237,0.14844,0.047151,0.0,0.0164933333333333,0.0185735394700214,0.168313,0.05579,0.0,0.0129471538461538,0.0205353680113346,0,0,0,0,0,0,0,0,0,0,0,1.4,636.7083333333334,0,0,0,0,0,0,0,0,0,0,1861.0,4.0,7366.0,7.0,1130619.6840826245,0.0,613.6,653.2142857142857,0,10,14,6136,9145,2
32.057182,777.0801563281515,1.1541875390045202,0.5926908984077266,0.5614966405967936,19,18,2725,22186,1360,40,143.42105263157896,308.81255015904725,8608,40,1232.5555555555557,1998.2372571350152,8608,40,673.2702702702703,1512.5559296989632,2287825.440467495,380,360,20,4,0.8904772777777779,25.225244,0.0,4.227799081153012,32.057182,25.225244,0.0,1.7809545555555557,5.844907308708679,31.837581,25.271279,0.000131,1.872798882352941,6.015692502479111,4,12,0,0,1,3,1,16,35,0,0,0.9473684210526316,673.2702702702703,65535,4096,0,0,0,0,0,0,0,0,0.0,0.0,10717.0,5.5,0.0,3233856.3669281835,143.42105263157896,1232.5555555555557,0,19,18,2725,22186,3
0.021114,15250.544662309369,142.08581983518044,94.7238798901203,47.36193994506015,2,1,156,166,78,78,78.0,0.0,166,166,166.0,0.0,166,78,107.33333333333331,41.48359782961079,1720.8888888888887,40,20,20,2,0.010557,0.021114,0.0,0.010557,0.0,0.0,0.0,0.0,0.0,0.0,0.0,0.0,0.0,0.0,0,0,0,0,0,0,0,0,0,0,0,0.5,107.33333333333331,0,0,0,0,0,0,0,0,0,0,0.0,0.0,0.0,0.0,0.0,0.0,78.0,166.0,0,2,1,156,166,0
121.547601,76.99864022820162,0.1645445885846813,0.0987267531508088,0.0658178354338725,12,8,4851,4508,1372,85,404.25,466.8317193236409,1372,85,563.5,507.4714277671207,1372,85,467.95,489.7515160772859,239856.5475,240,160,20,12,6.397242157894737,58.90254,0.0,17.900073849837298,121.547601,58.90254,0.0,11.049781909090909,22.406749054671767,63.394456,58.943639,0.0,9.056350857142856,20.422611550808945,10,7,0,0,0,0,0,17,20,0,0,0.6666666666666666,467.95,255,1047,0,0,0,0,0,0,0,0,0.0,0.0,0.0,0.0,0.0,0.0,404.25,563.5,0,12,8,4851,4508,2
60.584533,186.56576918732708,0.2475879445996555,0.1320469037864829,0.1155410408131725,8,7,2159,9144,1765,40,269.875,565.5927062604326,5136,40,1306.2857142857142,1832.505054702497,5136,40,753.5333333333333,1415.9998524795908,2005055.582222223,160,140,20,2,4.327466642857142,60.399331,0.0,15.55155176110622,0.185202,0.07465,0.0,0.0264574285714285,0.0315700563955202,60.544498,60.441356,0.000171,10.090749666666666,22.517488780114952,2,3,0,0,0,3,1,5,13,0,0,0.875,753.5333333333333,65535,4096,0,0,0,0,0,0,0,0,0.0,0.0,0.0,0.0,0.0,0.0,269.875,1306.2857142857142,0,8,7,2159,9144,1
0.071485,12562.075959991604,195.84528222704063,111.9115898440232,83.9336923830174,8,6,495,403,91,54,61.875,12.066870969725333,120,54,67.16666666666667,24.01677654381528,120,54,64.14285714285714,18.36478440174153,337.265306122449,160,120,20,2,0.0054988461538461,0.053625,0.0,0.0139938291611594,0.0714849999999999,0.061313,0.0,0.0102121428571428,0.0209176468454513,0.068414,0.057186,0.0,0.0136827999999999,0.0218148601224028,2,2,0,0,2,3,0,4,12,0,0,0.75,64.14285714285714,65535,65535,0,0,0,0,0,0,0,0,0.0,0.0,0.0,0.0,0.0,0.0,61.875,67.16666666666667,0,8,6,495,403,0
2.101982,1121.3226373965144,4.2816732017686165,2.854448801179078,1.427224400589539,6,3,2183,174,1372,54,363.8333333333333,485.9013674490831,66,54,58.0,5.656854249492381,1372,54,261.8888888888889,422.1327975476818,178196.0987654321,120,60,20,2,0.26274775,1.011977,0.0,0.4244619430060102,1.99069,1.011977,0.0,0.398138,0.4876069310430276,0.111664,0.111664,0.0,0.055832,0.055832,1,0,0,0,0,4,0,1,6,0,0,0.5,261.8888888888889,65535,64240,0,0,0,0,0,0,0,0,0.0,0.0,0.0,0.0,0.0,0.0,363.8333333333333,58.0,0,6,3,2183,174,1
117.48469,9.252269380801874,0.0680939788835464,0.0425587368022165,0.0255352420813299,5,3,739,348,230,93,147.8,67.11601895225908,162,93,116.0,32.526911934581186,230,93,135.875,58.72911862951801,3449.109375,100,60,20,5,16.783527142857142,58.875547,0.0,26.508551333000028,117.451306,58.875547,0.0,29.3628265,29.34797629275443,117.454789,58.903051,58.551738,58.7273945,0.1756564999999987,5,3,0,0,0,0,0,8,8,0,0,0.6,135.875,252,1046,0,0,0,0,0,0,0,0,0.0,0.0,0.0,0.0,0.0,0.0,147.8,116.0,0,5,3,739,348,2
5.809991,10818.949633484805,10.843390290966028,4.819284573762679,6.024105717203349,28,35,4067,58791,2088,40,145.25,377.4348217147659,10000,40,1679.7428571428572,1843.774100555041,10000,40,997.7460317460316,1591.6427270027532,2533326.5704207607,560,700,20,11,0.0937095322580645,3.731442,0.0,0.5030948788818268,5.809878,3.731442,0.0,0.2151806666666666,0.7450797459887046,5.7211050000000006,3.731625,0.000113,0.168267794117647,0.6701256593083113,10,25,0,0,0,3,2,35,61,0,0,1.25,997.7460317460316,65535,4096,0,0,0,0,0,0,0,0,0.0,0.0,27355.0,12.0,0.0,295617.87431782566,145.25,1679.7428571428572,0,28,35,4067,58791,4
20.004422,16.19641897176534,0.1999557897748807,0.1499668423311605,0.0499889474437201,3,1,246,78,82,82,82.0,0.0,78,78,78.0,0.0,82,78,81.0,1.7320508075688772,3.0,60,20,20,3,6.668140666666667,20.004276,0.0,9.430071729209889,20.004422,20.004422,0.0,10.002211,10.002211,0.0,0.0,0.0,0.0,0.0,3,1,0,0,0,0,0,4,4,0,0,0.3333333333333333,81.0,252,16,0,0,0,0,0,0,0,0,0.0,0.0,0.0,0.0,0.0,0.0,82.0,78.0,0,3,1,246,78,2
5.459359,2696.470409804521,6.227837370651023,2.930746997953422,3.2970903726976006,16,18,2754,11967,1219,40,172.125,297.4695099922007,6713,40,664.8333333333334,1529.131207581613,6713,40,432.9705882352941,1157.5900799733015,1340014.793252595,320,360,20,8,0.1654351212121212,5.227512,0.0,0.8949325949421015,5.459227,5.227512,0.0,0.3639484666666667,1.2999162024509563,5.432451,5.230206,2.3e-05,0.3195559411764706,1.227738557698305,8,8,0,0,0,3,2,16,32,0,0,1.125,432.9705882352941,65535,4096,0,0,0,0,0,0,0,0,182.0,4.0,4054.0,6.0,11159.482494328284,61800.6646544102,172.125,664.8333333333334,0,16,18,2754,11967,4
0.648452,1451.1482731181336,21.5898786648819,13.879207713138364,7.710670951743537,9,5,598,343,98,54,66.44444444444444,16.990919869880244,122,54,68.6,26.74023186137323,122,54,67.21428571428571,21.02440273120931,442.0255102040816,180,100,20,3,0.049880923076923,0.360411,0.0,0.1065462745090757,0.648452,0.412778,0.0,0.0810565,0.1438636312172051,0.644363,0.360411,0.010027,0.16109075,0.1402919774120655,3,2,0,0,2,3,0,5,12,0,0,0.5555555555555556,67.21428571428571,65535,65535,0,0,0,0,0,0,0,0,0.0,0.0,0.0,0.0,0.0,0.0,66.44444444444444,68.6,0,9,5,598,343,1
18.4753,856.9820246491261,1.0284000801069535,0.5412632000562914,0.4871368800506622,10,9,9134,6699,1372,69,913.4,574.3525398220156,1372,85,744.3333333333334,539.4797905801888,1372,69,833.3157894736842,564.4536298731796,318607.9002770084,200,180,20,10,1.0264055555555556,9.814634,0.0,2.7344528250429274,18.4753,10.092607,0.0,2.0528111111111107,3.731915238063082,18.194709,9.814634,0.0,2.2743386249999995,3.812533907676656,5,7,0,0,0,0,0,12,19,0,0,0.9,833.3157894736842,255,501,0,0,0,0,0,0,0,0,3969.0,4.0,5281.0,5.0,0.0,0.0,913.4,744.3333333333334,0,10,9,9134,6699,2
5.64466,1680.8806907767696,1.9487444770809927,0.8857929441277242,1.062951532953269,5,6,3609,5879,1372,85,721.8,563.7933664029757,1372,196,979.8333333333334,511.1804693278317,1372,85,862.5454545454545,550.9275424452778,303521.1570247934,100,120,20,5,0.564466,5.109611,0.0,1.5187009375335223,5.64466,5.374722,0.0,1.411165,2.291012683958123,0.266098,0.266098,0.0,0.0532196,0.1064392,3,4,0,0,0,0,0,7,11,0,0,1.2,862.5454545454545,255,501,0,0,0,0,0,0,0,0,0.0,0.0,5281.0,5.0,0.0,0.0,721.8,979.8333333333334,0,5,6,3609,5879,2
0.2889,3115.2647975077884,48.45967462789893,27.691242644513675,20.768431983385256,8,6,500,400,96,54,62.5,13.592277219068189,125,54,66.66666666666667,26.1257642099816,125,54,64.28571428571429,20.05858765655025,402.3469387755103,160,120,20,2,0.0222230769230769,0.213745,0.0,0.0571268089502663,0.2889,0.271624,0.0,0.0412714285714285,0.0940910189669816,0.2857429999999999,0.213745,0.0,0.0571485999999999,0.0812599193221356,2,2,0,0,2,3,0,4,12,0,0,0.75,64.28571428571429,65535,65535,0,0,0,0,0,0,0,0,0.0,0.0,0.0,0.0,0.0,0.0,62.5,66.66666666666667,0,8,6,500,400,1
0.252031,3693.990025036602,51.580956310930006,27.77436109050077,23.80659522042924,7,6,486,445,136,54,69.42857142857143,27.64497961582145,162,54,74.16666666666667,39.51546813872034,162,54,71.61538461538461,33.73092272572741,1137.775147928994,140,120,20,2,0.0210025833333333,0.217358,0.0,0.0594605790299454,0.250326,0.241679,0.0,0.041721,0.0894434952209121,0.248001,0.217358,0.0,0.0496002,0.0843573796473076,2,2,0,0,2,3,1,4,11,0,0,0.8571428571428571,71.61538461538461,65535,65535,0,0,0,0,0,0,0,0,0.0,0.0,0.0,0.0,0.0,0.0,69.42857142857143,74.16666666666667,0,7,6,486,445,3
0.062047,251567.3602269248,322.33629345496155,161.16814672748075,161.16814672748075,10,10,5714,9895,1278,67,571.4,577.9528008410375,1278,68,989.5,453.4053925572567,1278,67,780.45,559.9150359652793,313504.84750000003,200,200,20,10,0.0032656315789473,0.021921,0.0,0.0060382140110477,0.045587,0.024207,0.0,0.0050652222222222,0.0078149431472699,0.039189,0.024632,7.5e-05,0.0043543333333333,0.0082996368059759,0,0,0,0,0,0,0,0,0,0,0,1.0,780.45,0,0,0,0,0,0,0,0,0,0,355.0,4.0,7540.0,7.0,52795.954788816176,13634719.710669076,571.4,989.5,0,10,10,5714,9895,5
26.837197,718.6294455415742,1.2668983277202903,0.6707108793813303,0.5961874483389603,18,16,7796,11490,1294,85,433.1111111111111,502.8630130329165,1513,66,718.125,610.037486040817,1513,66,567.2352941176471,573.7929560402289,329238.35640138405,360,320,20,18,0.813248393939394,25.330802,0.0,4.335538722538348,26.837197,25.330802,0.0,1.5786586470588235,5.939697600100986,26.785587,25.385163,0.0,1.7857057999999997,6.309314835118598,0,0,0,0,0,0,0,0,0,0,0,0.8888888888888888,567.2352941176471,0,0,0,0,0,0,0,0,0,0,0.0,0.0,3802.0,5.0,0.0,0.0,433.1111111111111,718.125,0,18,16,7796,11490,2
59.089642,170.9775124377975,0.2369281573917811,0.1184640786958905,0.1184640786958905,7,7,3831,6272,1372,85,547.2857142857143,552.3010861802812,1372,85,896.0,561.0039470194738,1372,85,721.6428571428571,583.3364144719404,340281.3724489795,140,140,20,7,4.545357076923077,58.994631,0.0,15.718156464373305,59.064658,58.994631,0.0,9.844109666666666,21.98078686285419,59.057514,59.020359,0.0,9.842919,21.99282394456405,5,5,0,0,0,0,0,10,14,0,0,1.0,721.6428571428571,255,1047,0,0,0,0,0,0,0,0,0.0,0.0,5208.0,4.0,0.0,0.0,547.2857142857143,896.0,0,7,7,3831,6272,2
1.828548,4222.475975473436,10.39075813158856,5.468820069257137,4.921938062331424,10,9,2415,5306,1372,54,241.5,401.23640163873466,1372,54,589.5555555555555,583.8339016290147,1372,54,406.3684210526316,525.7324925659552,276394.65373961214,200,180,20,3,0.101586,1.586889,0.0,0.3609085450934134,1.828548,1.586889,0.0,0.203172,0.4901237647882647,1.783025,1.675203,0.0,0.2228781249999999,0.549454435697683,2,3,0,0,2,3,0,5,17,0,0,0.9,406.3684210526316,65535,65535,0,0,0,0,0,0,0,0,0.0,0.0,4190.0,4.0,0.0,0.0,241.5,589.5555555555555,0,10,9,2415,5306,1
0.012683,20342.19033351731,236.53709690136404,157.6913979342427,78.84569896712135,2,1,142,116,71,71,71.0,0.0,116,116,116.0,0.0,116,71,86.0,21.213203435596427,450.0,40,20,20,2,0.0063415,0.012683,0.0,0.0063415,0.0,0.0,0.0,0.0,0.0,0.0,0.0,0.0,0.0,0.0,0,0,0,0,0,0,0,0,0,0,0,0.5,86.0,0,0,0,0,0,0,0,0,0,0,0.0,0.0,0.0,0.0,0.0,0.0,71.0,116.0,0,2,1,142,116,5
0.121551,67140.54183017828,98.72399239825258,49.36199619912629,49.36199619912629,6,6,3736,4425,1372,78,622.6666666666666,560.6174175753808,1372,125,737.5,508.1078461639156,1372,78,680.0833333333334,538.0793712104397,289529.4097222222,120,120,20,6,0.0110500909090909,0.057861,0.0,0.0207361023226929,0.121551,0.068274,0.0,0.0243101999999999,0.029977049303759,0.060014,0.060014,0.0,0.0120028,0.0240055999999999,4,5,0,0,0,0,0,9,12,0,0,1.0,680.0833333333334,255,83,0,0,0,0,0,0,0,0,0.0,0.0,0.0,0.0,0.0,0.0,622.6666666666666,737.5,0,6,6,3736,4425,2
95.810997,8435.232126850742,5.876152191590283,2.3901222946255323,3.4860298969647503,229,334,20039,788149,1799,40,87.5065502183406,151.2730727311171,10000,40,2359.72754491018,2069.071199683819,10000,40,1435.5026642984014,1948.0496840391183,3794897.571484909,4580,6680,20,63,0.1704822010676156,64.10143,0.0,2.84192182626548,31.709567,20.702699,0.0,0.139077048245614,1.3922964290250717,95.708985,64.101575,4.5e-05,0.2874143693693693,3.688390052136825,63,263,0,0,0,3,1,326,561,0,0,1.4585152838427948,1435.5026642984014,65535,4096,0,0,0,0,0,0,0,0,815.3333333333334,7.333333333333333,55169.769230769234,19.923076923076923,2881.022939821249,839456.1613163368,87.5065502183406,2359.72754491018,0,229,334,20039,788149,1
0.0,0.0,0.0,0.0,0.0,2,0,160,0,80,80,80.0,0.0,0,0,0.0,0.0,80,80,80.0,0.0,0.0,40,0,20,2,0.0,0.0,0.0,0.0,0.0,0.0,0.0,0.0,0.0,0.0,0.0,0.0,0.0,0.0,0,0,0,0,0,0,0,0,0,0,0,0.0,80.0,0,0,0,0,0,0,0,0,0,0,0.0,0.0,0.0,0.0,0.0,0.0,80.0,0.0,0,2,0,160,0,0
0.066203,4516.411642976905,45.315166986390345,30.210111324260232,15.105055662130116,2,1,166,133,83,83,83.0,0.0,133,133,133.0,0.0,133,83,99.66666666666669,23.570226039551585,555.5555555555555,40,20,20,2,0.0331015,0.066203,0.0,0.0331015,0.0,0.0,0.0,0.0,0.0,0.0,0.0,0.0,0.0,0.0,0,0,0,0,0,0,0,0,0,0,0,0.5,99.66666666666669,0,0,0,0,0,0,0,0,0,0,0.0,0.0,0.0,0.0,0.0,0.0,83.0,133.0,0,2,1,166,133,5
0.157969,5937.873886648647,88.62498338281561,50.64284764732321,37.982135735492406,8,6,490,448,86,54,61.25,10.580051984749414,165,54,74.66666666666667,40.62702986381795,165,54,67.0,28.555709961907294,815.4285714285714,160,120,20,2,0.0121514615384615,0.097485,0.0,0.0278073579156402,0.157969,0.149318,0.0,0.022567,0.0517669174942563,0.156419,0.097485,0.0,0.0312838,0.0386670522455488,2,2,0,0,2,3,0,4,12,0,0,0.75,67.0,65535,65535,0,0,0,0,0,0,0,0,0.0,0.0,0.0,0.0,0.0,0.0,61.25,74.66666666666667,0,8,6,490,448,1
0.112918,72902.46019235197,115.12779184895231,53.13590393028569,61.99188791866664,6,7,3733,4499,1372,78,622.1666666666666,560.6093163296125,1372,85,642.7142857142857,524.0424503758435,1372,78,633.2307692307693,541.3234713105612,293031.10059171595,120,140,20,6,0.0094098333333333,0.056459,0.0,0.0190187246585802,0.108626,0.05965,0.0,0.0217252,0.0264804490551047,0.056459,0.050956,0.0,0.0094098333333333,0.0186214577160925,4,6,0,0,0,0,0,10,13,0,0,1.1666666666666667,633.2307692307693,255,83,0,0,0,0,0,0,0,0,0.0,0.0,0.0,0.0,0.0,0.0,622.1666666666666,642.7142857142857,0,6,7,3733,4499,2
0.016041,18639.73567732685,187.0207593042828,124.68050620285518,62.34025310142759,2,1,166,133,83,83,83.0,0.0,133,133,133.0,0.0,133,83,99.66666666666669,23.570226039551585,555.5555555555555,40,20,20,2,0.0080205,0.016041,0.0,0.0080205,0.0,0.0,0.0,0.0,0.0,0.0,0.0,0.0,0.0,0.0,0,0,0,0,0,0,0,0,0,0,0,0.5,99.66666666666669,0,0,0,0,0,0,0,0,0,0,0.0,0.0,0.0,0.0,0.0,0.0,83.0,133.0,0,2,1,166,133,5
0.029246,11693.906859057648,102.57813034261096,68.3854202284073,34.19271011420365,2,1,172,170,86,86,86.0,0.0,170,170,170.0,0.0,170,86,114.0,39.59797974644666,1568.0,40,20,20,2,0.014623,0.029246,0.0,0.014623,0.0,0.0,0.0,0.0,0.0,0.0,0.0,0.0,0.0,0.0,0,0,0,0,0,0,0,0,0,0,0,0.5,114.0,0,0,0,0,0,0,0,0,0,0,0.0,0.0,0.0,0.0,0.0,0.0,86.0,170.0,0,2,1,172,170,0
0.030475,7022.149302707137,98.44134536505332,65.62756357670222,32.81378178835111,2,1,132,82,66,66,66.0,0.0,82,82,82.0,0.0,82,66,71.33333333333333,7.542472332656507,56.88888888888889,40,20,20,2,0.0152375,0.030475,0.0,0.0152375,0.0,0.0,0.0,0.0,0.0,0.0,0.0,0.0,0.0,0.0,0,0,0,0,0,0,0,0,0,0,0,0.5,71.33333333333333,0,0,0,0,0,0,0,0,0,0,0.0,0.0,0.0,0.0,0.0,0.0,66.0,82.0,0,2,1,132,82,4
0.122084,8363.094262966482,114.67514170571084,65.52865240326332,49.1464893024475,8,6,499,522,95,54,62.375,13.284742187938765,239,54,87.0,68.11265178609135,239,54,72.92857142857143,47.30367591532439,2237.6377551020405,160,120,20,2,0.0093910769230769,0.06039,0.0,0.0184070652508195,0.122084,0.107537,0.0,0.0174405714285714,0.0368465533176137,0.117198,0.06039,0.0,0.0234396,0.0254192643371125,2,2,0,0,2,3,0,4,12,0,0,0.75,72.92857142857143,65535,65535,0,0,0,0,0,0,0,0,0.0,0.0,0.0,0.0,0.0,0.0,62.375,87.0,0,8,6,499,522,3
60.743205,117.24768227162198,0.4609569086780982,0.2304784543390491,0.2304784543390491,14,14,1518,5604,555,40,108.42857142857144,136.8041949470192,1488,40,400.2857142857143,573.0759646194298,1488,40,254.3571428571429,441.4304842769466,194860.8724489796,280,280,20,5,2.249748333333333,59.954325,0.0,11.317051690110084,60.743192,59.954914,0.0,4.672553230769231,15.958954766286602,60.502384,60.000942,0.000103,4.654029538461539,15.977512146979327,5,6,0,0,2,3,0,11,26,0,0,1.0,254.3571428571429,65535,4096,0,0,0,0,0,0,0,0,0.0,0.0,0.0,0.0,0.0,0.0,108.42857142857144,400.2857142857143,0,14,14,1518,5604,3
0.011417,28991.854252430585,262.7660506262591,175.17736708417272,87.58868354208636,2,1,114,217,57,57,57.0,0.0,217,217,217.0,0.0,217,57,110.33333333333331,75.42472332656507,5688.88888888889,40,20,20,2,0.0057085,0.011417,0.0,0.0057085,0.0,0.0,0.0,0.0,0.0,0.0,0.0,0.0,0.0,0.0,0,0,0,0,0,0,0,0,0,0,0,0.5,110.33333333333331,0,0,0,0,0,0,0,0,0,0,0.0,0.0,0.0,0.0,0.0,0.0,57.0,217.0,0,2,1,114,217,5
0.071675,108950.12207882803,153.47052668294384,83.71119637251482,69.75933031042902,6,5,3760,4049,1372,85,626.6666666666666,562.1173266221999,1372,85,809.8,498.9991583159234,1372,85,709.9090909090909,542.0770583506395,293847.5371900826,120,100,20,6,0.0071675,0.032038,0.0,0.0113637547602014,0.069104,0.041885,0.0,0.0138208,0.0173466262241393,0.039637,0.036485,0.0,0.00990925,0.0153973811632855,4,4,0,0,0,0,0,8,11,0,0,0.8333333333333334,709.9090909090909,255,1047,0,0,0,0,0,0,0,0,0.0,0.0,0.0,0.0,0.0,0.0,626.6666666666666,809.8,0,6,5,3760,4049,2
0.167395,5973.894082857912,83.63451716001076,47.79115266286329,35.84336449714747,8,6,505,495,101,54,63.125,15.144615379731505,212,54,82.5,58.07394711342887,212,54,71.42857142857143,40.84590254973001,1668.387755102041,160,120,20,2,0.0128765384615384,0.105305,0.0,0.0289511692619337,0.167395,0.151686,0.0,0.0239135714285714,0.052226714715356,0.16178,0.105305,0.0,0.0323559999999999,0.0408582551120333,2,2,0,0,2,3,0,4,12,0,0,0.75,71.42857142857143,65535,65535,0,0,0,0,0,0,0,0,0.0,0.0,0.0,0.0,0.0,0.0,63.125,82.5,0,8,6,505,495,3
0.020174,19579.65698423713,148.70625557648458,99.1375037176564,49.56875185882819,2,1,146,249,73,73,73.0,0.0,249,249,249.0,0.0,249,73,131.66666666666666,82.96719565922157,6883.555555555555,40,20,20,2,0.010087,0.020174,0.0,0.010087,0.0,0.0,0.0,0.0,0.0,0.0,0.0,0.0,0.0,0.0,0,0,0,0,0,0,0,0,0,0,0,0.5,131.66666666666666,0,0,0,0,0,0,0,0,0,0,0.0,0.0,0.0,0.0,0.0,0.0,73.0,249.0,0,2,1,146,249,0
0.043898,6811.244248029523,68.34024329126612,45.56016219417741,22.780081097088704,2,1,166,133,83,83,83.0,0.0,133,133,133.0,0.0,133,83,99.66666666666669,23.570226039551585,555.5555555555555,40,20,20,2,0.021949,0.043898,0.0,0.021949,0.0,0.0,0.0,0.0,0.0,0.0,0.0,0.0,0.0,0.0,0,0,0,0,0,0,0,0,0,0,0,0.5,99.66666666666669,0,0,0,0,0,0,0,0,0,0,0.0,0.0,0.0,0.0,0.0,0.0,83.0,133.0,0,2,1,166,133,5
100.003242,10.379663491309612,0.1299957855366329,0.0699977306735715,0.0599980548630613,7,6,546,492,78,78,78.0,0.0,82,82,82.0,0.0,82,78,79.84615384615384,1.9940740610485723,3.976331360946745,140,120,20,7,8.3336035,20.011979,0.0,9.860068030267392,100.002915,20.012447,0.0,16.6671525,7.453780677842413,100.002948,20.012193,19.987799,20.0005896,0.0077675279619712,7,6,0,0,0,0,0,13,13,0,0,0.8571428571428571,79.84615384615384,16,252,0,0,0,0,0,0,0,0,0.0,0.0,0.0,0.0,0.0,0.0,78.0,82.0,0,7,6,546,492,2
0.07117,12561.47253056063,196.7120977940144,112.40691302515106,84.30518476886328,8,6,493,401,89,54,61.625,11.46666363856549,118,54,66.83333333333333,23.283876156879227,118,54,63.85714285714285,17.723499907738084,314.12244897959187,160,120,20,2,0.0054746153846153,0.048686,0.0,0.0126479689250485,0.07117,0.057644,0.0,0.0101671428571428,0.0195024549035578,0.065445,0.05176,0.0,0.013089,0.0194246343800855,2,2,0,0,2,3,0,4,12,0,0,0.75,63.85714285714285,65535,65535,0,0,0,0,0,0,0,0,0.0,0.0,0.0,0.0,0.0,0.0,61.625,66.83333333333333,0,8,6,493,401,3
0.215665,36051.28324021051,51.00503095078015,27.820925973152807,23.18410497762734,6,5,3741,4034,1372,78,623.5,560.6358741048715,1372,78,806.8,500.8434485944685,1372,78,706.8181818181819,542.0273086347081,293793.6033057852,120,100,20,6,0.0215665,0.107772,0.0,0.0422745156642864,0.215665,0.109441,0.0,0.043133,0.0523678046360547,0.107261,0.107261,0.0,0.02681525,0.0464453754176613,4,4,0,0,1,0,0,8,11,0,0,0.8333333333333334,706.8181818181819,255,67,0,0,0,0,0,0,0,0,0.0,0.0,0.0,0.0,0.0,0.0,623.5,806.8,0,6,5,3741,4034,2
53.993309,7.130513153027906,0.0740832535379522,0.0370416267689761,0.0370416267689761,2,2,200,185,100,100,100.0,0.0,100,85,92.5,7.5,100,85,96.25,6.49519052838329,42.1875,40,40,20,2,17.997769666666667,53.993078,0.0,25.452526613575348,0.0,0.0,0.0,0.0,0.0,0.0,0.0,0.0,0.0,0.0,2,2,0,0,0,0,0,4,4,0,0,1.0,96.25,151,255,0,0,0,0,0,0,0,0,0.0,0.0,0.0,0.0,0.0,0.0,100.0,92.5,0,2,2,200,185,2
0.045994,10349.175979475584,65.2258990303083,43.4839326868722,21.7419663434361,2,1,148,328,74,74,74.0,0.0,328,328,328.0,0.0,328,74,158.66666666666666,119.73674828092204,14336.888888888889,40,20,20,2,0.022997,0.045994,0.0,0.022997,0.0,0.0,0.0,0.0,0.0,0.0,0.0,0.0,0.0,0.0,0,0,0,0,0,0,0,0,0,0,0,0.5,158.66666666666666,0,0,0,0,0,0,0,0,0,0,0.0,0.0,0.0,0.0,0.0,0.0,74.0,328.0,0,2,1,148,328,3
122.400133,5642.559228264891,5.678098405334249,0.8496722793593696,4.82842612597488,104,591,13291,677359,322,60,127.79807692307692,69.81422874144864,1278,50,1146.123519458545,353.94489897600295,1278,50,993.7410071942446,489.095508439777,239214.416375964,2080,11820,20,104,0.1763690677233429,34.527374,0.0,1.654435668020845,122.400133,34.61702,0.0,1.1883508058252428,4.178480021211975,87.694048,15.531325,1.2e-05,0.1486339796610169,1.115964416184692,0,0,0,0,0,0,0,0,0,0,0,5.682692307692308,993.7410071942446,0,0,0,0,0,0,0,0,0,0,158.5,4.5,22856.17857142857,19.035714285714285,11747.267000185288,4365793.925832947,127.79807692307692,1146.123519458545,0,104,591,13291,677359,5
107.52497,7930.790401522549,3.217857210283342,1.4508257942317957,1.767031416051546,156,190,11737,841021,881,40,75.23717948717949,161.45838203854964,10000,40,4426.426315789474,3665.307923065459,10000,40,2464.6184971098264,3475.1370213105683,12076577.31688329,3120,3800,20,10,0.3116665797101449,62.591974,0.0,4.082227067428944,44.932996,43.184846,0.0,0.2898902967741935,3.4566592930267137,107.457784,62.592011,5e-05,0.5685597037037037,5.502202740004901,10,125,0,0,0,3,1,135,344,0,0,1.2179487179487178,2464.6184971098264,65535,4096,0,0,0,0,0,0,0,0,0.0,0.0,137797.33333333334,29.166666666666668,0.0,849130.5691893562,75.23717948717949,4426.426315789474,0,156,190,11737,841021,4
0.16015,46731.18950983453,74.92975335622855,37.46487667811427,37.46487667811427,6,6,3794,3690,1372,85,632.3333333333334,554.276304943863,1372,85,615.0,546.9296115589282,1372,85,623.6666666666666,550.6834137889231,303252.22222222225,120,120,20,6,0.0145590909090909,0.052612,0.0,0.0196671674045605,0.107538,0.050216,0.0,0.0215075999999999,0.0192488315344074,0.111539,0.053426,0.0,0.0223078,0.020279238924575,4,5,0,0,0,0,0,9,12,0,0,1.0,623.6666666666666,255,285,0,0,0,0,0,0,0,0,0.0,0.0,0.0,0.0,0.0,0.0,632.3333333333334,615.0,0,6,6,3794,3690,2
62.274721,41.73443025140169,0.2569260808089369,0.1284630404044684,0.1284630404044684,8,8,1415,1184,572,40,176.875,208.783043791875,659,40,148.0,203.80076054813927,659,40,162.4375,206.81149893985585,42770.99609375,160,160,20,3,4.151648066666667,61.913645,0.0,15.437601068071915,0.361076,0.117447,0.0,0.0515822857142857,0.0510288516897598,62.15798,61.913814,0.000399,8.87971142857143,21.651123457473144,3,3,0,0,0,3,1,6,14,0,0,1.0,162.4375,65535,4096,0,0,0,0,0,0,0,0,0.0,0.0,0.0,0.0,0.0,0.0,176.875,148.0,0,8,8,1415,1184,4
0.125685,7407.407407407408,111.3895850737956,63.65119147074035,47.73839360305526,8,6,490,441,86,54,61.25,10.580051984749414,158,54,73.5,38.03397603897512,158,54,66.5,26.84545718419732,720.6785714285714,160,120,20,2,0.0096680769230769,0.064318,0.0,0.0195765881032245,0.125685,0.11154,0.0,0.017955,0.0382667407548644,0.121275,0.064318,0.0,0.024255,0.0271117796686237,2,2,0,0,2,3,0,4,12,0,0,0.75,66.5,65535,65535,0,0,0,0,0,0,0,0,0.0,0.0,0.0,0.0,0.0,0.0,61.25,73.5,0,8,6,490,441,1
0.023554,16090.685233930544,127.36690158784072,84.91126772522715,42.45563386261357,2,1,158,221,79,79,79.0,0.0,221,221,221.0,0.0,221,79,126.33333333333331,66.9394419523265,4480.88888888889,40,20,20,2,0.011777,0.023554,0.0,0.011777,0.0,0.0,0.0,0.0,0.0,0.0,0.0,0.0,0.0,0.0,0,0,0,0,0,0,0,0,0,0,0,0.5,126.33333333333331,0,0,0,0,0,0,0,0,0,0,0.0,0.0,0.0,0.0,0.0,0.0,79.0,221.0,0,2,1,158,221,0
0.290811,3211.70794777364,48.14123262187469,27.509275783928395,20.63195683794629,8,6,498,436,94,54,62.25,12.97834735241741,161,54,72.66666666666667,39.529173474227306,161,54,66.71428571428571,28.15119528400823,792.4897959183673,160,120,20,2,0.0223700769230769,0.224224,0.0,0.0595476539942998,0.290811,0.274696,0.0,0.0415444285714285,0.0952307477609098,0.286834,0.224224,0.0,0.0573667999999999,0.0859797969534704,2,2,0,0,2,3,0,4,12,0,0,0.75,66.71428571428571,65535,65535,0,0,0,0,0,0,0,0,0.0,0.0,0.0,0.0,0.0,0.0,62.25,72.66666666666667,0,8,6,498,436,1
0.027544,13759.802497821667,108.91664246296834,72.61109497531223,36.30554748765611,2,1,132,247,66,66,66.0,0.0,247,247,247.0,0.0,247,66,126.33333333333331,85.32421826317673,7280.222222222222,40,20,20,2,0.013772,0.027544,0.0,0.013772,0.0,0.0,0.0,0.0,0.0,0.0,0.0,0.0,0.0,0.0,0,0,0,0,0,0,0,0,0,0,0,0.5,126.33333333333331,0,0,0,0,0,0,0,0,0,0,0.0,0.0,0.0,0.0,0.0,0.0,66.0,247.0,0,2,1,132,247,5
0.326001,52165.48415495658,92.02425759430186,42.94465354400754,49.07960405029433,14,16,3966,13040,1402,40,283.2857142857143,403.4128386248347,2840,40,815.0,976.14983481021,2840,40,566.8666666666667,809.0170881315725,654508.6488888885,280,320,20,6,0.0112414137931034,0.12401,0.0,0.025027849402033,0.298565,0.124252,0.0,0.0229665384615384,0.0333447988392963,0.296519,0.12401,3.3e-05,0.0197679333333333,0.0317500376576504,6,7,0,0,2,3,0,13,28,0,0,1.1428571428571428,566.8666666666667,65535,4096,0,0,0,0,0,0,0,0,0.0,0.0,0.0,0.0,0.0,0.0,283.2857142857143,815.0,0,14,16,3966,13040,4
0.114628,68211.95519419339,95.96259203684964,52.343232020099805,43.61936001674984,6,5,3770,4049,1372,78,628.3333333333334,560.8650065350446,1372,85,809.8,498.9991583159234,1372,78,710.8181818181819,541.2298819577195,292929.785123967,120,100,20,6,0.0114628,0.069249,0.0,0.0229061662737351,0.114628,0.071574,0.0,0.0229256,0.0293781393052725,0.044659,0.044659,0.0,0.01116475,0.0193379142538046,4,4,0,0,0,0,0,8,11,0,0,0.8333333333333334,710.8181818181819,255,1047,0,0,0,0,0,0,0,0,0.0,0.0,0.0,0.0,0.0,0.0,628.3333333333334,809.8,0,6,5,3770,4049,2
7.249205,1279.4506432084622,4.276330990777609,2.207138575885218,2.069192414892392,16,15,3470,5805,1372,54,216.875,327.0336135246651,1372,54,387.0,526.5106519973425,1372,54,299.1935483870968,443.3555639522402,196564.1560874089,320,300,20,8,0.2416401666666666,4.896219,0.0,0.892530858779799,7.249205,4.998934,0.0,0.4832803333333333,1.2424278637799282,5.49103,4.896219,0.0,0.3922164285714286,1.2513534750846904,7,8,0,0,2,4,1,15,28,0,0,0.9375,299.1935483870968,65535,64240,0,0,0,0,0,0,0,0,713.0,4.0,2460.0,4.0,2510563.38028169,0.0,216.875,387.0,0,16,15,3470,5805,1
0.131193,56832.300503837854,91.46829480231416,45.734147401157074,45.734147401157074,6,6,3785,3671,1372,85,630.8333333333334,554.2440547468436,1372,85,611.8333333333334,548.0858864164346,1372,85,621.3333333333334,551.2554358512535,303882.5555555556,120,120,20,6,0.0119266363636363,0.038598,0.0,0.0147992060921752,0.099586,0.041274,0.0,0.0199172,0.0168937386673287,0.092595,0.032991,0.0,0.018519,0.0151809604175756,4,5,0,0,0,0,0,9,12,0,0,1.0,621.3333333333334,255,285,0,0,0,0,0,0,0,0,0.0,0.0,0.0,0.0,0.0,0.0,630.8333333333334,611.8333333333334,0,6,6,3785,3671,2
0.110025,69738.6957509657,99.97727789138833,54.53306066803,45.44421722335833,6,5,2076,5597,1836,40,346.0,666.4082832618454,5429,40,1119.4,2154.802227583775,5429,40,697.5454545454545,1581.4772934671134,2501070.4297520667,120,100,20,1,0.0110025,0.066117,0.0,0.0215442503617554,0.110015,0.066287,0.0,0.022003,0.026321726675885,0.071703,0.066178,0.000373,0.01792575,0.0278730967096858,1,1,0,0,1,3,2,2,8,0,0,0.8333333333333334,697.5454545454545,65535,4096,0,0,0,0,0,0,0,0,0.0,0.0,0.0,0.0,0.0,0.0,346.0,1119.4,0,6,5,2076,5597,1
96.120862,127.54775336908652,0.4785641643538319,0.2288785133866152,0.2496856509672166,22,24,4691,7569,1372,54,213.22727272727272,299.86147283797897,1372,54,315.375,431.462996916692,1372,54,266.5217391304348,377.802153141978,142734.46691871458,440,480,20,14,2.136019155555556,45.013423,0.0,9.278390607903876,96.088662,45.041925,0.0,4.575650571428572,13.174713586755836,96.09516,45.045623,0.0,4.178050434782608,12.659231772960808,11,12,0,0,0,3,0,23,44,0,0,1.0909090909090908,266.5217391304348,65535,65535,0,0,0,0,0,0,0,0,977.0,4.0,4518.0,4.0,603086.4197530864,0.0,213.22727272727272,315.375,0,22,24,4691,7569,1
0.028435,20116.054158607352,105.50378055213646,70.3358537014243,35.16792685071215,2,1,138,434,69,69,69.0,0.0,434,434,434.0,0.0,434,69,190.66666666666663,172.06265008872657,29605.55555555556,40,20,20,2,0.0142175,0.028435,0.0,0.0142175,0.0,0.0,0.0,0.0,0.0,0.0,0.0,0.0,0.0,0.0,0,0,0,0,0,0,0,0,0,0,0,0.5,190.66666666666663,0,0,0,0,0,0,0,0,0,0,0.0,0.0,0.0,0.0,0.0,0.0,69.0,434.0,0,2,1,138,434,3
3.085904,4473.243496881302,12.314057728302627,6.805137165640927,5.508920562661703,21,17,8055,5749,1278,61,383.57142857142856,469.21490369588656,1278,51,338.1764705882353,459.8934960201773,1278,51,363.2631578947368,465.6153079082009,216797.6149584488,420,340,20,21,0.0834028108108108,2.360705,0.0,0.381874617236334,3.047943,2.3965,0.0,0.15239715,0.5179247011272272,3.071128,2.370526,7.9e-05,0.1919455,0.5671189811939819,0,0,0,0,0,0,0,0,0,0,0,0.8095238095238095,363.2631578947368,0,0,0,0,0,0,0,0,0,0,2765.0,6.0,0.0,0.0,113463.82699331116,0.0,383.57142857142856,338.1764705882353,0,21,17,8055,5749,5
0.256613,3850.15568190232,54.55686188930413,31.17534965103093,23.3815122382732,8,6,540,448,136,54,67.5,26.3581107061944,165,54,74.66666666666667,40.62702986381795,165,54,70.57142857142857,33.42093929968859,1116.9591836734694,160,120,20,2,0.0197394615384615,0.177488,0.0,0.0478148411923381,0.256613,0.234794,0.0,0.036659,0.0810587630584838,0.253865,0.177488,0.0,0.050773,0.068705085188798,2,2,0,0,2,3,0,4,12,0,0,0.75,70.57142857142857,65535,65535,0,0,0,0,0,0,0,0,0.0,0.0,0.0,0.0,0.0,0.0,67.5,74.66666666666667,0,8,6,540,448,3
0.002787,94725.51130247576,1076.4262648008612,1076.4262648008612,0.0,3,0,264,0,93,78,88.0,7.071067811865476,0,0,0.0,0.0,93,78,88.0,7.071067811865476,50.0,60,0,20,3,0.0013935,0.002787,0.0,0.0013935,0.002787,0.002787,0.0,0.0013935,0.0013935,0.0,0.0,0.0,0.0,0.0,3,0,0,0,0,0,0,3,3,0,0,0.0,88.0,253,0,0,0,0,0,0,0,0,0,0.0,0.0,0.0,0.0,0.0,0.0,88.0,0.0,0,3,0,264,0,2
0.527956,57554.03859412527,70.08159770889999,32.19965300138648,37.88194470751351,17,20,5444,24942,1401,40,320.2352941176471,461.2955578536408,7392,40,1247.1,1790.8817632663524,7392,40,821.2432432432432,1429.9581624083023,2044780.346238129,340,400,20,7,0.0146654444444444,0.107223,0.0,0.0274706000838921,0.504167,0.153391,0.0,0.0315104375,0.0481671485947226,0.497084,0.107223,0.000119,0.0261623157894736,0.0333899044134957,7,10,0,0,2,3,0,17,35,0,0,1.1764705882352942,821.2432432432432,65535,4096,0,0,0,0,0,0,0,0,0.0,0.0,8434.0,4.0,0.0,3750111.1605157848,320.2352941176471,1247.1,0,17,20,5444,24942,4
2.221788,3077856.663191988,2594.7570155208327,189.9371137120193,2404.819901808813,422,5343,63230,6775115,1278,60,149.8341232227488,286.80853129280433,1278,50,1268.0357477072805,106.51544484745604,1278,50,1186.1830008673028,318.37782894858816,101364.44196601646,8440,106860,20,422,0.0003854594031922,0.51397,0.0,0.0080535165903975,2.221788,0.51397,0.0,0.0052774061757719,0.0296687984198193,2.172994,0.555462,9e-06,0.0004067753650318,0.0089278661353382,0,0,0,0,0,0,0,0,0,0,0,12.661137440758294,1186.1830008673028,0,0,0,0,0,0,0,0,0,0,1709.590909090909,5.045454545454546,25005.460076045627,20.14828897338403,42077.38856389138,10646822.83993589,149.8341232227488,1268.0357477072805,0,422,5343,63230,6775115,5
61.47626,257.7417689364968,0.5367925765165285,0.2439966256893311,0.2927959508271973,15,18,14246,1599,7919,40,949.7333333333332,2109.582343076994,324,40,88.83333333333333,81.70220315266901,7919,40,480.1515151515151,1486.7002738668905,2210277.7043158864,300,360,20,9,1.921133125,60.002458,0.0,10.432212776267036,61.476248000000005,60.003835,0.0,4.391160571428572,15.424773313726863,61.214052,60.003038,0.000199,3.600826588235294,14.101059261480325,9,6,0,0,2,3,0,15,31,0,0,1.2,480.1515151515151,65535,4096,0,0,0,0,0,0,0,0,1157.0,4.0,0.0,0.0,658134.2434584756,0.0,949.7333333333332,88.83333333333333,0,15,18,14246,1599,3
108.716871,632.3029661146153,2.492713389442564,1.0118024827995649,1.4809109066429993,110,161,22966,45776,5560,40,208.78181818181807,602.6204199813612,10000,40,284.3229813664596,1252.4105333836194,10000,40,253.66051660516604,1039.53801612305,1080639.2869650468,2200,3220,20,51,0.4026550777777777,10.210719,0.0,1.3814873013899072,108.716871,10.210877,0.0,0.997402486238532,2.0365856639388125,108.711942,10.211068,1.1e-05,0.6794496375,1.7429183501710122,51,112,0,0,0,0,0,163,271,0,0,1.4636363636363636,253.66051660516604,4096,151,0,0,0,0,0,0,0,0,13871.0,8.0,1077.8823529411766,4.470588235294118,62062.63982102908,2408.509119185449,208.78181818181807,284.3229813664596,0,110,161,22966,45776,4
0.015982,15454.88674759104,187.71117507195595,125.14078338130398,62.57039169065199,2,1,138,109,69,69,69.0,0.0,109,109,109.0,0.0,109,69,82.33333333333333,18.856180831641264,355.5555555555555,40,20,20,2,0.007991,0.015982,0.0,0.007991,0.0,0.0,0.0,0.0,0.0,0.0,0.0,0.0,0.0,0.0,0,0,0,0,0,0,0,0,0,0,0,0.5,82.33333333333333,0,0,0,0,0,0,0,0,0,0,0.0,0.0,0.0,0.0,0.0,0.0,69.0,109.0,0,2,1,138,109,5
118.112872,519.8247994511555,0.4910557081365357,0.0846647772649199,0.4063909308716157,10,48,4489,56909,1372,85,448.9,491.416615510709,1372,85,1185.6041666666667,412.3258086545625,1372,85,1058.5862068965516,509.6836420586441,259777.41498216407,200,960,20,10,2.072155649122807,58.808473,0.0,10.791943486243287,118.079447,59.467834,0.0,13.119938555555557,24.52847496378583,118.082426,58.834959,0.0,2.512392042553192,11.844444664405744,8,28,0,0,0,0,0,36,58,0,0,4.8,1058.5862068965516,255,136,0,0,0,0,0,0,0,0,620.0,4.0,26983.5,21.5,67092.3060274862,1405134.4806936237,448.9,1185.6041666666667,0,10,48,4489,56909,2
114.310961,3633.824756315363,1.670880887791679,0.8485625451088631,0.8223183426828158,97,94,407631,7755,10000,40,4202.381443298969,4064.8915747280175,645,40,82.5,147.78533526418963,10000,40,2174.7958115183246,3555.909713455086,12644493.890244234,1940,1880,20,86,0.6016366368421053,62.979396,0.0,4.898911422613962,51.331565000000005,19.919371,0.0,0.5347038020833333,2.5714848788325253,114.284769,62.979688,8.4e-05,1.2288684838709678,6.947090697293749,84,8,0,0,0,3,1,92,189,0,0,0.9690721649484536,2174.7958115183246,65535,4096,0,0,0,0,0,0,0,0,200276.0,38.5,0.0,0.0,10465107.772697585,0.0,4202.381443298969,82.5,0,97,94,407631,7755,4
61.833403,65.2559911671043,0.2749323047932523,0.1455523966552512,0.129379908138001,9,8,2548,1487,1607,40,283.1111111111111,493.9350934517712,796,40,185.875,245.7419568877077,1607,40,237.35294117647047,399.9193949927279,159935.5224913495,180,160,20,3,3.8645876875,61.312473,0.0,14.833151526668948,0.52093,0.270219,0.0,0.0651162499999999,0.0923871550822272,61.811452,61.313004,0.001303,8.830207428571429,21.426281193714928,3,3,0,0,0,3,1,6,15,0,0,0.8888888888888888,237.35294117647047,65535,4096,0,0,0,0,0,0,0,0,0.0,0.0,0.0,0.0,0.0,0.0,283.1111111111111,185.875,0,9,8,2548,1487,4
0.020238,23075.402707777448,148.23599169878446,98.82399446585632,49.41199723292816,2,1,162,305,81,81,81.0,0.0,305,305,305.0,0.0,305,81,155.66666666666666,105.5946126571911,11150.222222222224,40,20,20,2,0.010119,0.020238,0.0,0.010119,0.0,0.0,0.0,0.0,0.0,0.0,0.0,0.0,0.0,0.0,0,0,0,0,0,0,0,0,0,0,0,0.5,155.66666666666666,0,0,0,0,0,0,0,0,0,0,0.0,0.0,0.0,0.0,0.0,0.0,81.0,305.0,0,2,1,162,305,0
0.0676,3032.544378698225,44.37869822485207,29.58579881656805,14.792899408284024,2,1,126,79,63,63,63.0,0.0,79,79,79.0,0.0,79,63,68.33333333333333,7.542472332656507,56.88888888888889,40,20,20,2,0.0338,0.0676,0.0,0.0338,0.0,0.0,0.0,0.0,0.0,0.0,0.0,0.0,0.0,0.0,0,0,0,0,0,0,0,0,0,0,0,0.5,68.33333333333333,0,0,0,0,0,0,0,0,0,0,0.0,0.0,0.0,0.0,0.0,0.0,63.0,79.0,0,2,1,126,79,5
0.317879,115779.90367403948,106.9589372056663,47.187766414264544,59.77117079140176,15,19,3288,33516,1401,40,219.2,374.9236722320958,7040,40,1764.0,1858.585002233236,7040,40,1082.470588235294,1606.463493210257,2580724.9550173013,300,380,20,5,0.0096326969696969,0.101886,0.0,0.0206964633700877,0.285119,0.104171,0.0,0.0203656428571428,0.0279010834853803,0.287884,0.101886,8.4e-05,0.0159935555555555,0.0255807517920586,5,11,0,0,2,3,0,16,32,0,0,1.2666666666666666,1082.470588235294,65535,4096,0,0,0,0,0,0,0,0,0.0,0.0,22375.0,7.0,0.0,774060.7486335017,219.2,1764.0,0,15,19,3288,33516,4
0.65538,8726.23516128048,21.36165278159236,10.68082639079618,10.68082639079618,7,7,2164,3555,1372,54,309.1428571428572,459.63694634894136,1372,54,507.8571428571428,574.7457645581661,1372,54,408.5,529.7841541609187,280671.25,140,140,20,2,0.0504138461538461,0.322736,0.0,0.1154975862390779,0.65538,0.326333,0.0,0.10923,0.1523791553494112,0.332581,0.326058,0.0,0.0554301666666666,0.1210435146196285,1,1,0,0,2,3,1,2,12,0,0,1.0,408.5,65535,26883,0,0,0,0,0,0,0,0,0.0,0.0,0.0,0.0,0.0,0.0,309.1428571428572,507.8571428571428,0,7,7,2164,3555,0
1.468986,13188.6893408106,21.102992131987644,10.211125225155312,10.891866906832332,15,16,6581,12793,1294,86,438.73333333333335,521.4190210910564,1513,66,799.5625,623.3377865120564,1513,66,624.9677419354839,603.8304869944324,364611.2570239334,300,320,20,15,0.0489662,0.60023,0.0,0.1136331193189732,1.468986,0.60023,0.0,0.1049275714285714,0.1494313075045875,1.380344,0.663748,0.0,0.0920229333333333,0.1642622608600716,0,0,0,0,0,0,0,0,0,0,0,1.0666666666666669,624.9677419354839,0,0,0,0,0,0,0,0,0,0,0.0,0.0,3803.0,5.0,0.0,942736.7377293007,438.73333333333335,799.5625,0,15,16,6581,12793,2
0.029912,8926.183471516448,100.29419630917356,66.86279753944905,33.431398769724524,2,1,146,121,73,73,73.0,0.0,121,121,121.0,0.0,121,73,89.0,22.62741699796952,512.0,40,20,20,2,0.014956,0.029912,0.0,0.014956,0.0,0.0,0.0,0.0,0.0,0.0,0.0,0.0,0.0,0.0,0,0,0,0,0,0,0,0,0,0,0,0.5,89.0,0,0,0,0,0,0,0,0,0,0,0.0,0.0,0.0,0.0,0.0,0.0,73.0,121.0,0,2,1,146,121,4
10.292429,939.8170247275934,1.554540721145611,0.8744291556444062,0.6801115655012048,9,7,4752,4921,1372,78,528.0,521.0826336687024,1372,90,703.0,489.1967176621574,1372,78,604.5625,514.7526066896116,264970.24609375,180,140,20,9,0.6861619333333332,9.999588,0.0,2.489410521227558,10.195568,9.999832,0.0,1.2744459999999995,3.2981427926518734,10.195408,10.000533,0.0,1.699234666666667,3.7127092022114914,7,6,0,0,0,0,0,13,16,0,0,0.7777777777777778,604.5625,255,67,0,0,0,0,0,0,0,0,0.0,0.0,0.0,0.0,0.0,0.0,528.0,703.0,0,9,7,4752,4921,2
0.69681,12519.91217118009,17.22133723683644,8.61066861841822,8.61066861841822,6,6,3817,4907,1372,85,636.1666666666666,549.558737129668,1372,123,817.8333333333334,560.3327632358789,1372,85,727.0,562.3562038423689,316244.5,120,120,20,6,0.0633463636363636,0.351286,0.0,0.1333230815059095,0.69681,0.353032,0.0,0.139362,0.1704742069487346,0.345366,0.342709,0.0,0.0690732,0.1368217698605013,4,3,0,0,0,0,0,7,12,0,0,1.0,727.0,255,126,0,0,0,0,0,0,0,0,0.0,0.0,4310.0,4.0,0.0,0.0,636.1666666666666,817.8333333333334,0,6,6,3817,4907,2
0.028023,10634.121971237912,107.05491917353602,71.36994611569068,35.68497305784534,2,1,154,144,77,77,77.0,0.0,144,144,144.0,0.0,144,77,99.33333333333331,31.584102892999123,997.5555555555557,40,20,20,2,0.0140115,0.028023,0.0,0.0140115,0.0,0.0,0.0,0.0,0.0,0.0,0.0,0.0,0.0,0.0,0,0,0,0,0,0,0,0,0,0,0,0.5,99.33333333333331,0,0,0,0,0,0,0,0,0,0,0.0,0.0,0.0,0.0,0.0,0.0,77.0,144.0,0,2,1,154,144,0
0.031757,5982.932896684196,94.46736152659255,62.97824101772837,31.489120508864183,2,1,116,74,58,58,58.0,0.0,74,74,74.0,0.0,74,58,63.333333333333336,7.542472332656507,56.88888888888889,40,20,20,2,0.0158785,0.031757,0.0,0.0158785,0.0,0.0,0.0,0.0,0.0,0.0,0.0,0.0,0.0,0.0,0,0,0,0,0,0,0,0,0,0,0,0.5,63.333333333333336,0,0,0,0,0,0,0,0,0,0,0.0,0.0,0.0,0.0,0.0,0.0,58.0,74.0,0,2,1,116,74,4
0.219014,2237.299898636617,13.697754481448676,9.131836320965784,4.565918160482892,2,1,156,334,78,78,78.0,0.0,334,334,334.0,0.0,334,78,163.33333333333334,120.67955732250412,14563.555555555557,40,20,20,2,0.109507,0.219014,0.0,0.109507,0.0,0.0,0.0,0.0,0.0,0.0,0.0,0.0,0.0,0.0,0,0,0,0,0,0,0,0,0,0,0,0.5,163.33333333333334,0,0,0,0,0,0,0,0,0,0,0.0,0.0,0.0,0.0,0.0,0.0,78.0,334.0,0,2,1,156,334,4
8.779081,211.6394643129503,3.0754927537403973,1.822514224438754,1.252978529301643,16,11,1019,839,91,54,63.6875,12.824384731830218,176,54,76.27272727272727,44.954706314630855,176,54,68.81481481481481,30.968367417758103,959.039780521262,320,220,20,5,0.3376569615384615,4.704122,0.0,1.0177886680344523,8.779081,4.705935,0.0,0.5852720666666666,1.2919401842522724,7.766834,4.752115,0.0,0.7766833999999999,1.5270371501023934,5,4,0,0,3,6,1,9,23,0,0,0.6875,68.81481481481481,65535,65535,0,0,0,0,0,0,0,0,0.0,0.0,0.0,0.0,0.0,0.0,63.6875,76.27272727272727,0,16,11,1019,839,1
55.62464,67.50605487064725,0.3415752443521432,0.1797764443958648,0.1617987999562783,10,9,2088,1667,1032,40,208.8,320.5036037238895,1121,40,185.22222222222223,337.6953846878962,1121,40,197.6315789473684,328.9698771246414,108221.18005540168,200,180,20,4,3.090257777777777,55.354445,0.0,12.675957701466006,55.60322,55.354445,0.0,6.178135555555555,17.386510691115905,55.594474,55.397303,0.000606,6.949309250000001,18.31165425288002,4,2,0,0,2,3,0,6,17,0,0,0.9,197.6315789473684,65535,4096,0,0,0,0,0,0,0,0,0.0,0.0,0.0,0.0,0.0,0.0,208.8,185.22222222222223,0,10,9,2088,1667,4
0.073027,141961.1924356745,191.7099155107016,82.16139236172923,109.54852314897232,6,8,3746,6621,1372,78,624.3333333333334,560.6605231530237,1372,85,827.625,571.5551017837213,1372,78,740.5,575.7688958502113,331509.8214285714,120,160,20,6,0.0056174615384615,0.035761,0.0,0.0116848719200076,0.073027,0.042012,0.0,0.0146054,0.0178100777943275,0.037095,0.036922,0.0,0.0052992857142857,0.0129100570399789,4,6,0,0,0,0,0,10,14,0,0,1.3333333333333333,740.5,255,136,0,0,0,0,0,0,0,0,0.0,0.0,5917.0,5.0,0.0,0.0,624.3333333333334,827.625,0,6,8,3746,6621,2
0.781328,14146.427620666353,16.63833882825139,6.399361087788995,10.238977740462392,5,8,3990,7063,1372,128,798.0,497.09998994166153,1372,116,882.875,578.3062418606598,1372,116,850.2307692307693,550.0498094712952,302554.79289940826,100,160,20,5,0.0651106666666666,0.26389,0.0,0.1109866330940602,0.5174380000000001,0.263038,0.0,0.1293595,0.1293955452121517,0.527683,0.272689,0.0,0.0753832857142857,0.1192852238492912,3,4,0,0,0,0,0,7,13,0,0,1.6,850.2307692307693,255,16387,0,0,0,0,0,0,0,0,0.0,0.0,6367.0,5.0,0.0,0.0,798.0,882.875,0,5,8,3990,7063,2
0.138191,6773.234146941551,101.30905775339929,57.89089014479959,43.41816760859969,8,6,496,440,92,54,62.0,12.36931687685298,157,54,73.33333333333333,37.663716698641885,157,54,66.85714285714286,26.959909767910528,726.8367346938775,160,120,20,2,0.0106300769230769,0.074923,0.0,0.0223548416729989,0.138191,0.126068,0.0,0.0197415714285714,0.0434467398180384,0.133913,0.074923,0.0,0.0267826,0.0308268927827635,2,2,0,0,2,3,0,4,12,0,0,0.75,66.85714285714286,65535,65535,0,0,0,0,0,0,0,0,0.0,0.0,0.0,0.0,0.0,0.0,62.0,73.33333333333333,0,8,6,496,440,0
0.017304,27334.720295885345,173.37031900138695,115.58021266759133,57.790106333795656,2,1,122,351,61,61,61.0,0.0,351,351,351.0,0.0,351,61,157.66666666666666,136.7073110293992,18688.88888888889,40,20,20,2,0.008652,0.017304,0.0,0.008652,0.0,0.0,0.0,0.0,0.0,0.0,0.0,0.0,0.0,0.0,0,0,0,0,0,0,0,0,0,0,0,0.5,157.66666666666666,0,0,0,0,0,0,0,0,0,0,0.0,0.0,0.0,0.0,0.0,0.0,61.0,351.0,0,2,1,122,351,5
0.023275,11772.287862513424,128.89366272824918,85.92910848549946,42.96455424274973,2,1,150,124,75,75,75.0,0.0,124,124,124.0,0.0,124,75,91.33333333333331,23.098821518760552,533.5555555555555,40,20,20,2,0.0116375,0.023275,0.0,0.0116375,0.0,0.0,0.0,0.0,0.0,0.0,0.0,0.0,0.0,0.0,0,0,0,0,0,0,0,0,0,0,0,0.5,91.33333333333331,0,0,0,0,0,0,0,0,0,0,0.0,0.0,0.0,0.0,0.0,0.0,75.0,124.0,0,2,1,150,124,3
0.019516,14705.882352941178,153.72002459520394,102.48001639680264,51.24000819840131,2,1,158,129,79,79,79.0,0.0,129,129,129.0,0.0,129,79,95.66666666666669,23.570226039551585,555.5555555555555,40,20,20,2,0.009758,0.019516,0.0,0.009758,0.0,0.0,0.0,0.0,0.0,0.0,0.0,0.0,0.0,0.0,0,0,0,0,0,0,0,0,0,0,0,0.5,95.66666666666669,0,0,0,0,0,0,0,0,0,0,0.0,0.0,0.0,0.0,0.0,0.0,79.0,129.0,0,2,1,158,129,0
60.958427,58.40045708528535,0.3116878327585454,0.180450850544421,0.1312369822141244,11,8,2602,958,2082,40,236.54545454545453,584.0324342855631,343,40,119.75,118.73578862331271,2082,40,187.3684210526316,454.68314132236094,206736.7590027701,220,160,20,2,3.386579277777778,50.774298,0.0,11.71599487330636,60.958427,50.774298,0.0,6.0958427,15.184248160752512,10.045857,10.000318,9.7e-05,1.4351224285714286,3.496741047562628,2,4,0,0,1,3,1,6,17,0,0,0.7272727272727273,187.3684210526316,65535,4096,0,0,0,0,0,0,0,0,0.0,0.0,0.0,0.0,0.0,0.0,236.54545454545453,119.75,0,11,8,2602,958,1
0.073224,141579.2636294111,191.1941439965039,81.94034742707309,109.2537965694308,6,8,3746,6621,1372,78,624.3333333333334,560.6605231530237,1372,85,827.625,571.5551017837213,1372,78,740.5,575.7688958502113,331509.8214285714,120,160,20,6,0.0056326153846153,0.036129,0.0,0.0112998925899487,0.0715669999999999,0.042037,0.0,0.0143133999999999,0.0174619456029389,0.037095,0.034465,0.0,0.0052992857142857,0.0119413813596045,4,6,0,0,0,0,0,10,14,0,0,1.3333333333333333,740.5,255,139,0,0,0,0,0,0,0,0,0.0,0.0,5917.0,5.0,0.0,0.0,624.3333333333334,827.625,0,6,8,3746,6621,2
0.123077,7864.995084378072,113.74992890629444,64.99995937502538,48.74996953126904,8,6,502,466,98,54,62.75,14.210471491122313,183,54,77.66666666666667,47.30280705788564,183,54,69.14285714285714,33.59816564477706,1128.8367346938776,160,120,20,2,0.0094674615384615,0.053734,0.0,0.0180684403550474,0.123077,0.106891,0.0,0.0175824285714285,0.0365556842867627,0.117469,0.060611,0.0,0.0234938,0.02594691110248,2,2,0,0,2,3,0,4,12,0,0,0.75,69.14285714285714,65535,65535,0,0,0,0,0,0,0,0,0.0,0.0,0.0,0.0,0.0,0.0,62.75,77.66666666666667,0,8,6,502,466,0
0.014825,20168.634064080943,202.36087689713324,134.90725126475547,67.45362563237774,2,1,166,133,83,83,83.0,0.0,133,133,133.0,0.0,133,83,99.66666666666669,23.570226039551585,555.5555555555555,40,20,20,2,0.0074125,0.014825,0.0,0.0074125,0.0,0.0,0.0,0.0,0.0,0.0,0.0,0.0,0.0,0.0,0,0,0,0,0,0,0,0,0,0,0,0.5,99.66666666666669,0,0,0,0,0,0,0,0,0,0,0.0,0.0,0.0,0.0,0.0,0.0,83.0,133.0,0,2,1,166,133,5
0.036986,13004.920780835992,81.11177202184611,54.07451468123074,27.03725734061537,2,1,160,321,80,80,80.0,0.0,321,321,321.0,0.0,321,80,160.33333333333334,113.60848951063863,12906.888888888889,40,20,20,2,0.018493,0.036986,0.0,0.018493,0.0,0.0,0.0,0.0,0.0,0.0,0.0,0.0,0.0,0.0,0,0,0,0,0,0,0,0,0,0,0,0.5,160.33333333333334,0,0,0,0,0,0,0,0,0,0,0.0,0.0,0.0,0.0,0.0,0.0,80.0,321.0,0,2,1,160,321,0
0.446562,2973.831181336522,31.350629923728395,20.15397637953968,11.196653544188711,9,5,620,708,109,54,68.88888888888889,21.42399716021704,479,54,141.6,168.76089594452856,479,54,94.85714285714286,108.07593702237936,11680.408163265309,180,100,20,3,0.034350923076923,0.205265,0.0,0.0689732717724343,0.446562,0.227991,0.0,0.0558202499999999,0.0930347029053541,0.441941,0.209183,0.004523,0.11048525,0.0869865349360893,3,2,0,0,2,3,0,5,12,0,0,0.5555555555555556,94.85714285714286,65535,65535,0,0,0,0,0,0,0,0,0.0,0.0,0.0,0.0,0.0,0.0,68.88888888888889,141.6,0,9,5,620,708,1
11.926597,7626.56774602177,5.030772818097233,2.5153864090486167,2.5153864090486167,30,30,24897,66062,8261,40,829.9,1936.7488109372025,10000,40,2202.0666666666666,2702.266998075669,10000,40,1515.9833333333331,2448.9450347150614,5997331.783055554,600,600,20,9,0.2021457118644068,8.559528,0.0,1.1196115307833572,11.925869,8.559528,0.0,0.4112368620689655,1.5704815519175732,11.905229,8.601893,0.000175,0.4105251379310345,1.5795209469241358,9,17,0,0,0,3,2,26,58,0,0,1.0,1515.9833333333331,65535,4096,0,0,0,0,0,0,0,0,0.0,0.0,49388.0,12.0,0.0,1476339.9396167756,829.9,2202.0666666666666,0,30,30,24897,66062,3
0.093773,1876.872873854948,31.992151258891155,21.32810083926077,10.664050419630383,2,1,110,66,55,55,55.0,0.0,66,66,66.0,0.0,66,55,58.66666666666666,5.185449728701348,26.88888888888889,40,20,20,2,0.0468865,0.093773,0.0,0.0468865,0.0,0.0,0.0,0.0,0.0,0.0,0.0,0.0,0.0,0.0,0,0,0,0,0,0,0,0,3,0,0,0.5,58.66666666666666,254,301,0,0,0,0,0,0,0,0,0.0,0.0,0.0,0.0,0.0,0.0,55.0,66.0,0,2,1,110,66,0
14.401638,1703.070164657659,1.6664771048959848,1.110984736597323,0.5554923682986616,16,8,18199,6328,1372,85,1137.4375,438.3781142960378,1372,85,791.0,554.813707473058,1372,85,1021.9583333333334,507.3399976976869,257393.8732638889,320,160,20,16,0.6261581739130435,10.174942,0.0,2.150302691503214,14.401638,10.457224,0.0,0.9601092,2.6962977617995185,14.124716,10.174942,0.0,2.0178165714285714,3.5598838261231367,4,6,0,0,0,0,0,10,24,0,0,0.5,1021.9583333333334,255,501,0,0,0,0,0,0,0,0,13996.0,11.0,5281.0,5.0,0.0,0.0,1137.4375,791.0,0,16,8,18199,6328,2
7.606201,151.32390006522309,1.9720751528917,1.7091317991728063,0.2629433537188932,13,2,1039,112,97,54,79.92307692307692,18.553297606382696,58,54,56.0,2.0,97,54,76.73333333333333,19.10485685776147,364.9955555555555,260,40,20,8,0.5433000714285715,1.851341,0.0,0.6081356966263444,7.6026,1.851341,0.0,0.6335500000000001,0.6119247085430527,0.0,0.0,0.0,0.0,0.0,8,0,0,0,1,4,1,8,11,0,0,0.1538461538461538,76.73333333333333,65535,65535,0,0,0,0,0,0,0,0,172.0,5.0,0.0,0.0,154.07519944676253,0.0,79.92307692307692,56.0,0,13,2,1039,112,1
39.313766,604813.3114492262,580.7380549601887,111.89464779334546,468.8434071668433,4399,18432,382117,23395372,1278,59,86.86451466242328,136.0030515038317,1278,49,1269.2801649305557,98.07918174257084,1278,49,1041.4563094038806,478.3395844082461,228808.7580118536,87980,368640,20,4399,0.0017220221638195,6.565398,0.0,0.0799162641248037,39.313766,6.565398,0.0,0.0089390100045475,0.1821658600291927,39.295789,6.592038,1e-05,0.0021320486680049,0.0897130154750149,0,0,0,0,0,0,0,0,0,0,0,4.190043191634462,1041.4563094038806,0,0,0,0,0,0,0,0,0,0,436.25714285714287,5.979220779220779,20504.33365292425,16.486097794822626,80630.4342816763,14631763.74642861,86.86451466242328,1269.2801649305557,0,4399,18432,382117,23395372,5
117.120966,69.28733835750637,0.1280727141543556,0.0683054475489896,0.0597672666053659,8,7,3925,4190,1372,85,490.625,538.0687543195572,1372,85,598.5714285714286,532.6308979672393,1372,85,541.0,538.2388565188012,289701.06666666665,160,140,20,8,8.365783285714286,58.510706,0.0,20.465549499385688,117.095925,58.521462,0.0,16.727989285714283,26.42911529771581,117.084595,58.551719,0.0,19.514099166666664,27.58767033768208,6,6,0,0,0,0,0,12,15,0,0,0.875,541.0,255,1047,0,0,0,0,0,0,0,0,0.0,0.0,0.0,0.0,0.0,0.0,490.625,598.5714285714286,0,8,7,3925,4190,2
0.18282,5278.415928235422,71.10819385187615,38.28902745870255,32.81916639317361,7,6,443,522,93,54,63.285714285714285,13.14440984616965,239,54,87.0,68.11265178609135,239,54,74.23076923076923,48.72395374596619,2374.023668639053,140,120,20,2,0.0152349999999999,0.113014,0.0,0.0315739295938912,0.1828199999999999,0.167095,0.0,0.0304699999999999,0.0611624068416757,0.177784,0.113014,0.0,0.0355568,0.0425067924990818,2,2,0,0,2,3,0,4,11,0,0,0.8571428571428571,74.23076923076923,65535,65535,0,0,0,0,0,0,0,0,0.0,0.0,0.0,0.0,0.0,0.0,63.285714285714285,87.0,0,7,6,443,522,1
0.184915,4845.469540058946,75.71046156342103,43.26312089338344,32.44734067003758,8,6,500,396,96,54,62.5,13.592277219068189,113,54,66.0,21.455380055672126,113,54,64.0,17.488771908202782,305.85714285714283,160,120,20,2,0.0142242307692307,0.123306,0.0,0.0334843554839796,0.184915,0.169409,0.0,0.0264164285714285,0.0584460631201529,0.181649,0.123306,0.0,0.0363298,0.0466714706277828,2,2,0,0,2,3,0,4,12,0,0,0.75,64.0,65535,65535,0,0,0,0,0,0,0,0,0.0,0.0,0.0,0.0,0.0,0.0,62.5,66.0,0,8,6,500,396,1
0.069272,13973.89998845132,202.1018593371059,115.48677676406052,86.61508257304538,8,6,512,456,108,54,64.0,17.349351572897472,173,54,76.0,43.5928128632844,173,54,69.14285714285714,31.963946526532364,1021.6938775510204,160,120,20,2,0.0053286153846153,0.045253,0.0,0.0117529152621706,0.069272,0.05669,0.0,0.009896,0.01920871187025,0.063743,0.048535,0.0,0.0127486,0.0180186546956203,2,2,0,0,2,3,0,4,12,0,0,0.75,69.14285714285714,65535,65535,0,0,0,0,0,0,0,0,0.0,0.0,0.0,0.0,0.0,0.0,64.0,76.0,0,8,6,512,456,0
0.195134,338885.07384668995,363.85253210614246,107.61835456660552,256.2341775395369,21,50,6177,59951,1372,78,294.1428571428572,368.4140121571674,1372,85,1199.02,397.9367532661441,1372,78,931.3802816901408,567.6370931064524,322211.8694703433,420,1000,20,21,0.0027876285714285,0.046583,0.0,0.0070937778675025,0.195134,0.082792,0.0,0.0097567,0.0201015542759757,0.148069,0.047465,0.0,0.0030218163265306,0.0082681684684945,19,28,0,0,0,0,0,47,71,0,0,2.380952380952381,931.3802816901408,255,83,0,0,0,0,0,0,0,0,1232.0,10.0,17921.333333333332,15.666666666666666,27694.106010879823,988654.1255217816,294.1428571428572,1199.02,0,21,50,6177,59951,2
33.336608,938.9677558076696,0.9599056988641436,0.6299381148795943,0.3299675839845494,21,11,23868,7434,1372,85,1136.571428571429,448.6230331250728,1372,85,675.8181818181819,509.1650595349602,1372,85,978.1875,518.7349056538899,269085.90234375,420,220,20,21,1.0753744516129031,11.300966,0.0,2.854864639697423,33.336608,11.879688,0.0,1.6668304000000005,3.634899953782461,33.073386,11.576938,0.0,3.3073386,4.416673955288917,7,9,0,0,0,0,0,16,32,0,0,0.5238095238095238,978.1875,255,501,0,0,0,0,0,0,0,0,15794.0,12.0,5281.0,5.0,0.0,0.0,1136.571428571429,675.8181818181819,0,21,11,23868,7434,2
0.028249,8354.278027540799,106.19844950263726,70.7989663350915,35.39948316754575,2,1,130,106,65,65,65.0,0.0,106,106,106.0,0.0,106,65,78.66666666666667,19.3275853524323,373.5555555555556,40,20,20,2,0.0141245,0.028249,0.0,0.0141245,0.0,0.0,0.0,0.0,0.0,0.0,0.0,0.0,0.0,0.0,0,0,0,0,0,0,0,0,0,0,0,0.5,78.66666666666667,0,0,0,0,0,0,0,0,0,0,0.0,0.0,0.0,0.0,0.0,0.0,65.0,106.0,0,2,1,130,106,4
175.703156,15.32698706903136,0.1252111828884849,0.0682970088482645,0.0569141740402204,12,10,982,1711,96,72,81.83333333333333,6.568020165079344,368,95,171.1,81.51374117288447,368,72,122.4090909090909,70.84789025594911,5019.423553719008,240,200,20,12,8.366816952380951,86.413958,0.0,18.96281789580872,175.70315599999998,86.443007,0.0,15.97301418181818,23.78679040290229,89.268461,24.341087,0.536632,9.918717888888889,8.639861234708775,0,0,0,0,0,0,0,0,0,0,0,0.8333333333333334,122.4090909090909,0,0,0,0,0,0,0,0,0,0,0.0,0.0,0.0,0.0,0.0,0.0,81.83333333333333,171.1,0,12,10,982,1711,0
0.026466,10239.552633567597,113.35298118340512,75.56865412227009,37.784327061135045,2,1,138,133,69,69,69.0,0.0,133,133,133.0,0.0,133,69,90.33333333333331,30.169889330626027,910.2222222222222,40,20,20,2,0.013233,0.026466,0.0,0.013233,0.0,0.0,0.0,0.0,0.0,0.0,0.0,0.0,0.0,0.0,0,0,0,0,0,0,0,0,0,0,0,0.5,90.33333333333331,0,0,0,0,0,0,0,0,0,0,0.0,0.0,0.0,0.0,0.0,0.0,69.0,133.0,0,2,1,138,133,3
0.037918,13159.976792024896,79.11809694604146,52.74539796402764,26.37269898201382,2,1,162,337,81,81,81.0,0.0,337,337,337.0,0.0,337,81,166.33333333333334,120.67955732250412,14563.555555555557,40,20,20,2,0.018959,0.037918,0.0,0.018959,0.0,0.0,0.0,0.0,0.0,0.0,0.0,0.0,0.0,0.0,0,0,0,0,0,0,0,0,0,0,0,0.5,166.33333333333334,0,0,0,0,0,0,0,0,0,0,0.0,0.0,0.0,0.0,0.0,0.0,81.0,337.0,0,2,1,162,337,4
5.001315,1757.5377675671298,3.9989482766032536,2.199421552131789,1.799526724471464,11,9,2730,6060,1693,40,248.1818181818182,479.5984718646172,1757,40,673.3333333333334,717.9274181822127,1757,40,439.5,634.967361365921,403183.55,220,180,20,3,0.2632271052631579,4.66732,0.0,1.038659741523606,5.000952,4.66732,0.0,0.5000952,1.3901869205101738,4.970694,4.711178,8.2e-05,0.62133675,1.546528152424791,3,4,0,0,0,3,2,7,18,0,0,0.8181818181818182,439.5,65535,4096,0,0,0,0,0,0,0,0,0.0,0.0,0.0,0.0,0.0,0.0,248.1818181818182,673.3333333333334,0,11,9,2730,6060,4
0.026326,9040.49228899187,113.95578515535972,75.97052343690649,37.985261718453245,2,1,148,90,74,74,74.0,0.0,90,90,90.0,0.0,90,74,79.33333333333333,7.542472332656507,56.88888888888889,40,20,20,2,0.013163,0.026326,0.0,0.013163,0.0,0.0,0.0,0.0,0.0,0.0,0.0,0.0,0.0,0.0,0,0,0,0,0,0,0,0,0,0,0,0.5,79.33333333333333,0,0,0,0,0,0,0,0,0,0,0.0,0.0,0.0,0.0,0.0,0.0,74.0,90.0,0,2,1,148,90,0
3.043389,172.1764782615696,1.3143242615386992,0.9857431961540244,0.3285810653846748,3,1,201,323,67,67,67.0,0.0,323,323,323.0,0.0,323,67,131.0,110.85125168440814,12288.0,60,20,20,3,1.014463,3.002722,0.0,1.4060094450922676,3.002722,3.002722,0.0,1.501361,1.501361,0.0,0.0,0.0,0.0,0.0,0,0,0,0,0,0,0,0,0,0,0,0.3333333333333333,131.0,0,0,0,0,0,0,0,0,0,0,0.0,0.0,0.0,0.0,0.0,0.0,67.0,323.0,0,3,1,201,323,4
117.407199,80.82979647610875,0.1447952097043044,0.0766562874905141,0.0681389222137903,9,8,4368,5122,1372,92,485.3333333333333,503.4419308895295,1372,63,640.25,576.5203270484051,1372,63,558.2352941176471,544.5847343361474,296572.5328719723,180,160,20,9,7.337949937499999,58.797241,0.0,19.390402529949007,117.407199,58.806102,0.0,14.675899875,25.39382062377473,58.88883,58.82675,0.0,8.41269,20.581456771227742,7,6,0,0,0,0,0,13,17,0,0,0.8888888888888888,558.2352941176471,255,285,0,0,0,0,0,0,0,0,0.0,0.0,0.0,0.0,0.0,0.0,485.3333333333333,640.25,0,9,8,4368,5122,2
0.035211,7043.253528726818,85.2006475249212,56.80043168328079,28.4002158416404,2,1,140,108,70,70,70.0,0.0,108,108,108.0,0.0,108,70,82.66666666666667,17.9133717900592,320.88888888888886,40,20,20,2,0.0176055,0.035211,0.0,0.0176055,0.0,0.0,0.0,0.0,0.0,0.0,0.0,0.0,0.0,0.0,0,0,0,0,0,0,0,0,0,0,0,0.5,82.66666666666667,0,0,0,0,0,0,0,0,0,0,0.0,0.0,0.0,0.0,0.0,0.0,70.0,108.0,0,2,1,140,108,4
0.08722,89646.86998394864,126.11786287548726,68.7915615684476,57.326301307039664,6,5,3770,4049,1372,78,628.3333333333334,560.8650065350446,1372,85,809.8,498.9991583159234,1372,78,710.8181818181819,541.2298819577195,292929.785123967,120,100,20,6,0.0087219999999999,0.052987,0.0,0.0174302609217418,0.08722,0.053799,0.0,0.0174439999999999,0.0222415916966389,0.032483,0.032483,0.0,0.00812075,0.0140655515955649,4,4,0,0,0,0,0,8,11,0,0,0.8333333333333334,710.8181818181819,255,1047,0,0,0,0,0,0,0,0,0.0,0.0,0.0,0.0,0.0,0.0,628.3333333333334,809.8,0,6,5,3770,4049,2
0.073395,141753.52544451258,190.74868860276584,81.74943797261393,108.99925063015192,6,8,3741,6663,1372,78,623.5,560.6358741048715,1372,85,832.875,570.5415053920267,1372,78,743.1428571428571,575.7180432348133,331451.2653061224,120,160,20,6,0.0056457692307692,0.041021,0.0,0.0118085120221607,0.065114,0.042207,0.0,0.0130228,0.0169899622059614,0.032374,0.023279,0.0,0.0046248571428571,0.0082367273395023,4,6,0,0,0,0,0,10,14,0,0,1.3333333333333333,743.1428571428571,255,136,0,0,0,0,0,0,0,0,0.0,0.0,5959.0,5.0,0.0,0.0,623.5,832.875,0,6,8,3741,6663,2
0.018165,19212.771813927884,165.15276630883568,110.10184420589044,55.05092210294522,2,1,156,193,78,78,78.0,0.0,193,193,193.0,0.0,193,78,116.33333333333331,54.21151989096864,2938.8888888888887,40,20,20,2,0.0090825,0.018165,0.0,0.0090825,0.0,0.0,0.0,0.0,0.0,0.0,0.0,0.0,0.0,0.0,0,0,0,0,0,0,0,0,0,0,0,0.5,116.33333333333331,0,0,0,0,0,0,0,0,0,0,0.0,0.0,0.0,0.0,0.0,0.0,78.0,193.0,0,2,1,156,193,3
0.012116,24678.111587982832,247.60647078243645,165.0709805216243,82.53549026081215,2,1,166,133,83,83,83.0,0.0,133,133,133.0,0.0,133,83,99.66666666666669,23.570226039551585,555.5555555555555,40,20,20,2,0.006058,0.012116,0.0,0.006058,0.0,0.0,0.0,0.0,0.0,0.0,0.0,0.0,0.0,0.0,0,0,0,0,0,0,0,0,0,0,0,0.5,99.66666666666669,0,0,0,0,0,0,0,0,0,0,0.0,0.0,0.0,0.0,0.0,0.0,83.0,133.0,0,2,1,166,133,5
0.111872,121192.0766590389,160.89816933638443,80.44908466819221,80.44908466819221,9,9,5781,7777,1294,88,642.3333333333334,583.9992389644965,1494,85,864.1111111111111,548.8135575836792,1494,85,753.2222222222222,577.4271051209798,333422.06172839506,180,180,20,9,0.0065807058823529,0.037047,0.0,0.0113504811805994,0.111872,0.042398,0.0,0.013984,0.0176187663728196,0.054529,0.028689,0.0,0.006816125,0.0109923165943023,0,0,0,0,0,0,0,0,0,0,0,1.0,753.2222222222222,0,0,0,0,0,0,0,0,0,0,0.0,0.0,5754.0,5.0,0.0,0.0,642.3333333333334,864.1111111111111,0,9,9,5781,7777,2
0.021351,11568.544798838462,140.50864128143883,93.67242752095922,46.83621376047961,2,1,148,99,74,74,74.0,0.0,99,99,99.0,0.0,99,74,82.33333333333333,11.785113019775793,138.88888888888889,40,20,20,2,0.0106755,0.021351,0.0,0.0106755,0.0,0.0,0.0,0.0,0.0,0.0,0.0,0.0,0.0,0.0,0,0,0,0,0,0,0,0,0,0,0,0.5,82.33333333333333,0,0,0,0,0,0,0,0,0,0,0.0,0.0,0.0,0.0,0.0,0.0,74.0,99.0,0,2,1,148,99,3
7.454219,3468.7738581332264,3.8904142741177847,1.878131028884448,2.012283245233337,14,15,2505,23352,1364,40,178.92857142857142,354.05255144353004,7706,40,1556.8,2047.853321570338,7706,40,891.6206896551724,1644.3053960362738,2703740.235434008,280,300,20,3,0.2662221071428571,5.794183,0.0,1.0682264107499584,7.454219,5.841933,0.0,0.5734014615384615,1.5246168024767413,7.190683,5.79455,0.000283,0.5136202142857142,1.4686825214318142,3,9,0,0,1,3,0,12,27,0,0,1.0714285714285714,891.6206896551724,65535,4096,0,0,0,0,0,0,0,0,0.0,0.0,11360.0,4.5,0.0,25386.354164222448,178.92857142857142,1556.8,0,14,15,2505,23352,3
0.100118,2277.312770930302,29.964641722767134,19.97642781517809,9.988213907589046,2,1,152,76,76,76,76.0,0.0,76,76,76.0,0.0,76,76,76.0,0.0,0.0,40,20,20,2,0.050059,0.100118,0.0,0.050059,0.0,0.0,0.0,0.0,0.0,0.0,0.0,0.0,0.0,0.0,0,0,0,0,0,0,0,0,0,0,0,0.5,76.0,0,0,0,0,0,0,0,0,0,0,0.0,0.0,0.0,0.0,0.0,0.0,76.0,76.0,0,2,1,152,76,4
0.131535,8598.47188961113,106.43554947352416,60.82031398487094,45.615235488653205,8,6,485,646,81,54,60.625,9.150648884095595,363,54,107.66666666666669,114.26966157102048,363,54,80.78571428571429,78.65038240886832,6185.882653061225,160,120,20,2,0.0101180769230769,0.059086,0.0,0.0190491724571377,0.1315349999999999,0.11567,0.0,0.0187907142857142,0.0396481121644408,0.123712,0.059086,0.0,0.0247424,0.0259737414370744,2,2,0,0,2,3,0,4,12,0,0,0.75,80.78571428571429,65535,65535,0,0,0,0,0,0,0,0,0.0,0.0,0.0,0.0,0.0,0.0,60.625,107.66666666666669,0,8,6,485,646,3
96.196865,798.7058621920787,1.0915116620484462,0.54055815644304,0.5509535056054061,52,53,47376,29457,5775,40,911.0769230769232,1366.7449096042003,4899,40,555.7924528301887,804.590118514368,5775,40,731.7428571428571,1132.8812153810588,1283419.8481632653,1040,1060,20,25,0.9249698557692309,44.416328,0.0,5.113954306531916,96.196865,44.416328,0.0,1.886213039215686,7.177642923397062,96.174075,44.461299,0.000191,1.8495014423076923,7.11882884439273,25,25,0,0,0,3,0,50,103,0,0,1.0192307692307692,731.7428571428571,65535,4096,0,0,0,0,0,0,0,0,7705.0,5.0,7524.0,7.0,1253049.2763050902,115448.3520530289,911.0769230769232,555.7924528301887,0,52,53,47376,29457,3
55.42829,123.72743232742702,0.4690745465898371,0.2164959445799248,0.2525786020099123,12,14,2621,4237,1372,54,218.41666666666663,367.8399693556364,1372,54,302.6428571428572,457.2190170933803,1372,54,263.7692307692308,420.4485981289973,176777.02366863907,240,280,20,5,2.2171316,44.182215,0.0,8.785165539823012,55.127539,44.182215,0.0,5.011594454545454,12.706529811714594,55.08739,44.479546,0.0,4.237491538461539,11.913464297424746,4,5,0,0,2,3,3,9,21,0,0,1.1666666666666667,263.7692307692308,65535,26883,0,0,0,0,0,0,0,0,0.0,0.0,0.0,0.0,0.0,0.0,218.41666666666663,302.6428571428572,0,12,14,2621,4237,0
0.055365,8073.692766188025,54.1858574911948,36.123904994129866,18.061952497064933,2,1,166,281,83,83,83.0,0.0,281,281,281.0,0.0,281,83,149.0,93.33809511662427,8712.0,40,20,20,2,0.0276825,0.055365,0.0,0.0276825,0.0,0.0,0.0,0.0,0.0,0.0,0.0,0.0,0.0,0.0,0,0,0,0,0,0,0,0,0,0,0,0.5,149.0,0,0,0,0,0,0,0,0,0,0,0.0,0.0,0.0,0.0,0.0,0.0,83.0,281.0,0,2,1,166,281,0
0.156708,94047.5278862598,185.05755928223195,95.71942721494756,89.33813206728438,15,14,3194,11544,1864,40,212.9333333333333,454.7847060850759,3258,40,824.5714285714286,1048.3961706398231,3258,40,508.2068965517241,854.9920096142196,731011.3365041617,300,280,20,6,0.0055967142857142,0.048453,0.0,0.0111601325864408,0.156708,0.063213,0.0,0.0111934285714285,0.0171081678768371,0.09639,0.033409,0.000192,0.0074146153846153,0.0095623410437343,6,8,0,0,0,3,0,14,27,0,0,0.9333333333333332,508.2068965517241,65535,4096,0,0,0,0,0,0,0,0,0.0,0.0,6381.0,4.0,0.0,5162621.359223301,212.9333333333333,824.5714285714286,0,15,14,3194,11544,1
0.043472,5842.841369157159,69.00993743099006,46.00662495399338,23.00331247699669,2,1,140,114,70,70,70.0,0.0,114,114,114.0,0.0,114,70,84.66666666666667,20.7417989148054,430.2222222222222,40,20,20,2,0.021736,0.043472,0.0,0.021736,0.0,0.0,0.0,0.0,0.0,0.0,0.0,0.0,0.0,0.0,0,0,0,0,0,0,0,0,0,0,0,0.5,84.66666666666667,0,0,0,0,0,0,0,0,0,0,0.0,0.0,0.0,0.0,0.0,0.0,70.0,114.0,0,2,1,140,114,4
0.196353,4685.438979796591,71.30015838820898,40.742947650405135,30.557210737803853,8,6,506,414,102,54,63.25,15.45760330711071,131,54,69.0,28.05946067431328,131,54,65.71428571428571,21.95589270537174,482.0612244897959,160,120,20,2,0.0151040769230769,0.140176,0.0,0.0378435708907512,0.196353,0.186858,0.0,0.0280504285714285,0.064849653469406,0.192932,0.140176,0.0,0.0385864,0.0534977458313899,2,2,0,0,2,3,0,4,12,0,0,0.75,65.71428571428571,65535,65535,0,0,0,0,0,0,0,0,0.0,0.0,0.0,0.0,0.0,0.0,63.25,69.0,0,8,6,506,414,3
0.071961,14090.965939884103,194.54982559997777,111.17132891427302,83.37849668570476,8,6,487,527,83,54,60.875,9.713875385241463,244,54,87.83333333333333,69.97241519976919,244,54,72.42857142857143,48.27261022525282,2330.244897959183,160,120,20,2,0.0055354615384615,0.047398,0.0,0.0123669877037177,0.071961,0.060748,0.0,0.0102801428571428,0.0206674206243862,0.068076,0.050718,0.0,0.0136152,0.0187906282428236,2,2,0,0,2,3,0,4,12,0,0,0.75,72.42857142857143,65535,65535,0,0,0,0,0,0,0,0,0.0,0.0,0.0,0.0,0.0,0.0,60.875,87.83333333333333,0,8,6,487,527,0
0.115956,8322.122184276794,120.73545137810892,68.99168650177653,51.7437648763324,8,6,512,453,108,54,64.0,17.349351572897472,170,54,75.5,42.48038763162753,170,54,68.92857142857143,31.269483722071552,977.7806122448976,160,120,20,2,0.0089196923076923,0.050507,0.0,0.0170420786714469,0.1159559999999999,0.104055,0.0,0.0165651428571428,0.0357624310791908,0.111928,0.050507,0.0,0.0223856,0.0227573364662914,2,2,0,0,2,3,0,4,12,0,0,0.75,68.92857142857143,65535,65535,0,0,0,0,0,0,0,0,0.0,0.0,0.0,0.0,0.0,0.0,64.0,75.5,0,8,6,512,453,0
0.038737,10196.969305831632,77.44533649998709,51.630224333324726,25.815112166662363,2,1,146,249,73,73,73.0,0.0,249,249,249.0,0.0,249,73,131.66666666666666,82.96719565922157,6883.555555555555,40,20,20,2,0.0193685,0.038737,0.0,0.0193685,0.0,0.0,0.0,0.0,0.0,0.0,0.0,0.0,0.0,0.0,0,0,0,0,0,0,0,0,0,0,0,0.5,131.66666666666666,0,0,0,0,0,0,0,0,0,0,0.0,0.0,0.0,0.0,0.0,0.0,73.0,249.0,0,2,1,146,249,3
4.029339,2315.268087395972,3.9708746273272113,2.2336169778715567,1.737257649455655,9,7,2233,7096,1783,40,248.11111111111111,543.3595994560027,4420,40,1013.7142857142856,1491.136260352747,4420,40,583.0625,1132.7380251380944,1283095.43359375,180,140,20,2,0.2686226,3.926382,0.0,0.9776437497197568,4.027195,3.926382,0.0,0.503399375,1.2938973703871317,4.015799,3.971918,0.000363,0.6692998333333334,1.476990144272626,2,2,0,0,0,3,2,4,14,0,0,0.7777777777777778,583.0625,65535,4096,0,0,0,0,0,0,0,0,0.0,0.0,0.0,0.0,0.0,0.0,248.11111111111111,1013.7142857142856,0,9,7,2233,7096,5
0.076647,134199.64251699348,169.6087257165969,78.28095033073701,91.32777538585984,6,7,3745,6541,1372,78,624.1666666666666,560.6550979781499,1372,125,934.4285714285714,530.5492725583977,1372,78,791.2307692307693,566.1872690803274,320568.023668639,120,140,20,6,0.00638725,0.046114,0.0,0.0139583130256071,0.0766469999999999,0.048726,0.0,0.0153293999999999,0.0195666204501441,0.030139,0.030139,0.0,0.0050231666666666,0.0112321421289776,4,5,0,0,0,0,0,9,13,0,0,1.1666666666666667,791.2307692307693,255,139,0,0,0,0,0,0,0,0,0.0,0.0,5913.0,5.0,0.0,0.0,624.1666666666666,934.4285714285714,0,6,7,3745,6541,2
0.023033,10202.752572396126,130.24790517952502,86.83193678635001,43.41596839317501,2,1,146,89,73,73,73.0,0.0,89,89,89.0,0.0,89,73,78.33333333333333,7.542472332656507,56.88888888888889,40,20,20,2,0.0115165,0.023033,0.0,0.0115165,0.0,0.0,0.0,0.0,0.0,0.0,0.0,0.0,0.0,0.0,0,0,0,0,0,0,0,0,0,0,0,0.5,78.33333333333333,0,0,0,0,0,0,0,0,0,0,0.0,0.0,0.0,0.0,0.0,0.0,73.0,89.0,0,2,1,146,89,4
0.142614,6745.480808335788,98.1670803707911,56.09547449759491,42.07160587319618,8,6,499,463,95,54,62.375,13.284742187938765,180,54,77.16666666666667,46.18952502702557,180,54,68.71428571428571,32.692132237039566,1068.7755102040817,160,120,20,2,0.0109703076923076,0.057499,0.0,0.0194236464903541,0.142614,0.120104,0.0,0.0203734285714285,0.0409313957036026,0.137925,0.057861,0.0,0.027585,0.0249496509875388,2,2,0,0,2,3,0,4,12,0,0,0.75,68.71428571428571,65535,65535,0,0,0,0,0,0,0,0,0.0,0.0,0.0,0.0,0.0,0.0,62.375,77.16666666666667,0,8,6,499,463,0
0.467999,26346.21014147466,57.69243096673284,27.777837132130625,29.91459383460221,13,14,4287,8043,2930,40,329.7692307692308,763.7085785163134,2840,40,574.5,871.7270010076057,2930,40,456.6666666666667,830.5441322142706,689803.5555555557,260,280,20,5,0.0179999615384615,0.218269,0.0,0.047100665720006,0.467981,0.223424,0.0,0.0389984166666666,0.0652854937645139,0.4375489999999999,0.218269,0.000322,0.0336576153846153,0.0623668543311249,5,5,0,0,2,3,0,10,25,0,0,1.0769230769230769,456.6666666666667,65535,4096,0,0,0,0,0,0,0,0,0.0,0.0,0.0,0.0,0.0,0.0,329.7692307692308,574.5,0,13,14,4287,8043,4
0.871549,16090.891045712862,22.947648382362896,10.326441772063305,12.621206610299591,9,11,4644,9380,1372,92,516.0,481.5825762813453,1372,92,852.7272727272727,518.4512058936327,1372,92,701.2,529.3987721935139,280263.06,180,220,20,9,0.045871,0.258049,0.0,0.0783451756550526,0.6135,0.265431,0.0,0.0766875,0.1021756282437255,0.701596,0.275489,0.0,0.0701596,0.0958753566503926,7,8,0,0,0,0,0,15,20,0,0,1.2222222222222223,701.2,1024,63,0,0,0,0,0,0,0,0,1660.0,4.0,6925.0,6.0,1049968.3744465527,0.0,516.0,852.7272727272727,0,9,11,4644,9380,2
106.356143,7646.563489990418,7.606518788482203,4.945647568283856,2.660871220198348,526,283,555482,257777,1278,53,1056.0494296577947,435.28469053627896,1278,60,910.8727915194346,537.0647729933892,1278,53,1005.264524103832,478.4204431098924,228886.1203854657,10520,5660,20,526,0.1316288898514851,15.829725,0.0,1.1018683617778482,106.35216,15.844925,0.0,0.2025755428571428,1.3647757709353558,106.355993,15.837082,1.6e-05,0.3771489113475177,1.8421739125497905,0,0,0,0,0,0,0,0,0,0,0,0.5380228136882129,1005.264524103832,0,0,0,0,0,0,0,0,0,0,21249.76,18.64,13042.684210526317,11.842105263157896,3444090.036823816,2355125.3540134192,1056.0494296577947,910.8727915194346,0,526,283,555482,257777,5
34.889969,19.20322715104734,0.2292922644901175,0.1433076653063234,0.085984599183794,5,3,407,263,95,78,81.4,6.8,99,82,87.66666666666667,8.013876853447538,99,78,83.75,7.885905147793752,62.1875,100,60,20,5,4.984281285714286,19.992207,0.0,7.744105795073765,34.889969,19.992523,0.0,8.722492249999998,8.505751026606479,33.885166,19.992422,13.892744,16.942583,3.0498390000000004,5,3,0,0,0,0,0,8,8,0,0,0.6,83.75,16,251,0,0,0,0,0,0,0,0,0.0,0.0,0.0,0.0,0.0,0.0,81.4,87.66666666666667,0,5,3,407,263,2
2.921354,26021.15320498645,25.673026959416763,5.8192194441344665,19.8538075152823,17,58,5717,70300,1372,85,336.29411764705884,399.6740973381249,1372,85,1212.0689655172414,356.54311835142386,1372,85,1013.56,518.6129511173691,268959.3930666667,340,1160,20,17,0.0394777567567567,1.982883,0.0,0.2360769460956739,2.885679,2.021317,0.0,0.1803549375,0.5001657290550638,2.884912,2.018558,0.0,0.0506124912280701,0.2738350963243238,15,33,0,0,0,0,0,48,75,0,0,3.411764705882353,1013.56,255,139,0,0,0,0,0,0,0,0,976.0,8.0,15850.75,13.25,131767.24719859593,579266.1757450618,336.29411764705884,1212.0689655172414,0,17,58,5717,70300,2
0.260745,3777.637155074881,53.69230474218106,30.68131699553204,23.010987746649025,8,6,540,445,136,54,67.5,26.3581107061944,162,54,74.16666666666667,39.51546813872034,162,54,70.35714285714286,32.81899959922419,1077.0867346938776,160,120,20,2,0.0200573076923076,0.19683,0.0,0.0524255097409422,0.260745,0.249472,0.0,0.0372492857142857,0.0866584762513401,0.255828,0.19683,0.0,0.0511656,0.0749697841576191,2,2,0,0,2,3,0,4,12,0,0,0.75,70.35714285714286,65535,65535,0,0,0,0,0,0,0,0,0.0,0.0,0.0,0.0,0.0,0.0,67.5,74.16666666666667,0,8,6,540,445,3
0.029044,13290.180415920671,103.29155763668916,68.86103842445944,34.43051921222972,2,1,172,214,86,86,86.0,0.0,214,214,214.0,0.0,214,86,128.66666666666666,60.339778661252055,3640.8888888888887,40,20,20,2,0.014522,0.029044,0.0,0.014522,0.0,0.0,0.0,0.0,0.0,0.0,0.0,0.0,0.0,0.0,0,0,0,0,0,0,0,0,0,0,0,0.5,128.66666666666666,0,0,0,0,0,0,0,0,0,0,0.0,0.0,0.0,0.0,0.0,0.0,86.0,214.0,0,2,1,172,214,0
0.0,0.0,0.0,0.0,0.0,3,0,264,0,93,78,88.0,7.071067811865476,0,0,0.0,0.0,93,78,88.0,7.071067811865476,50.0,60,0,20,3,0.0,0.0,0.0,0.0,0.0,0.0,0.0,0.0,0.0,0.0,0.0,0.0,0.0,0.0,3,0,0,0,1,0,0,3,3,0,0,0.0,88.0,63,0,0,0,0,0,0,0,0,0,0.0,0.0,0.0,0.0,0.0,0.0,88.0,0.0,0,3,0,264,0,2
49.336506,11.796538652331805,0.1824207008092547,0.0405379335131677,0.141882767296087,2,7,132,450,66,66,66.0,0.0,66,54,64.28571428571429,4.199125273342592,66,54,64.66666666666667,3.771236166328253,14.22222222222222,40,140,20,0,6.167063249999999,17.494434,0.0,6.63253294097641,0.0,0.0,0.0,0.0,0.0,49.06148,17.494434,1.00883,8.176913333333333,6.518412248845053,0,0,0,0,0,8,1,0,7,0,0,3.5,64.66666666666667,65535,64240,0,0,0,0,0,0,0,0,0.0,0.0,0.0,0.0,0.0,0.0,66.0,64.28571428571429,0,2,7,132,450,0
0.104037,2191.5280140719165,28.835894921998904,19.22392994799927,9.611964973999635,2,1,152,76,76,76,76.0,0.0,76,76,76.0,0.0,76,76,76.0,0.0,0.0,40,20,20,2,0.0520185,0.104037,0.0,0.0520185,0.0,0.0,0.0,0.0,0.0,0.0,0.0,0.0,0.0,0.0,0,0,0,0,0,0,0,0,0,0,0,0.5,76.0,0,0,0,0,0,0,0,0,0,0,0.0,0.0,0.0,0.0,0.0,0.0,76.0,76.0,0,2,1,152,76,4
0.041566,5942.356733869028,72.17437328585864,48.11624885723909,24.058124428619543,2,1,138,109,69,69,69.0,0.0,109,109,109.0,0.0,109,69,82.33333333333333,18.856180831641264,355.5555555555555,40,20,20,2,0.020783,0.041566,0.0,0.020783,0.0,0.0,0.0,0.0,0.0,0.0,0.0,0.0,0.0,0.0,0,0,0,0,0,0,0,0,0,0,0,0.5,82.33333333333333,0,0,0,0,0,0,0,0,0,0,0.0,0.0,0.0,0.0,0.0,0.0,69.0,109.0,0,2,1,138,109,4
3.018562,87.45886286251532,1.3251342857956867,1.3251342857956867,0.0,4,0,264,0,66,66,66.0,0.0,0,0,0.0,0.0,66,66,66.0,0.0,0.0,80,0,20,0,1.006187333333333,2.004752,0.0,0.8184543254050418,3.018562,2.004752,0.0,1.006187333333333,0.8184543254050418,0.0,0.0,0.0,0.0,0.0,0,0,0,0,0,4,0,0,0,0,0,0.0,66.0,65535,0,0,0,0,0,0,0,0,0,0.0,0.0,0.0,0.0,0.0,0.0,66.0,0.0,0,4,0,264,0,1
0.018615,20306.20467365028,161.16035455278,107.44023636852002,53.72011818426001,2,1,160,218,80,80,80.0,0.0,218,218,218.0,0.0,218,80,126.0,65.05382386916237,4232.0,40,20,20,2,0.0093075,0.018615,0.0,0.0093075,0.0,0.0,0.0,0.0,0.0,0.0,0.0,0.0,0.0,0.0,0,0,0,0,0,0,0,0,0,0,0,0.5,126.0,0,0,0,0,0,0,0,0,0,0,0.0,0.0,0.0,0.0,0.0,0.0,80.0,218.0,0,2,1,160,218,0
5.572023,1944.35665466564,2.8714885060596487,1.6152122846585524,1.2562762214010963,9,7,4734,6100,3777,40,526.0,1160.167325096782,4556,40,871.4285714285714,1569.1226718085725,4556,40,677.125,1365.163491811512,1863671.359375,180,140,20,3,0.3714681999999999,4.990326,0.0,1.2384413630216111,5.571738,4.990326,0.0,0.69646725,1.6290941721415886,5.520538999999999,5.034444,0.006979,0.9200898333333332,1.8454568252844985,3,2,0,0,0,3,2,5,14,0,0,0.7777777777777778,677.125,65535,4096,0,0,0,0,0,0,0,0,0.0,0.0,0.0,0.0,0.0,0.0,526.0,871.4285714285714,0,9,7,4734,6100,4
0.028361,15902.11910722471,105.7790627975036,70.51937519833574,35.25968759916787,2,1,130,321,65,65,65.0,0.0,321,321,321.0,0.0,321,65,150.33333333333334,120.67955732250412,14563.555555555557,40,20,20,2,0.0141805,0.028361,0.0,0.0141805,0.0,0.0,0.0,0.0,0.0,0.0,0.0,0.0,0.0,0.0,0,0,0,0,0,0,0,0,0,0,0,0.5,150.33333333333334,0,0,0,0,0,0,0,0,0,0,0.0,0.0,0.0,0.0,0.0,0.0,65.0,321.0,0,2,1,130,321,4
3.488803,2689.174481906832,3.439575120750584,1.4331563003127434,2.006418820437841,5,7,3611,5771,1372,85,722.2,563.7309287239791,1372,85,824.4285714285714,549.5779828046913,1372,85,781.8333333333334,557.8004173138951,311141.3055555556,100,140,20,5,0.3171639090909091,3.070115,0.0,0.8729000150760219,3.488803,3.375585,0.0,0.87220075,1.4460684470787293,3.184021,3.070115,0.0,0.5306701666666667,1.1364356364910446,3,5,0,0,0,0,0,8,12,0,0,1.4,781.8333333333334,255,501,0,0,0,0,0,0,0,0,0.0,0.0,5072.0,5.0,0.0,0.0,722.2,824.4285714285714,0,5,7,3611,5771,2
0.012795,23368.50332161,234.4665885111372,156.31105900742477,78.15552950371239,2,1,166,133,83,83,83.0,0.0,133,133,133.0,0.0,133,83,99.66666666666669,23.570226039551585,555.5555555555555,40,20,20,2,0.0063975,0.012795,0.0,0.0063975,0.0,0.0,0.0,0.0,0.0,0.0,0.0,0.0,0.0,0.0,0,0,0,0,0,0,0,0,0,0,0,0.5,99.66666666666669,0,0,0,0,0,0,0,0,0,0,0.0,0.0,0.0,0.0,0.0,0.0,83.0,133.0,0,2,1,166,133,5
1.021363,16764.852456961922,29.372514962848665,15.665341313519288,13.707173649329375,16,14,3430,13693,1775,40,214.375,418.16845813021337,6619,40,978.0714285714286,1733.7441508516315,6619,40,570.7666666666667,1281.0776891178596,1641160.0455555555,320,280,20,8,0.0352194137931034,0.401012,0.0,0.0894344961847987,1.021363,0.401012,0.0,0.0680908666666666,0.1161894182616567,0.994965,0.403877,0.000554,0.0765357692307692,0.12732481895056,8,7,0,0,0,3,0,15,28,0,0,0.875,570.7666666666667,65535,4096,0,0,0,0,0,0,0,0,663.0,4.0,0.0,0.0,125188.82175226588,0.0,214.375,978.0714285714286,0,16,14,3430,13693,1
0.030529,7271.774378459825,98.26722133053818,65.51148088702546,32.75574044351273,2,1,128,94,64,64,64.0,0.0,94,94,94.0,0.0,94,64,74.0,14.142135623730953,200.0,40,20,20,2,0.0152645,0.030529,0.0,0.0152645,0.0,0.0,0.0,0.0,0.0,0.0,0.0,0.0,0.0,0.0,0,0,0,0,0,0,0,0,0,0,0,0.5,74.0,0,0,0,0,0,0,0,0,0,0,0.0,0.0,0.0,0.0,0.0,0.0,64.0,94.0,0,2,1,128,94,4
0.129828,7432.91123640509,107.83498166805312,61.619989524601785,46.21499214345133,8,6,512,453,108,54,64.0,17.349351572897472,170,54,75.5,42.48038763162753,170,54,68.92857142857143,31.269483722071552,977.7806122448976,160,120,20,2,0.0099867692307692,0.055353,0.0,0.0190651355505836,0.129828,0.113248,0.0,0.0185468571428571,0.0387835581526449,0.120574,0.056725,0.0,0.0241148,0.0261205444767141,2,2,0,0,2,3,0,4,12,0,0,0.75,68.92857142857143,65535,65535,0,0,0,0,0,0,0,0,0.0,0.0,0.0,0.0,0.0,0.0,64.0,75.5,0,8,6,512,453,0
0.03167,11682.980738869594,126.30249447426588,94.7268708556994,31.57562361856647,3,1,285,85,100,85,95.0,7.071067811865476,85,85,85.0,0.0,100,85,92.5,7.5,56.25,60,20,20,3,0.0105566666666666,0.02971,0.0,0.0135670687901092,0.00196,0.00196,0.0,0.00098,0.00098,0.0,0.0,0.0,0.0,0.0,3,1,0,0,0,0,0,4,4,0,0,0.3333333333333333,92.5,255,293,0,0,0,0,0,0,0,0,0.0,0.0,0.0,0.0,0.0,0.0,95.0,85.0,0,3,1,285,85,2
0.072974,13264.998492613808,191.84915175267903,109.6280867158166,82.22106503686244,8,6,512,456,108,54,64.0,17.349351572897472,173,54,76.0,43.5928128632844,173,54,69.14285714285714,31.963946526532364,1021.6938775510204,160,120,20,2,0.0056133846153846,0.041663,0.0,0.0108866745614038,0.072974,0.056092,0.0,0.0104248571428571,0.0188280060049504,0.068743,0.047003,0.0,0.0137486,0.016972573966255,2,2,0,0,2,3,0,4,12,0,0,0.75,69.14285714285714,65535,65535,0,0,0,0,0,0,0,0,0.0,0.0,0.0,0.0,0.0,0.0,64.0,76.0,0,8,6,512,456,0
120.058319,1361.305083740178,9.037274626508806,5.189144785543766,3.84812984096504,623,462,78357,85079,6740,40,125.7736757624398,389.0704960081359,4411,40,184.1536796536797,434.61347231989714,6740,40,150.63225806451612,410.1005140037566,168182.43158614537,12460,9240,20,501,0.1107549068265682,10.075436,0.0,0.5594632308361845,119.645075,10.075436,0.0,0.1923554260450161,0.7287924951279987,120.057818,10.076352,0.000124,0.2604291062906724,0.8383700560774027,501,203,0,0,0,0,0,704,1085,0,0,0.7415730337078652,150.63225806451612,364,4092,0,0,0,0,0,0,0,0,589.1846153846154,5.830769230769231,5456.6,6.2,3148.989284375185,47480.07378789461,125.7736757624398,184.1536796536797,0,623,462,78357,85079,4
0.117254,7547.716922237195,119.3989117642042,68.22794957954527,51.17096218465895,8,6,490,395,86,54,61.25,10.580051984749414,112,54,65.83333333333333,21.0904138308274,112,54,63.21428571428572,16.116444890805393,259.7397959183673,160,120,20,2,0.0090195384615384,0.054889,0.0,0.0176703359665739,0.117254,0.102708,0.0,0.0167505714285714,0.0351657572519353,0.113198,0.054889,0.0,0.0226396,0.024157797801952,2,2,0,0,2,3,0,4,12,0,0,0.75,63.21428571428572,65535,65535,0,0,0,0,0,0,0,0,0.0,0.0,0.0,0.0,0.0,0.0,61.25,65.83333333333333,0,8,6,490,395,3
65.868866,2103.953026912593,1.366351137728711,0.5617221343995812,0.8046290033291298,37,53,128690,9895,9658,40,3478.108108108108,3872.686271993331,2920,40,186.6981132075472,431.7957057520073,9658,40,1539.8333333333333,2982.9960489041514,8898265.427777778,740,1060,20,28,0.7400996179775281,60.000358,0.0,6.318087469759863,65.868861,60.000562,0.0,1.8296905833333328,9.833683711856796,65.60994,60.048701,0.000128,1.2617296153846154,8.232702991325125,28,22,0,0,2,3,0,50,88,0,0,1.4324324324324325,1539.8333333333333,65535,4096,0,0,0,0,0,0,0,0,1145.0,4.0,0.0,0.0,337658.50781480386,0.0,3478.108108108108,186.6981132075472,0,37,53,128690,9895,3
0.53139,1193.0973484634635,16.936713148534974,13.1729991155272,3.763714033007772,7,2,522,112,94,54,74.57142857142857,16.791640291331557,58,54,56.0,2.0,94,54,70.44444444444444,16.727297125830056,279.8024691358025,140,40,20,4,0.06642375,0.306018,0.0,0.1143163557816094,0.529075,0.306018,0.0,0.0881791666666666,0.1246231622029878,0.0,0.0,0.0,0.0,0.0,4,0,0,0,0,3,0,4,7,0,0,0.2857142857142857,70.44444444444444,65535,65535,0,0,0,0,0,0,0,0,120.0,4.0,0.0,0.0,230.4103223824428,0.0,74.57142857142857,56.0,0,7,2,522,112,1
0.034769,7535.448244125514,86.28375852052115,57.52250568034744,28.76125284017372,2,1,164,98,82,82,82.0,0.0,98,98,98.0,0.0,98,82,87.33333333333333,7.542472332656507,56.88888888888889,40,20,20,2,0.0173845,0.034769,0.0,0.0173845,0.0,0.0,0.0,0.0,0.0,0.0,0.0,0.0,0.0,0.0,0,0,0,0,0,0,0,0,0,0,0,0.5,87.33333333333333,0,0,0,0,0,0,0,0,0,0,0.0,0.0,0.0,0.0,0.0,0.0,82.0,98.0,0,2,1,164,98,5
0.010092,23285.77090764962,297.2651605231867,198.1767736821245,99.08838684106225,2,1,146,89,73,73,73.0,0.0,89,89,89.0,0.0,89,73,78.33333333333333,7.542472332656507,56.88888888888889,40,20,20,2,0.005046,0.010092,0.0,0.005046,0.0,0.0,0.0,0.0,0.0,0.0,0.0,0.0,0.0,0.0,0,0,0,0,0,0,0,0,0,0,0,0.5,78.33333333333333,0,0,0,0,0,0,0,0,0,0,0.0,0.0,0.0,0.0,0.0,0.0,73.0,89.0,0,2,1,146,89,1
1.227248,24662.49690364132,28.519093125431866,23.630105732500688,4.888987392931177,29,6,29579,688,1278,54,1019.9655172413792,475.47779836914975,240,68,114.66666666666669,68.53385213811411,1278,54,864.7714285714286,551.8511748503155,304539.71918367344,580,120,20,29,0.0360955294117647,0.44281,0.0,0.0810666892086332,1.227248,0.534458,0.0,0.0438302857142857,0.1088487746816843,1.100904,0.550555,0.108251,0.2201807999999999,0.1705093633891113,0,0,0,0,0,0,0,0,0,0,0,0.2068965517241379,864.7714285714286,0,0,0,0,0,0,0,0,0,0,11279.5,10.0,0.0,0.0,4378687.888198758,0.0,1019.9655172413792,114.66666666666669,0,29,6,29579,688,5
0.139527,6672.5436653837605,100.33900248697384,57.33657284969934,43.0024296372745,8,6,497,434,93,54,62.125,12.673175411079892,151,54,72.33333333333333,35.443225336052905,151,54,66.5,25.60622134225532,655.6785714285714,160,120,20,2,0.0107328461538461,0.077778,0.0,0.0227331838199517,0.139527,0.127343,0.0,0.0199324285714285,0.0438894644040397,0.13572,0.077778,0.0,0.027144,0.0312484888082607,2,2,0,0,2,3,0,4,12,0,0,0.75,66.5,65535,65535,0,0,0,0,0,0,0,0,0.0,0.0,0.0,0.0,0.0,0.0,62.125,72.33333333333333,0,8,6,497,434,3
0.114609,9685.10326414156,122.15445558376742,69.8025460478671,52.35190953590032,8,6,502,608,98,54,62.75,14.210471491122313,325,54,101.33333333333331,100.11937319464646,325,54,79.28571428571429,69.10801955885394,4775.918367346939,160,120,20,2,0.0088160769230769,0.04962,0.0,0.0173287679728139,0.114609,0.104667,0.0,0.0163727142857142,0.0360765874127104,0.111218,0.052277,0.0,0.0222436,0.0235487645416909,2,2,0,0,2,3,0,4,12,0,0,0.75,79.28571428571429,65535,65535,0,0,0,0,0,0,0,0,0.0,0.0,0.0,0.0,0.0,0.0,62.75,101.33333333333331,0,8,6,502,608,3
0.118648,63060.48142404423,101.13950509068842,50.56975254534421,50.56975254534421,6,6,3791,3691,1372,85,631.8333333333334,554.2632998454395,1372,85,615.1666666666666,546.8712269711115,1372,85,623.5,550.6427305128677,303207.4166666667,120,120,20,6,0.0107861818181818,0.038133,0.0,0.0143342981615816,0.096469,0.038907,0.0,0.0192938,0.0162174864932886,0.080515,0.030315,0.0,0.016103,0.0133925959544817,4,5,0,0,0,0,0,9,12,0,0,1.0,623.5,255,288,0,0,0,0,0,0,0,0,0.0,0.0,0.0,0.0,0.0,0.0,631.8333333333334,615.1666666666666,0,6,6,3791,3691,2
3.057314,128.87129028945014,1.6354224656021594,0.9812534793612956,0.6541689862408637,3,2,198,196,66,66,66.0,0.0,98,98,98.0,0.0,98,66,78.8,15.67673435381234,245.76,60,40,20,3,0.7643285000000001,2.997523,0.0,1.2894941164352982,3.004605,3.004605,0.0,1.5023025,1.5023025,0.0,0.0,0.0,0.0,0.0,0,0,0,0,0,0,0,0,0,0,0,0.6666666666666666,78.8,0,0,0,0,0,0,0,0,0,0,0.0,0.0,0.0,0.0,0.0,0.0,66.0,98.0,0,3,2,198,196,3
0.030252,16098.109215919609,99.16699722332407,66.11133148221604,33.05566574110802,2,1,154,333,77,77,77.0,0.0,333,333,333.0,0.0,333,77,162.33333333333334,120.67955732250412,14563.555555555557,40,20,20,2,0.015126,0.030252,0.0,0.015126,0.0,0.0,0.0,0.0,0.0,0.0,0.0,0.0,0.0,0.0,0,0,0,0,0,0,0,0,0,0,0,0.5,162.33333333333334,0,0,0,0,0,0,0,0,0,0,0.0,0.0,0.0,0.0,0.0,0.0,77.0,333.0,0,2,1,154,333,4
0.0,0.0,0.0,0.0,0.0,2,0,186,0,93,93,93.0,0.0,0,0,0.0,0.0,93,93,93.0,0.0,0.0,40,0,20,2,0.0,0.0,0.0,0.0,0.0,0.0,0.0,0.0,0.0,0.0,0.0,0.0,0.0,0.0,2,0,0,0,0,0,0,2,2,0,0,0.0,93.0,1046,0,0,0,0,0,0,0,0,0,0.0,0.0,0.0,0.0,0.0,0.0,93.0,0.0,0,2,0,186,0,2
101.405402,207.67138224056347,0.4634861562897803,0.2465351895158406,0.2169509667739397,25,22,12187,8872,1372,85,487.48,447.4194559918019,1372,85,403.27272727272725,505.421352736163,1372,85,448.06382978723406,477.3040158906404,227819.1235853327,500,440,20,25,2.204465260869565,45.247937,0.0,8.533231036367575,101.405402,45.505814,0.0,4.225225083333334,11.552177545665812,101.176071,45.46932,0.0,4.817908142857143,12.20657747429861,23,18,0,0,0,0,0,41,47,0,0,0.88,448.06382978723406,255,16387,0,0,0,0,0,0,0,0,2083.0,4.0,6365.0,5.0,5246851.385390428,0.0,487.48,403.27272727272725,0,25,22,12187,8872,2
0.147865,6242.180367226863,87.91803334122342,47.34047949142799,40.57755384979542,7,6,433,490,83,54,61.85714285714285,10.00612057590712,207,54,81.66666666666667,56.21585383343584,207,54,71.0,40.12480529547776,1610.0,140,120,20,2,0.0123220833333333,0.085127,0.0,0.0248878818117651,0.147865,0.131558,0.0,0.0246441666666666,0.0479171619270057,0.144898,0.085127,0.0,0.0289796,0.0328116016896463,2,2,0,0,2,3,0,4,11,0,0,0.8571428571428571,71.0,65535,65535,0,0,0,0,0,0,0,0,0.0,0.0,0.0,0.0,0.0,0.0,61.85714285714285,81.66666666666667,0,7,6,433,490,1
90.273038,136.48593503632836,0.3987901681119893,0.1993950840559946,0.1993950840559946,18,18,3648,8673,1372,54,202.66666666666663,316.3695096981798,1372,54,481.8333333333333,539.5074142215285,1372,54,342.25,463.74827792432586,215062.4652777777,360,360,20,10,2.5792296571428577,45.012047,0.0,10.445410625994814,90.25245,45.036851,0.0,5.308967647058823,14.505051714171485,90.240262,45.035235,0.0,5.308250705882353,14.504539895392409,7,9,0,0,0,3,0,16,34,0,0,1.0,342.25,65535,65535,0,0,0,0,0,0,0,0,857.0,4.0,3523.5,5.0,2596969.696969697,98395.67712478532,202.66666666666663,481.8333333333333,0,18,18,3648,8673,1
0.044477,6722.575713290014,67.45059244103693,44.96706162735796,22.48353081367898,2,1,166,133,83,83,83.0,0.0,133,133,133.0,0.0,133,83,99.66666666666669,23.570226039551585,555.5555555555555,40,20,20,2,0.0222385,0.044477,0.0,0.0222385,0.0,0.0,0.0,0.0,0.0,0.0,0.0,0.0,0.0,0.0,0,0,0,0,0,0,0,0,0,0,0,0.5,99.66666666666669,0,0,0,0,0,0,0,0,0,0,0.0,0.0,0.0,0.0,0.0,0.0,83.0,133.0,0,2,1,166,133,5
0.136273,6428.27265856039,102.73495116420712,58.70568637954694,44.0292647846602,8,6,494,382,90,54,61.75,11.765946625750091,107,54,63.66666666666666,19.43078885571956,107,54,62.57142857142857,15.550444576622636,241.8163265306123,160,120,20,2,0.0104825384615384,0.071181,0.0,0.0204563800941469,0.136273,0.119782,0.0,0.0194675714285714,0.0410432640057403,0.133151,0.071181,0.0,0.0266302,0.0278011901428697,2,2,0,0,2,3,0,4,12,0,0,0.75,62.57142857142857,65535,65535,0,0,0,0,0,0,0,0,0.0,0.0,0.0,0.0,0.0,0.0,61.75,63.66666666666666,0,8,6,494,382,1
0.515348,1730.869237874213,23.285236383958026,15.523490922638684,7.761745461319341,8,4,540,352,96,54,67.5,16.575584454250777,185,54,88.0,56.0223169817172,185,54,74.33333333333333,36.369248304332906,1322.7222222222222,160,80,20,3,0.0468498181818181,0.251001,0.0,0.088206252632234,0.515348,0.253522,0.0,0.0736211428571428,0.102171604465133,0.5079899999999999,0.292973,0.0,0.1693299999999999,0.1238918107570741,3,2,0,0,1,3,1,5,10,0,0,0.5,74.33333333333333,65535,65535,0,0,0,0,0,0,0,0,0.0,0.0,0.0,0.0,0.0,0.0,67.5,88.0,0,8,4,540,352,3
1.042348,8469.340373848272,12.471842417311684,5.756234961836162,6.7156074554755225,6,7,3817,5011,1372,85,636.1666666666666,549.558737129668,1372,104,715.8571428571429,575.7728789750914,1372,85,679.0769230769231,565.223367900958,319477.4556213018,120,140,20,6,0.0868623333333333,0.354509,0.0,0.1499466402065155,0.700086,0.355556,0.0,0.1400172,0.1712138709957811,0.6878390000000001,0.343971,0.0,0.1146398333333333,0.1621252098147361,4,4,0,0,0,0,0,8,13,0,0,1.1666666666666667,679.0769230769231,255,186,0,0,0,0,0,0,0,0,0.0,0.0,4310.0,4.0,0.0,0.0,636.1666666666666,715.8571428571429,0,6,7,3817,5011,2
0.124444,59922.53543762656,96.42891581755649,48.21445790877824,48.21445790877824,6,6,3785,3672,1372,85,630.8333333333334,554.2440547468436,1372,85,612.0,548.022809744266,1372,85,621.4166666666666,551.222649863213,303846.40972222225,120,120,20,6,0.0113130909090909,0.033564,0.0,0.0142010880598158,0.096117,0.035562,0.0,0.0192234,0.0158560059485357,0.09088,0.033857,0.0,0.0181759999999999,0.0149695644425614,4,5,0,0,0,0,0,9,12,0,0,1.0,621.4166666666666,255,285,0,0,0,0,0,0,0,0,0.0,0.0,0.0,0.0,0.0,0.0,630.8333333333334,612.0,0,6,6,3785,3672,2
1.340811,864.4022162706004,11.187259054408116,6.71235543264487,4.474903621763247,9,6,557,602,87,54,61.888888888888886,10.35422022864155,319,54,100.33333333333331,97.88542054645092,319,54,77.26666666666667,65.2047714682156,4251.662222222223,180,120,20,2,0.0957722142857142,1.011353,0.0,0.2622125695116133,1.340811,1.011353,0.0,0.167601375,0.3352289843815483,0.326407,0.255507,0.0,0.0652814,0.097035063836945,2,2,0,0,2,4,0,4,12,0,0,0.6666666666666666,77.26666666666667,65535,65535,0,0,0,0,0,0,0,0,0.0,0.0,0.0,0.0,0.0,0.0,61.888888888888886,100.33333333333331,0,9,6,557,602,1
0.124639,7975.031892104397,112.3243928465408,64.18536734088046,48.13902550566035,8,6,512,482,108,54,64.0,17.349351572897472,199,54,80.33333333333333,53.24367463735847,199,54,71.0,38.10886660982867,1452.2857142857142,160,120,20,2,0.0095876153846153,0.054316,0.0,0.018441553027954,0.124639,0.107893,0.0,0.0178055714285714,0.0368653020869107,0.118946,0.05989,0.0,0.0237891999999999,0.0259498657984969,2,2,0,0,2,3,0,4,12,0,0,0.75,71.0,65535,65535,0,0,0,0,0,0,0,0,0.0,0.0,0.0,0.0,0.0,0.0,64.0,80.33333333333333,0,8,6,512,482,0
0.314492,1001.6153034099436,15.898655609681644,9.539193365808988,6.359462243872659,3,2,194,121,77,40,64.66666666666667,17.441967269268172,81,40,60.5,20.5,81,40,63.0,18.83613548475377,354.8,60,40,20,2,0.078623,0.312567,0.0,0.1350683209509172,0.314492,0.314492,0.0,0.157246,0.157246,0.0,0.0,0.0,0.0,0.0,2,1,0,0,0,0,0,3,5,0,0,0.6666666666666666,63.0,97,4095,0,0,0,0,0,0,0,0,0.0,0.0,0.0,0.0,0.0,0.0,64.66666666666667,60.5,0,3,2,194,121,3
0.093911,2427.830605573362,31.945139547017924,21.29675969801195,10.648379849005975,2,1,152,76,76,76,76.0,0.0,76,76,76.0,0.0,76,76,76.0,0.0,0.0,40,20,20,2,0.0469555,0.093911,0.0,0.0469555,0.0,0.0,0.0,0.0,0.0,0.0,0.0,0.0,0.0,0.0,0,0,0,0,0,0,0,0,0,0,0,0.5,76.0,0,0,0,0,0,0,0,0,0,0,0.0,0.0,0.0,0.0,0.0,0.0,76.0,76.0,0,2,1,152,76,4
0.390807,36319.717917028094,43.49973260458487,23.029270202427284,20.470462402157587,9,8,2197,11997,1763,40,244.11111111111111,537.4893165748495,7040,40,1499.625,2414.9619012263943,7040,40,834.9411764705883,1813.8768837715995,3290149.349480969,180,160,20,2,0.0244254374999999,0.203498,0.0,0.0549448245765339,0.390781,0.203774,0.0,0.048847625,0.0698544081177729,0.299628,0.203498,0.000135,0.042804,0.0724191498391728,2,3,0,0,1,3,2,5,14,0,0,0.8888888888888888,834.9411764705883,65535,4096,0,0,0,0,0,0,0,0,0.0,0.0,0.0,0.0,0.0,0.0,244.11111111111111,1499.625,0,9,8,2197,11997,4
0.026552,15328.412172341066,112.98583910816512,75.32389273877675,37.66194636938837,2,1,172,235,86,86,86.0,0.0,235,235,235.0,0.0,235,86,135.66666666666666,70.23927359786371,4933.555555555556,40,20,20,2,0.013276,0.026552,0.0,0.013276,0.0,0.0,0.0,0.0,0.0,0.0,0.0,0.0,0.0,0.0,0,0,0,0,0,0,0,0,0,0,0,0.5,135.66666666666666,0,0,0,0,0,0,0,0,0,0,0.0,0.0,0.0,0.0,0.0,0.0,86.0,235.0,0,2,1,172,235,0
10.114826,429.171989710945,1.285242079300227,0.7909182026462936,0.4943238766539335,8,5,2641,1700,2088,40,330.125,666.3783530210146,1532,40,340.0,596.0080536368615,2088,40,333.9230769230769,640.2468828552913,409916.0710059172,160,100,20,3,0.8429021666666666,10.004983,0.0,2.762507338491364,10.114826,10.0478,0.0,1.444975142857143,3.512108254443941,10.058264,10.004983,0.002439,2.514566,4.324609925260485,2,1,0,0,1,3,0,3,11,0,0,0.625,333.9230769230769,65535,4096,0,0,0,0,0,0,0,0,0.0,0.0,0.0,0.0,0.0,0.0,330.125,340.0,0,8,5,2641,1700,5
0.129944,7649.448993412547,107.73871821707812,61.564981838330354,46.17373637874777,8,6,512,482,108,54,64.0,17.349351572897472,199,54,80.33333333333333,53.24367463735847,199,54,71.0,38.10886660982867,1452.2857142857142,160,120,20,2,0.0099956923076923,0.055353,0.0,0.0190598124310111,0.129944,0.113276,0.0,0.0185634285714285,0.0387922515195906,0.120574,0.056725,0.0,0.0241148,0.0261205444767141,2,2,0,0,2,3,0,4,12,0,0,0.75,71.0,65535,65535,0,0,0,0,0,0,0,0,0.0,0.0,0.0,0.0,0.0,0.0,64.0,80.33333333333333,0,8,6,512,482,0
0.024446,9326.679211322917,122.71946330688048,81.81297553792032,40.90648776896016,2,1,152,76,76,76,76.0,0.0,76,76,76.0,0.0,76,76,76.0,0.0,0.0,40,20,20,2,0.012223,0.024446,0.0,0.012223,0.0,0.0,0.0,0.0,0.0,0.0,0.0,0.0,0.0,0.0,0,0,0,0,0,0,0,0,0,0,0,0.5,76.0,0,0,0,0,0,0,0,0,0,0,0.0,0.0,0.0,0.0,0.0,0.0,76.0,76.0,0,2,1,152,76,4
0.01279,23377.638780297108,234.5582486317436,156.3721657544957,78.18608287724786,2,1,166,133,83,83,83.0,0.0,133,133,133.0,0.0,133,83,99.66666666666669,23.570226039551585,555.5555555555555,40,20,20,2,0.006395,0.01279,0.0,0.006395,0.0,0.0,0.0,0.0,0.0,0.0,0.0,0.0,0.0,0.0,0,0,0,0,0,0,0,0,0,0,0,0.5,99.66666666666669,0,0,0,0,0,0,0,0,0,0,0.0,0.0,0.0,0.0,0.0,0.0,83.0,133.0,0,2,1,166,133,5
67.456962,517.4558557795709,0.4002552027172525,0.1778912012076677,0.2223640015095847,12,15,3648,31258,1366,40,304.0,467.654965403626,9840,40,2083.866666666667,2728.987476865529,9840,40,1292.8148148148148,2239.8289127295056,5016833.55829904,240,300,20,4,2.5944985384615387,62.589512,0.0,12.031823919410886,4.86745,4.629399,0.0,0.4424954545454546,1.3246280978073095,67.430581,62.590097,0.000105,4.816470071428571,16.06726848990377,4,8,0,0,0,3,1,12,25,0,0,1.25,1292.8148148148148,65535,4096,0,0,0,0,0,0,0,0,0.0,0.0,15216.0,4.0,0.0,6371859.296482412,304.0,2083.866666666667,0,12,15,3648,31258,4
18.818195,1183.7479630750984,3.1884035636786634,1.487921663050043,1.7004819006286205,28,32,6995,15281,1372,54,249.82142857142856,329.3397131893958,1372,54,477.53125,531.9744463068104,1372,54,371.26666666666665,463.09156282052425,214453.79555555555,560,640,20,13,0.3189524576271186,6.011132,0.0,1.1179225966635131,18.500844,6.011255,0.0,0.6852164444444445,1.5932078543679735,18.503034,6.011229,0.0,0.5968720645161291,1.5542396138370216,12,16,0,0,2,3,0,28,58,0,0,1.1428571428571428,371.26666666666665,65535,42340,0,0,0,0,0,0,0,0,1162.0,4.0,3132.0,5.0,1384982.1215733015,1440662.3735050596,249.82142857142856,477.53125,0,28,32,6995,15281,1
6.135951,11932.62462493589,19.88281849056487,9.941409245282436,9.941409245282436,61,61,41873,31345,1278,59,686.4426229508197,583.2514719182109,1278,49,513.8524590163935,563.1099486754181,1278,49,600.1475409836065,579.7278569016015,336084.3880677238,1220,1220,20,61,0.0507103388429752,5.647046,0.0,0.5117082848164026,6.104593,5.647046,0.0,0.1017432166666666,0.723113716689846,6.116581999999999,5.657111,1.8e-05,0.1019430333333333,0.7244042176620491,0,0,0,0,0,0,0,0,0,0,0,1.0,600.1475409836065,0,0,0,0,0,0,0,0,0,0,11963.0,14.0,4087.857142857143,7.0,1471825.787401575,3595752.70168384,686.4426229508197,513.8524590163935,0,61,61,41873,31345,5
11.119771,252690.9951652781,218.25989042400244,20.054369824702324,198.2055205993001,223,2204,36678,2773188,1278,59,164.47533632286996,318.3902871512276,1278,49,1258.2522686025409,149.34967273250774,1278,49,1157.7527812113722,359.71393527673223,129394.11523227308,4460,44080,20,223,0.0045835824402308,6.535592,0.0,0.1460034899317302,11.112812,6.535592,0.0,0.0500577117117117,0.4804896283081277,11.107915,6.546115,1.1e-05,0.0050421765773944,0.153657059622041,0,0,0,0,0,0,0,0,0,0,0,9.883408071748878,1157.7527812113722,0,0,0,0,0,0,0,0,0,0,2116.2,5.7,21387.67741935484,17.274193548387096,21469.747358638728,7800624.738956768,164.47533632286996,1258.2522686025409,0,223,2204,36678,2773188,5
1.201702,878.7536344285022,12.48229594358668,7.489377566152007,4.992918377434672,9,6,563,493,93,54,62.55555555555556,12.010283659441471,210,54,82.16666666666667,57.33066854272289,210,54,70.4,38.64677649343258,1493.5733333333333,180,120,20,2,0.0858358571428571,1.011276,0.0,0.2587614091554659,1.201702,1.011276,0.0,0.15021275,0.3304500951636835,0.1857889999999999,0.124747,0.0,0.0371578,0.0474248967163872,2,2,0,0,2,4,0,4,12,0,0,0.6666666666666666,70.4,65535,65535,0,0,0,0,0,0,0,0,0.0,0.0,0.0,0.0,0.0,0.0,62.55555555555556,82.16666666666667,0,9,6,563,493,1
0.014494,20629.22588657376,206.98219953084035,137.98813302056024,68.99406651028012,2,1,166,133,83,83,83.0,0.0,133,133,133.0,0.0,133,83,99.66666666666669,23.570226039551585,555.5555555555555,40,20,20,2,0.007247,0.014494,0.0,0.007247,0.0,0.0,0.0,0.0,0.0,0.0,0.0,0.0,0.0,0.0,0,0,0,0,0,0,0,0,0,0,0,0.5,99.66666666666669,0,0,0,0,0,0,0,0,0,0,0.0,0.0,0.0,0.0,0.0,0.0,83.0,133.0,0,2,1,166,133,5
0.135983,7250.906363295412,102.95404572630405,58.83088327217373,44.123162454130295,8,6,497,489,93,54,62.125,12.673175411079892,206,54,81.5,55.84427753434844,206,54,70.42857142857143,38.99031800279632,1520.2448979591832,160,120,20,2,0.0104602307692307,0.071342,0.0,0.0212810307195212,0.135983,0.122143,0.0,0.0194261428571428,0.0419858926934429,0.131757,0.071342,0.0,0.0263514,0.0291504038709586,2,2,0,0,2,3,0,4,12,0,0,0.75,70.42857142857143,65535,65535,0,0,0,0,0,0,0,0,0.0,0.0,0.0,0.0,0.0,0.0,62.125,81.5,0,8,6,497,489,0
0.035928,10159.20730349588,83.500334001336,55.666889334224,27.833444667112,2,1,148,217,74,74,74.0,0.0,217,217,217.0,0.0,217,74,121.66666666666669,67.41084647311753,4544.222222222223,40,20,20,2,0.017964,0.035928,0.0,0.017964,0.0,0.0,0.0,0.0,0.0,0.0,0.0,0.0,0.0,0.0,0,0,0,0,0,0,0,0,0,0,0,0.5,121.66666666666669,0,0,0,0,0,0,0,0,0,0,0.0,0.0,0.0,0.0,0.0,0.0,74.0,217.0,0,2,1,148,217,3
3.011046,87.6771726503016,1.3284420098530545,1.3284420098530545,0.0,4,0,264,0,66,66,66.0,0.0,0,0,0.0,0.0,66,66,66.0,0.0,0.0,80,0,20,0,1.003682,2.005549,0.0,0.8187629565464395,3.011046,2.005549,0.0,1.003682,0.8187629565464395,0.0,0.0,0.0,0.0,0.0,0,0,0,0,0,4,0,0,0,0,0,0.0,66.0,65535,0,0,0,0,0,0,0,0,0,0.0,0.0,0.0,0.0,0.0,0.0,66.0,0.0,0,4,0,264,0,1
0.031795,11920.113225349898,94.35445824815224,62.902972165434825,31.451486082717413,2,1,158,221,79,79,79.0,0.0,221,221,221.0,0.0,221,79,126.33333333333331,66.9394419523265,4480.88888888889,40,20,20,2,0.0158975,0.031795,0.0,0.0158975,0.0,0.0,0.0,0.0,0.0,0.0,0.0,0.0,0.0,0.0,0,0,0,0,0,0,0,0,0,0,0,0.5,126.33333333333331,0,0,0,0,0,0,0,0,0,0,0.0,0.0,0.0,0.0,0.0,0.0,79.0,221.0,0,2,1,158,221,0
0.080803,128448.20118064924,173.26089377869633,74.25466876229844,99.0062250163979,6,8,3743,6636,1372,78,623.8333333333334,560.6449906630359,1372,85,829.5,571.1545325041201,1372,78,741.3571428571429,575.741832910607,331478.65816326527,120,160,20,6,0.0062156153846153,0.033575,0.0,0.0109435987087532,0.0608,0.036947,0.0,0.01216,0.0153311371659117,0.047228,0.024073,0.0,0.0067468571428571,0.009928265399189,4,6,0,0,0,0,0,10,14,0,0,1.3333333333333333,741.3571428571429,255,139,0,0,0,0,0,0,0,0,0.0,0.0,5932.0,5.0,0.0,2278033.7941628266,623.8333333333334,829.5,0,6,8,3743,6636,2
0.031677,11680.399027685704,94.70593806231652,63.13729204154434,31.56864602077217,2,1,158,212,79,79,79.0,0.0,212,212,212.0,0.0,212,79,123.33333333333331,62.69680126520721,3930.8888888888887,40,20,20,2,0.0158385,0.031677,0.0,0.0158385,0.0,0.0,0.0,0.0,0.0,0.0,0.0,0.0,0.0,0.0,0,0,0,0,0,0,0,0,0,0,0,0.5,123.33333333333331,0,0,0,0,0,0,0,0,0,0,0.0,0.0,0.0,0.0,0.0,0.0,79.0,212.0,0,2,1,158,212,0
26.689797,404.1244674884564,1.1989600370508626,0.5620125173675918,0.6369475196832708,15,17,4663,6123,1372,54,310.8666666666667,430.0182735135282,1372,54,360.1764705882353,485.9741260716178,1372,54,337.0625,461.24884400261647,212750.49609375,300,340,20,7,0.8609611935483871,26.510516,0.0,4.682957846903361,26.689797,26.516145,0.0,1.906414071428572,6.825530260382637,26.663106,26.540311,0.0,1.666444125,6.422413989087677,6,7,0,0,2,3,0,13,30,0,0,1.1333333333333333,337.0625,65535,65535,0,0,0,0,0,0,0,0,0.0,0.0,4321.0,4.0,0.0,0.0,310.8666666666667,360.1764705882353,0,15,17,4663,6123,0
105.956787,128.59959598435162,0.5285173473597307,0.3208855323255508,0.2076318150341799,34,22,6759,6867,1372,54,198.7941176470588,254.6701187363029,1372,54,312.1363636363636,365.67786313472254,1372,54,243.32142857142856,308.1793371180661,94974.50382653062,680,440,20,19,1.926487036363636,45.004242,0.0,8.40420687769835,105.720851,45.240862,0.0,3.2036621515151515,10.690679515073278,105.694521,45.240831,0.0,5.033072428571429,13.11373285916762,16,14,0,0,0,3,0,30,54,0,0,0.6470588235294118,243.32142857142856,65535,35844,0,0,0,0,0,0,0,0,1407.0,5.0,0.0,0.0,846061.3349368611,0.0,198.7941176470588,312.1363636363636,0,34,22,6759,6867,1
0.362688,636.9110640550556,8.271572260455267,5.514381506970178,2.757190753485089,2,1,124,107,62,62,62.0,0.0,107,107,107.0,0.0,107,62,77.0,21.213203435596427,450.0,40,20,20,2,0.181344,0.362688,0.0,0.181344,0.0,0.0,0.0,0.0,0.0,0.0,0.0,0.0,0.0,0.0,0,0,0,0,0,0,0,0,0,0,0,0.5,77.0,0,0,0,0,0,0,0,0,0,0,0.0,0.0,0.0,0.0,0.0,0.0,62.0,107.0,0,2,1,124,107,4
0.310543,6739.807369671833,19.320995804123744,9.660497902061872,9.660497902061872,3,3,1707,386,807,93,569.0,336.5828278447966,205,88,128.66666666666666,54.01440137181524,807,88,348.8333333333333,326.460011163525,106576.13888888888,60,60,20,3,0.0621086,0.310019,0.0,0.1239553661341048,0.310543,0.310543,0.0,0.1552715,0.1552715,0.0,0.0,0.0,0.0,0.0,3,3,0,0,0,0,0,6,6,0,0,1.0,348.8333333333333,253,1045,0,0,0,0,0,0,0,0,0.0,0.0,0.0,0.0,0.0,0.0,569.0,128.66666666666666,0,3,3,1707,386,2
0.116508,8282.69303395475,120.1634222542658,68.66481271672332,51.498609537542485,8,6,512,453,108,54,64.0,17.349351572897472,170,54,75.5,42.48038763162753,170,54,68.92857142857143,31.269483722071552,977.7806122448976,160,120,20,2,0.0089621538461538,0.050104,0.0,0.0171000419920588,0.116508,0.100818,0.0,0.016644,0.0344409736837638,0.111479,0.051753,0.0,0.0222958,0.0234602482032906,2,2,0,0,2,3,0,4,12,0,0,0.75,68.92857142857143,65535,65535,0,0,0,0,0,0,0,0,0.0,0.0,0.0,0.0,0.0,0.0,64.0,75.5,0,8,6,512,453,0
0.251929,39360.29595640041,83.35681878624533,35.72435090839085,47.63246787785448,9,12,4861,5055,1292,73,540.1111111111111,547.6597574010192,1292,66,421.25,462.2056045022965,1292,66,472.1904761904762,504.06194054827927,254078.43990929704,180,240,20,9,0.01259645,0.12628,0.0,0.0292456990709317,0.202677,0.126635,0.0,0.025334625,0.0414855492549438,0.2178,0.12653,0.0,0.0197999999999999,0.0368478873897935,0,0,0,0,0,0,0,0,0,0,0,1.3333333333333333,472.1904761904762,0,0,0,0,0,0,0,0,0,0,0.0,0.0,3823.0,6.0,0.0,998433.011230086,540.1111111111111,421.25,0,9,12,4861,5055,3
0.969004,7079.434140622743,14.447824776781108,7.223912388390554,7.223912388390554,7,7,2202,4658,1372,54,314.57142857142856,462.0534468598866,1372,54,665.4285714285714,620.2761728554829,1372,54,490.0,574.3632499186755,329893.14285714284,140,140,20,2,0.0745387692307692,0.337204,0.0,0.1286255769529731,0.713923,0.337375,0.0,0.1189871666666666,0.1513452648190186,0.6318,0.376483,0.0,0.1053,0.1529693214220855,1,1,0,0,2,3,1,2,12,0,0,1.0,490.0,65535,26883,0,0,0,0,0,0,0,0,0.0,0.0,4268.0,4.0,0.0,0.0,314.57142857142856,665.4285714285714,0,7,7,2202,4658,0
0.025164,10729.61373390558,119.21793037672866,79.47862025115245,39.73931012557623,2,1,142,128,71,71,71.0,0.0,128,128,128.0,0.0,128,71,90.0,26.87005768508881,722.0,40,20,20,2,0.012582,0.025164,0.0,0.012582,0.0,0.0,0.0,0.0,0.0,0.0,0.0,0.0,0.0,0.0,0,0,0,0,0,0,0,0,0,0,0,0.5,90.0,0,0,0,0,0,0,0,0,0,0,0.0,0.0,0.0,0.0,0.0,0.0,71.0,128.0,0,2,1,142,128,3
0.187459,1680.367440346956,16.00349943187577,10.668999621250514,5.334499810625257,2,1,172,143,86,86,86.0,0.0,143,143,143.0,0.0,143,86,105.0,26.87005768508881,722.0,40,20,20,2,0.0937295,0.187459,0.0,0.0937295,0.0,0.0,0.0,0.0,0.0,0.0,0.0,0.0,0.0,0.0,0,0,0,0,0,0,0,0,0,0,0,0.5,105.0,0,0,0,0,0,0,0,0,0,0,0.0,0.0,0.0,0.0,0.0,0.0,86.0,143.0,0,2,1,172,143,1
0.141423,52919.25641515171,84.8518274962347,42.42591374811735,42.42591374811735,6,6,3794,3690,1372,85,632.3333333333334,554.276304943863,1372,85,615.0,546.9296115589282,1372,85,623.6666666666666,550.6834137889231,303252.22222222225,120,120,20,6,0.0128566363636363,0.042662,0.0,0.016635418672616,0.107994,0.044667,0.0,0.0215987999999999,0.0182994748055784,0.098761,0.034467,0.0,0.0197521999999999,0.0161857982985084,4,5,0,0,0,0,0,9,12,0,0,1.0,623.6666666666666,255,288,0,0,0,0,0,0,0,0,0.0,0.0,0.0,0.0,0.0,0.0,632.3333333333334,615.0,0,6,6,3794,3690,2
0.063894,5963.001220771903,46.952765517889,31.301843678592665,15.650921839296332,2,1,162,219,81,81,81.0,0.0,219,219,219.0,0.0,219,81,127.0,65.05382386916237,4232.0,40,20,20,2,0.031947,0.063894,0.0,0.031947,0.0,0.0,0.0,0.0,0.0,0.0,0.0,0.0,0.0,0.0,0,0,0,0,0,0,0,0,0,0,0,0.5,127.0,0,0,0,0,0,0,0,0,0,0,0.0,0.0,0.0,0.0,0.0,0.0,81.0,219.0,0,2,1,162,219,0
0.063689,4003.8311168333626,47.10389549215721,31.40259699477147,15.701298497385736,2,1,132,123,66,66,66.0,0.0,123,123,123.0,0.0,123,66,85.0,26.87005768508881,722.0,40,20,20,2,0.0318445,0.063689,0.0,0.0318445,0.0,0.0,0.0,0.0,0.0,0.0,0.0,0.0,0.0,0.0,0,0,0,0,0,0,0,0,0,0,0,0.5,85.0,0,0,0,0,0,0,0,0,0,0,0.0,0.0,0.0,0.0,0.0,0.0,66.0,123.0,0,2,1,132,123,1
35.945352,302.3200329210853,0.4729401453628831,0.2503800769568204,0.2225600684060626,9,8,2189,8678,1765,40,243.22222222222223,538.3955129782025,6374,40,1084.75,2053.2612930409027,6374,40,639.2352941176471,1521.1293609920135,2313834.5328719723,180,160,20,2,2.2465844999999995,35.833588,0.0,8.672133912702469,35.926703,35.833588,0.0,4.490837875,11.846458451187484,35.928331,35.874735,0.000821,5.132618714285714,12.550418109287024,2,3,0,0,2,3,0,5,15,0,0,0.8888888888888888,639.2352941176471,65535,4096,0,0,0,0,0,0,0,0,0.0,0.0,0.0,0.0,0.0,0.0,243.22222222222223,1084.75,0,9,8,2189,8678,1
31.884421,16.55981145149225,0.250906234113519,0.0627265585283797,0.1881796755851392,2,6,132,396,66,66,66.0,0.0,66,66,66.0,0.0,66,66,66.0,0.0,0.0,40,120,20,0,4.554917285714286,16.122222,0.0,5.410052082566164,0.0,0.0,0.0,0.0,0.0,31.566972,16.122222,1.012011,6.3133944,5.490282815904536,0,0,0,0,0,8,0,0,6,0,0,3.0,66.0,65535,26883,0,0,0,0,0,0,0,0,0.0,0.0,0.0,0.0,0.0,0.0,66.0,66.0,0,2,6,132,396,0
1.188227,21091.0878140288,19.35657075626122,10.099080394571072,9.257490361690149,12,11,11727,13334,1372,142,977.25,423.3348015066404,1372,157,1212.1818181818182,348.5452411437674,1372,142,1089.608695652174,406.6634907475643,165375.19470699434,240,220,20,12,0.0540103181818181,0.493015,0.0,0.1414185402128879,0.6952119999999999,0.587011,0.0,0.0632010909090909,0.1685008565996325,1.083616,0.498695,0.0,0.1083616,0.1954573402777189,6,4,0,0,0,0,0,10,23,0,0,0.9166666666666666,1089.608695652174,255,16385,0,0,0,0,0,0,0,0,8083.0,8.0,5733.0,5.0,52487012.98701298,23301.13660611405,977.25,1212.1818181818182,0,12,11,11727,13334,2
1.465673,1578264.046618857,1356.3734884929995,115.3053921304411,1241.0680963625584,169,1819,26700,2286519,1278,59,157.98816568047337,310.5525327534681,1278,49,1257.0197910940076,152.28848251354566,1278,49,1163.591046277666,351.2421909745976,123371.07672063568,3380,36380,20,169,0.000737631102164,0.849695,0.0,0.0192254230927545,1.465673,0.849695,0.0,0.008724244047619,0.0656816307663334,1.436636,0.864103,1e-05,0.0007902288228822,0.0204419639216769,0,0,0,0,0,0,0,0,0,0,0,10.763313609467456,1163.591046277666,0,0,0,0,0,0,0,0,0,0,2000.2857142857144,6.285714285714286,23750.52688172043,19.225806451612904,16007.13358902982,13432738.971258985,157.98816568047337,1257.0197910940076,0,169,1819,26700,2286519,5
0.279431,3227.988304805122,50.10181404353848,28.62960802487913,21.47220601865935,8,6,503,399,99,54,62.875,14.520997727429062,116,54,66.5,22.55179224215524,116,54,64.42857142857143,18.484411523977577,341.6734693877551,160,120,20,2,0.0214946923076923,0.224349,0.0,0.0594507334099609,0.279431,0.267593,0.0,0.0399187142857142,0.0929700573083526,0.273732,0.224349,0.001088,0.0547463999999999,0.0861663761234044,2,2,0,0,2,3,0,4,12,0,0,0.75,64.42857142857143,65535,65535,0,0,0,0,0,0,0,0,0.0,0.0,0.0,0.0,0.0,0.0,62.875,66.5,0,8,6,503,399,1
0.114041,71553.2133180172,105.22531370296647,52.61265685148324,52.61265685148324,6,6,3736,4424,1372,78,622.6666666666666,560.6174175753808,1372,125,737.3333333333334,508.0527094264488,1372,78,680.0,538.0444529342658,289491.8333333333,120,120,20,6,0.0103673636363636,0.061631,0.0,0.0215437893403295,0.114041,0.062865,0.0,0.0228082,0.0280278063172985,0.051518,0.051518,0.0,0.0103036,0.0206072,4,5,0,0,0,0,0,9,12,0,0,1.0,680.0,255,83,0,0,0,0,0,0,0,0,0.0,0.0,0.0,0.0,0.0,0.0,622.6666666666666,737.3333333333334,0,6,6,3736,4424,2
1.298729,774.6034777078205,11.549753643754778,7.699835762503185,3.8499178812515926,10,5,664,342,98,54,66.4,16.119553343687908,113,54,68.4,22.75609808381041,113,54,67.06666666666666,18.620657584760234,346.72888888888883,200,100,20,3,0.0927663571428571,1.012787,0.0,0.260713576399084,1.298729,1.012787,0.0,0.1443032222222222,0.3137227432586429,0.282352,0.213557,0.006689,0.070588,0.0845859008552843,3,2,0,0,2,4,0,5,12,0,0,0.5,67.06666666666666,65535,65535,0,0,0,0,0,0,0,0,0.0,0.0,0.0,0.0,0.0,0.0,66.4,68.4,0,10,5,664,342,1
0.168615,5930.670462295763,83.02938647214069,47.4453636983661,35.58402277377458,8,6,505,495,101,54,63.125,15.144615379731505,212,54,82.5,58.07394711342887,212,54,71.42857142857143,40.84590254973001,1668.387755102041,160,120,20,2,0.0129703846153846,0.095761,0.0,0.0263743835933466,0.168615,0.151021,0.0,0.0240878571428571,0.051892976740399,0.161898,0.095761,0.0,0.0323795999999999,0.0358862302762494,2,2,0,0,2,3,0,4,12,0,0,0.75,71.42857142857143,65535,65535,0,0,0,0,0,0,0,0,0.0,0.0,0.0,0.0,0.0,0.0,63.125,82.5,0,8,6,505,495,3
0.362896,2722.543097747013,38.578545919492086,22.044883382566905,16.53366253692518,8,6,540,448,136,54,67.5,26.3581107061944,165,54,74.66666666666667,40.62702986381795,165,54,70.57142857142857,33.42093929968859,1116.9591836734694,160,120,20,2,0.0279150769230769,0.291227,0.0,0.0769944085506928,0.362896,0.34456,0.0,0.0518422857142857,0.1195383780127468,0.35794,0.291227,0.0,0.071588,0.1116453220641151,2,2,0,0,2,3,0,4,12,0,0,0.75,70.57142857142857,65535,65535,0,0,0,0,0,0,0,0,0.0,0.0,0.0,0.0,0.0,0.0,67.5,74.66666666666667,0,8,6,540,448,3
0.255467,97793.45277472238,117.43199708768648,31.315199223383058,86.11679786430341,8,22,3187,21796,571,118,398.375,132.37724266277797,1372,127,990.7272727272727,508.80092390373,1372,118,832.7666666666667,512.9658002461979,263133.9122222222,160,440,20,8,0.0088092068965517,0.044526,0.0,0.0155980889067667,0.217036,0.073084,0.0,0.0310051428571428,0.023298988515314,0.2215639999999999,0.08428,0.0,0.0105506666666666,0.0213112457242053,8,11,0,0,0,0,0,19,30,0,0,2.75,832.7666666666667,255,16,0,0,0,0,0,0,0,0,0.0,0.0,12722.0,15.0,0.0,0.0,398.375,990.7272727272727,0,8,22,3187,21796,2
0.897417,1176.7104924466553,14.486019319892536,7.800164249172904,6.685855070719632,7,6,448,608,98,54,64.0,14.774495398683309,325,54,101.33333333333331,100.11937319464646,325,54,81.23076923076923,71.34655815767671,5090.331360946746,140,120,20,2,0.07478475,0.793725,0.0,0.2174530671252707,0.897417,0.799525,0.0,0.1495695,0.2926419556538616,0.89367,0.847591,0.0,0.178734,0.3347577758505394,2,2,0,0,1,3,1,4,11,0,0,0.8571428571428571,81.23076923076923,65535,65535,0,0,0,0,0,0,0,0,0.0,0.0,0.0,0.0,0.0,0.0,64.0,101.33333333333331,0,7,6,448,608,3
57.683104,396.7192888926365,0.7801244537741936,0.364058078427957,0.4160663753462366,21,24,10281,12603,1294,73,489.57142857142856,505.71736614612,1294,68,525.125,555.8049952171475,1294,68,508.53333333333336,533.3118579009638,284421.53777777776,420,480,20,21,1.3109796363636363,29.013628,0.0,5.855709301456369,57.631023,29.059192,0.0,2.88155115,8.437303913352828,57.655434,29.068207,0.0,2.5067580000000005,7.929004934289728,0,0,0,0,0,0,0,0,0,0,0,1.1428571428571428,508.53333333333336,0,0,0,0,0,0,0,0,0,0,1860.0,4.0,4149.0,4.0,547703.1802120141,0.0,489.57142857142856,525.125,0,21,24,10281,12603,2
0.088561,142387.73274917854,304.8746062036337,158.08312914262487,146.7914770610088,14,13,2462,10148,1838,40,175.85714285714286,461.3102236553831,1440,40,780.6153846153846,659.016812959513,1838,40,467.037037037037,640.906446138851,410761.072702332,280,260,20,2,0.0034061923076923,0.035483,0.0,0.0081577914668655,0.088553,0.036953,0.0,0.0068117692307692,0.010911365853682,0.069572,0.035483,0.000135,0.0057976666666666,0.010331744385899,2,8,0,0,1,3,2,10,24,0,0,0.9285714285714286,467.037037037037,65535,4096,0,0,0,0,0,0,0,0,0.0,0.0,9379.0,7.0,0.0,1518374.6155091468,175.85714285714286,780.6153846153846,0,14,13,2462,10148,1
59.355199,11.692320330692514,0.1179340667360916,0.0842386190972083,0.0336954476388833,5,2,508,186,117,88,101.6,12.705904139414873,93,93,93.0,0.0,117,88,99.14285714285714,11.419639366692197,130.40816326530611,100,40,20,5,9.892533166666666,59.329952,0.0,22.109087685761786,59.355199,59.355199,0.0,14.83879975,25.70155509034036,0.0,0.0,0.0,0.0,0.0,5,2,0,0,0,0,0,7,7,0,0,0.4,99.14285714285714,1041,250,0,0,0,0,0,0,0,0,0.0,0.0,0.0,0.0,0.0,0.0,101.6,93.0,0,5,2,508,186,2
0.000424,816037.7358490566,7075.471698113208,4716.981132075472,2358.490566037736,2,1,226,120,113,113,113.0,0.0,120,120,120.0,0.0,120,113,115.33333333333331,3.2998316455372216,10.888888888888888,40,20,20,2,0.000212,0.000424,0.0,0.000212,0.0,0.0,0.0,0.0,0.0,0.0,0.0,0.0,0.0,0.0,2,1,0,0,0,0,0,3,3,0,0,0.5,115.33333333333331,301,255,0,0,0,0,0,0,0,0,0.0,0.0,0.0,0.0,0.0,0.0,113.0,120.0,0,2,1,226,120,2
58.84301,306.8333859875625,0.8157298547440044,0.5098311592150028,0.3058986955290017,30,18,15143,2912,1372,93,504.76666666666665,507.6812440454695,346,93,161.77777777777777,84.02549583678328,1372,93,376.1458333333333,437.38708016962,191307.4578993056,600,360,20,30,1.2519789361702125,36.500073,0.0,5.620532707377082,58.84301,36.500073,0.0,2.029069310344828,7.044261471939667,58.508589,36.822413,0.0,3.441681705882353,9.048919612247126,23,18,0,0,0,0,0,41,48,0,0,0.6,376.1458333333333,253,802,0,0,0,0,0,0,0,0,1958.4,4.4,0.0,0.0,2360086.7678958783,0.0,504.76666666666665,161.77777777777777,0,30,18,15143,2912,2
115.169644,10.87092011849928,0.0955112789963994,0.0434142177256361,0.0520970612707633,5,6,917,335,265,63,183.4,98.30890091949966,67,49,55.833333333333336,7.646713164636307,265,49,113.8181818181818,91.97610181881554,8459.603305785124,100,120,20,5,11.5169644,115.051947,0.0,34.511664064198115,115.132089,115.090528,0.0,28.78302225,49.82966267680496,115.143382,115.064368,0.000244,23.0286764,46.01784910585503,0,0,0,0,0,0,0,0,0,0,0,1.2,113.8181818181818,0,0,0,0,0,0,0,0,0,0,0.0,0.0,0.0,0.0,0.0,0.0,183.4,55.833333333333336,0,5,6,917,335,5
0.032606,8771.391768386186,92.00760596209284,61.33840397472857,30.66920198736429,2,1,180,106,90,90,90.0,0.0,106,106,106.0,0.0,106,90,95.33333333333331,7.542472332656507,56.88888888888889,40,20,20,2,0.016303,0.032606,0.0,0.016303,0.0,0.0,0.0,0.0,0.0,0.0,0.0,0.0,0.0,0.0,0,0,0,0,0,0,0,0,0,0,0,0.5,95.33333333333331,0,0,0,0,0,0,0,0,0,0,0.0,0.0,0.0,0.0,0.0,0.0,90.0,106.0,0,2,1,180,106,3
0.104395,2184.01264428373,28.7370084774175,19.158005651611667,9.579002825805834,2,1,152,76,76,76,76.0,0.0,76,76,76.0,0.0,76,76,76.0,0.0,0.0,40,20,20,2,0.0521975,0.104395,0.0,0.0521975,0.0,0.0,0.0,0.0,0.0,0.0,0.0,0.0,0.0,0.0,0,0,0,0,0,0,0,0,0,0,0,0.5,76.0,0,0,0,0,0,0,0,0,0,0,0.0,0.0,0.0,0.0,0.0,0.0,76.0,76.0,0,2,1,152,76,1
0.030135,7001.825120292019,99.55201592832256,66.3680106188817,33.18400530944085,2,1,130,81,65,65,65.0,0.0,81,81,81.0,0.0,81,65,70.33333333333333,7.542472332656507,56.88888888888889,40,20,20,2,0.0150675,0.030135,0.0,0.0150675,0.0,0.0,0.0,0.0,0.0,0.0,0.0,0.0,0.0,0.0,0,0,0,0,0,0,0,0,0,0,0,0.5,70.33333333333333,0,0,0,0,0,0,0,0,0,0,0.0,0.0,0.0,0.0,0.0,0.0,65.0,81.0,0,2,1,130,81,4
0.012253,19423.8145760222,244.83799885742263,163.22533257161513,81.61266628580756,2,1,148,90,74,74,74.0,0.0,90,90,90.0,0.0,90,74,79.33333333333333,7.542472332656507,56.88888888888889,40,20,20,2,0.0061265,0.012253,0.0,0.0061265,0.0,0.0,0.0,0.0,0.0,0.0,0.0,0.0,0.0,0.0,0,0,0,0,0,0,0,0,0,0,0,0.5,79.33333333333333,0,0,0,0,0,0,0,0,0,0,0.0,0.0,0.0,0.0,0.0,0.0,74.0,90.0,0,2,1,148,90,3
0.016136,18282.102131879023,185.91968269707485,123.94645513138325,61.973227565691616,2,1,164,131,82,82,82.0,0.0,131,131,131.0,0.0,131,82,98.33333333333331,23.098821518760552,533.5555555555555,40,20,20,2,0.008068,0.016136,0.0,0.008068,0.0,0.0,0.0,0.0,0.0,0.0,0.0,0.0,0.0,0.0,0,0,0,0,0,0,0,0,0,0,0,0.5,98.33333333333331,0,0,0,0,0,0,0,0,0,0,0.0,0.0,0.0,0.0,0.0,0.0,82.0,131.0,0,2,1,164,131,5
66.433435,66.90907974275302,0.5870537930185304,0.2860005658295405,0.3010532271889899,19,20,2201,2244,425,50,115.84210526315788,131.3778252369437,376,59,112.2,109.31175600089864,425,50,113.97435897435898,120.58117537724664,14539.819855358315,380,400,20,19,1.748248289473684,53.610632,0.0,8.638562863031979,66.43276,53.720971,0.0,3.690708888888888,12.291638862224596,66.404802,53.610632,0.00099,3.494989578947368,11.96443415920358,0,0,0,0,0,0,0,0,0,0,0,1.0526315789473684,113.97435897435898,0,0,0,0,0,0,0,0,0,0,0.0,0.0,0.0,0.0,0.0,0.0,115.84210526315788,112.2,0,19,20,2201,2244,5
0.029372,12358.70897453357,102.13809069862454,68.0920604657497,34.04603023287485,2,1,166,197,83,83,83.0,0.0,197,197,197.0,0.0,197,83,121.0,53.74011537017761,2888.0,40,20,20,2,0.014686,0.029372,0.0,0.014686,0.0,0.0,0.0,0.0,0.0,0.0,0.0,0.0,0.0,0.0,0,0,0,0,0,0,0,0,0,0,0,0.5,121.0,0,0,0,0,0,0,0,0,0,0,0.0,0.0,0.0,0.0,0.0,0.0,83.0,197.0,0,2,1,166,197,3
0.10539,234443.4955878167,265.6798557737926,85.39709649871905,180.2827592750736,9,19,4253,20455,1372,78,472.55555555555554,510.2296021533641,1372,85,1076.578947368421,507.4462705070592,1372,78,882.4285714285714,581.3683629759946,337989.1734693878,180,380,20,9,0.0039033333333333,0.034114,0.0,0.0090147282492267,0.10539,0.04748,0.0,0.01317375,0.017798407897548,0.040958,0.024633,0.0,0.0022754444444444,0.0056992080465644,7,9,0,0,0,0,0,16,28,0,0,2.111111111111111,882.4285714285714,255,136,0,0,0,0,0,0,0,0,0.0,0.0,9594.0,8.5,0.0,1687005.4510286618,472.55555555555554,1076.578947368421,0,9,19,4253,20455,2
24.939309,219.97401772438843,0.3207787352889368,0.2405840514667026,0.0801946838222342,6,2,3757,1729,1372,78,626.1666666666666,558.258129263595,1372,357,864.5,507.5,1372,78,685.75,555.6785829056219,308778.6875,120,40,20,6,3.562758428571428,19.840479,0.0,6.803807660960292,24.939309,24.196133,0.0,4.987861799999999,9.608441469521797,0.0,0.0,0.0,0.0,0.0,4,1,0,0,0,0,0,5,8,0,0,0.3333333333333333,685.75,255,488,0,0,0,0,0,0,0,0,0.0,0.0,0.0,0.0,0.0,0.0,626.1666666666666,864.5,0,6,2,3757,1729,2
0.073026,141264.75501876045,178.01878782899243,82.16251745953497,95.85627036945746,6,7,3754,6562,1372,78,625.6666666666666,560.7128399536513,1372,125,937.4285714285714,529.2447063350501,1372,78,793.5384615384615,565.7608376724099,320085.325443787,120,140,20,6,0.0060855,0.032572,0.0,0.0113409068236774,0.073026,0.038739,0.0,0.0146052,0.0175167005728818,0.042851,0.03637,0.0,0.0071418333333333,0.0132837341689835,4,5,0,0,0,0,0,9,13,0,0,1.1666666666666667,793.5384615384615,255,136,0,0,0,0,0,0,0,0,0.0,0.0,5934.0,5.0,0.0,915599.4445301652,625.6666666666666,937.4285714285714,0,6,7,3754,6562,2
0.121006,98912.45062228318,140.48890137679123,74.3764771994777,66.11242417731351,9,8,4456,7513,1372,78,495.1111111111111,508.7796826054464,1372,125,939.125,493.7561233797511,1372,78,704.0588235294117,548.5302791350972,300885.4671280277,180,160,20,9,0.007562875,0.043556,0.0,0.013346538389574,0.121006,0.046393,0.0,0.01512575,0.0198567883779703,0.046744,0.028971,0.0,0.0066777142857142,0.0104131521879686,7,6,0,0,0,0,0,13,17,0,0,0.8888888888888888,704.0588235294117,255,136,0,0,0,0,0,0,0,0,0.0,0.0,5959.0,5.0,0.0,398169.1834825605,495.1111111111111,939.125,0,9,8,4456,7513,2
60.126461,120.31308478308743,0.3492638623783295,0.1829477374362678,0.1663161249420617,11,10,2298,4936,1587,40,208.9090909090909,439.6718723911058,1891,40,493.6,674.084890796404,1891,40,344.4761904761905,581.2495258818441,337851.0113378685,220,200,20,4,3.00632305,59.688256,0.0,13.003845403007748,0.438205,0.253907,0.0,0.0438205,0.0748812903591411,60.097863,59.689172,0.000444,6.677540333333333,18.742661534791683,4,4,0,0,0,3,1,8,19,0,0,0.9090909090909092,344.4761904761905,65535,4096,0,0,0,0,0,0,0,0,0.0,0.0,0.0,0.0,0.0,0.0,208.9090909090909,493.6,0,11,10,2298,4936,4
0.369667,2897.202076463412,37.87192256814917,21.64109861037096,16.230823957778217,8,6,499,572,95,54,62.375,13.284742187938765,289,54,95.33333333333331,86.71729290567649,289,54,76.5,59.913926356303605,3589.678571428572,160,120,20,2,0.028435923076923,0.300761,0.0,0.079394169611029,0.369667,0.353683,0.0,0.0528095714285714,0.1228620572080239,0.36156,0.300761,0.0,0.072312,0.1154176219353006,2,2,0,0,2,3,0,4,12,0,0,0.75,76.5,65535,65535,0,0,0,0,0,0,0,0,0.0,0.0,0.0,0.0,0.0,0.0,62.375,95.33333333333331,0,8,6,499,572,3
112.13175,249.06415890236264,0.6956102977078303,0.3032147451546952,0.3923955525531351,34,44,17480,10448,756,40,514.1176470588235,327.95083604871616,435,40,237.45454545454547,197.4546500920533,756,40,358.05128205128204,296.1351864473428,87696.04865220249,680,880,20,23,1.456256493506493,32.385019,0.0,6.033018735415013,112.13175,32.385019,0.0,3.3979318181818186,8.850541185551378,112.087064,32.389349,0.002252,2.606675906976744,7.889966091286657,23,22,0,0,0,0,0,45,78,0,0,1.2941176470588236,358.05128205128204,116,4095,0,0,0,0,0,0,0,0,0.0,0.0,0.0,0.0,0.0,0.0,514.1176470588235,237.45454545454547,0,34,44,17480,10448,3
29.534225,261377.5035573136,218.7631468237274,14.55937983813694,204.20376698559045,430,6031,54793,7664789,1278,60,127.42558139534884,253.6403016111717,1278,50,1270.8985242911624,89.32937928323584,1278,50,1194.7967806841043,304.8918859062632,92959.0620914778,8600,120620,20,430,0.0045718614551083,11.751823,0.0,0.2022589662768762,29.534225,11.751823,0.0,0.0688443473193473,0.7825920886634571,29.503647,11.765168,1e-05,0.0048928104477611,0.2098161779068079,0,0,0,0,0,0,0,0,0,0,0,14.025581395348835,1194.7967806841043,0,0,0,0,0,0,0,0,0,0,1799.375,4.375,24297.75816993464,19.52614379084968,1323313.1090273948,4822666.118354909,127.42558139534884,1270.8985242911624,0,430,6031,54793,7664789,5
0.048781,6170.435210430291,61.49935425678031,40.9995695045202,20.4997847522601,2,1,158,143,79,79,79.0,0.0,143,143,143.0,0.0,143,79,100.33333333333331,30.169889330626027,910.2222222222222,40,20,20,2,0.0243905,0.048781,0.0,0.0243905,0.0,0.0,0.0,0.0,0.0,0.0,0.0,0.0,0.0,0.0,0,0,0,0,0,0,0,0,0,0,0,0.5,100.33333333333331,0,0,0,0,0,0,0,0,0,0,0.0,0.0,0.0,0.0,0.0,0.0,79.0,143.0,0,2,1,158,143,3
0.117893,9143.884709015803,118.7517494677377,67.85814255299297,50.89360691474473,8,6,498,580,94,54,62.25,12.97834735241741,297,54,96.66666666666669,89.69516275821245,297,54,77.0,61.92160942906534,3834.285714285714,160,120,20,2,0.0090686923076923,0.055716,0.0,0.0174698113520025,0.117893,0.104295,0.0,0.0168418571428571,0.0357629023088314,0.113558,0.055716,0.0,0.0227116,0.0233470981717214,2,2,0,0,2,3,0,4,12,0,0,0.75,77.0,65535,65535,0,0,0,0,0,0,0,0,0.0,0.0,0.0,0.0,0.0,0.0,62.25,96.66666666666669,0,8,6,498,580,0
0.137894,7556.528928017173,101.52726006932862,58.0155771824735,43.51168288685513,8,6,505,537,101,54,63.125,15.144615379731505,254,54,89.5,73.6924917025699,254,54,74.42857142857143,51.27198383650288,2628.816326530613,160,120,20,2,0.0106072307692307,0.06229,0.0,0.0209646834687945,0.137894,0.123522,0.0,0.0196991428571428,0.0424500175582281,0.1318679999999999,0.06229,0.0,0.0263736,0.0290694519975867,2,2,0,0,2,3,0,4,12,0,0,0.75,74.42857142857143,65535,65535,0,0,0,0,0,0,0,0,0.0,0.0,0.0,0.0,0.0,0.0,63.125,89.5,0,8,6,505,537,3
0.149013,6992.678491138357,93.95153442988196,53.68659110278968,40.26494332709227,8,6,497,545,93,54,62.125,12.673175411079892,262,54,90.83333333333331,76.6690217029596,262,54,74.42857142857143,53.03599086026971,2812.8163265306125,160,120,20,2,0.0114625384615384,0.079501,0.0,0.0233611900632565,0.149013,0.129673,0.0,0.0212875714285714,0.0444005450895019,0.137779,0.079501,0.0,0.0275558,0.0322849247940892,2,2,0,0,2,3,0,4,12,0,0,0.75,74.42857142857143,65535,65535,0,0,0,0,0,0,0,0,0.0,0.0,0.0,0.0,0.0,0.0,62.125,90.83333333333331,0,8,6,497,545,1
0.019797,8284.083446986917,151.53811183512656,101.02540789008437,50.51270394504218,2,1,110,54,55,55,55.0,0.0,54,54,54.0,0.0,55,54,54.66666666666666,0.4714045207910317,0.2222222222222222,40,20,20,2,0.0098985,0.019797,0.0,0.0098985,0.0,0.0,0.0,0.0,0.0,0.0,0.0,0.0,0.0,0.0,0,0,0,0,0,0,1,0,2,0,0,0.5,54.66666666666666,255,0,0,0,0,0,0,0,0,0,0.0,0.0,0.0,0.0,0.0,0.0,55.0,54.0,0,2,1,110,54,0
0.026481,9440.731090215626,113.28877308258753,75.52584872172501,37.762924360862506,2,1,148,102,74,74,74.0,0.0,102,102,102.0,0.0,102,74,83.33333333333333,13.199326582148888,174.22222222222226,40,20,20,2,0.0132405,0.026481,0.0,0.0132405,0.0,0.0,0.0,0.0,0.0,0.0,0.0,0.0,0.0,0.0,0,0,0,0,0,0,0,0,0,0,0,0.5,83.33333333333333,0,0,0,0,0,0,0,0,0,0,0.0,0.0,0.0,0.0,0.0,0.0,74.0,102.0,0,2,1,148,102,0
0.117091,5636.641586458396,93.94402644097326,59.78256228061935,34.16146416035392,7,4,431,229,81,54,61.57142857142857,9.409070742900065,66,54,57.25,5.068283733178324,81,54,60.0,8.366600265340756,70.0,140,80,20,2,0.0117091,0.105592,0.0,0.0313387474716205,0.117091,0.109733,0.0,0.0195151666666666,0.040378509892502,0.113168,0.108796,0.0,0.0377226666666666,0.0502881207266907,2,1,0,0,1,3,1,3,9,0,0,0.5714285714285714,60.0,65535,65535,0,0,0,0,0,0,0,0,0.0,0.0,0.0,0.0,0.0,0.0,61.57142857142857,57.25,0,7,4,431,229,3
0.078275,12162.248482912808,178.85659533695306,102.20376876397316,76.65282657297988,8,6,488,464,84,54,61.0,10.0,181,54,77.33333333333333,46.56059373428231,181,54,68.0,32.427942095844266,1051.571428571429,160,120,20,2,0.0060211538461538,0.055329,0.0,0.0143976751266742,0.078275,0.065959,0.0,0.0111821428571428,0.0224446003142249,0.075142,0.05909,0.0,0.0150283999999999,0.0221302947255566,2,2,0,0,2,3,0,4,12,0,0,0.75,68.0,65535,65535,0,0,0,0,0,0,0,0,0.0,0.0,0.0,0.0,0.0,0.0,61.0,77.33333333333333,0,8,6,488,464,0
0.415693,2617.316144366155,33.678700387064495,21.65059310597003,12.028107281094462,9,5,582,506,90,54,64.66666666666667,13.824294235551813,285,54,101.2,91.91169675291606,285,54,77.71428571428571,58.70559546393776,3446.346938775509,180,100,20,3,0.0319763846153846,0.216602,0.0,0.0644805623645767,0.415693,0.216602,0.0,0.051961625,0.0861054321064262,0.409538,0.220475,0.004161,0.1023845,0.0827191450315463,3,2,0,0,2,3,0,5,12,0,0,0.5555555555555556,77.71428571428571,65535,65535,0,0,0,0,0,0,0,0,0.0,0.0,0.0,0.0,0.0,0.0,64.66666666666667,101.2,0,9,5,582,506,1
0.133507,8291.700060670977,104.86341540143964,59.92195165796551,44.94146374347413,8,6,485,622,81,54,60.625,9.150648884095595,339,54,103.66666666666669,105.33227847573072,339,54,79.07142857142857,72.5016889317703,5256.494897959185,160,120,20,2,0.0102697692307692,0.065285,0.0,0.0194247953801868,0.133507,0.114205,0.0,0.0190724285714285,0.0389486052963467,0.126902,0.065285,0.0,0.0253803999999999,0.0265123880674676,2,2,0,0,2,3,0,4,12,0,0,0.75,79.07142857142857,65535,65535,0,0,0,0,0,0,0,0,0.0,0.0,0.0,0.0,0.0,0.0,60.625,103.66666666666669,0,8,6,485,622,3
0.025383,11267.383681991883,118.1893393215932,78.79289288106213,39.396446440531065,2,1,174,112,87,87,87.0,0.0,112,112,112.0,0.0,112,87,95.33333333333331,11.785113019775793,138.88888888888889,40,20,20,2,0.0126915,0.025383,0.0,0.0126915,0.0,0.0,0.0,0.0,0.0,0.0,0.0,0.0,0.0,0.0,0,0,0,0,0,0,0,0,0,0,0,0.5,95.33333333333331,0,0,0,0,0,0,0,0,0,0,0.0,0.0,0.0,0.0,0.0,0.0,87.0,112.0,0,2,1,174,112,3
0.008168,29382.95788442704,367.2869735553379,244.85798237022527,122.42899118511264,2,1,160,80,80,80,80.0,0.0,80,80,80.0,0.0,80,80,80.0,0.0,0.0,40,20,20,2,0.004084,0.008168,0.0,0.004084,0.0,0.0,0.0,0.0,0.0,0.0,0.0,0.0,0.0,0.0,0,0,0,0,0,0,0,0,0,0,0,0.5,80.0,0,0,0,0,0,0,0,0,0,0,0.0,0.0,0.0,0.0,0.0,0.0,80.0,80.0,0,2,1,160,80,3
0.026505,8979.437841916619,113.18619128466328,75.45746085644218,37.72873042822109,2,1,148,90,74,74,74.0,0.0,90,90,90.0,0.0,90,74,79.33333333333333,7.542472332656507,56.88888888888889,40,20,20,2,0.0132525,0.026505,0.0,0.0132525,0.0,0.0,0.0,0.0,0.0,0.0,0.0,0.0,0.0,0.0,0,0,0,0,0,0,0,0,0,0,0,0.5,79.33333333333333,0,0,0,0,0,0,0,0,0,0,0.0,0.0,0.0,0.0,0.0,0.0,74.0,90.0,0,2,1,148,90,3
120.001151,9.299910798355594,0.1166655476496221,0.0666660272283555,0.0499995204212666,8,6,624,492,78,78,78.0,0.0,82,82,82.0,0.0,82,78,79.71428571428571,1.979486637221574,3.918367346938776,160,120,20,8,9.230857769230768,20.007587,0.0,9.970110051190597,120.001151,20.0078,0.0,17.143021571428573,6.998611093623442,100.005577,20.008083,19.991637,20.0011154,0.0055494950617144,8,6,0,0,0,0,0,14,14,0,0,0.75,79.71428571428571,16,252,0,0,0,0,0,0,0,0,0.0,0.0,0.0,0.0,0.0,0.0,78.0,82.0,0,8,6,624,492,2
71.859567,80.01718128916642,0.2783206305710136,0.1391603152855068,0.1391603152855068,10,10,1528,4222,572,40,152.8,191.8962219534298,2998,40,422.2,873.5226156202253,2998,40,287.5,646.5887796737584,418077.05,200,200,20,4,3.7820824736842105,60.614046,0.0,13.604048568890716,11.245062,10.719564,0.0,1.2494513333333337,3.3488729726380093,71.68430000000001,60.614046,0.002242,7.964922222222223,18.9065739678554,4,4,0,0,0,3,1,8,18,0,0,1.0,287.5,65535,4096,0,0,0,0,0,0,0,0,0.0,0.0,0.0,0.0,0.0,0.0,152.8,422.2,0,10,10,1528,4222,5
0.054352,4194.877833382397,55.195760965557845,36.79717397703857,18.398586988519284,2,1,152,76,76,76,76.0,0.0,76,76,76.0,0.0,76,76,76.0,0.0,0.0,40,20,20,2,0.027176,0.054352,0.0,0.027176,0.0,0.0,0.0,0.0,0.0,0.0,0.0,0.0,0.0,0.0,0,0,0,0,0,0,0,0,0,0,0,0.5,76.0,0,0,0,0,0,0,0,0,0,0,0.0,0.0,0.0,0.0,0.0,0.0,76.0,76.0,0,2,1,152,76,4
0.015832,18885.80090955028,189.489641232946,126.32642748863064,63.163213744315314,2,1,166,133,83,83,83.0,0.0,133,133,133.0,0.0,133,83,99.66666666666669,23.570226039551585,555.5555555555555,40,20,20,2,0.007916,0.015832,0.0,0.007916,0.0,0.0,0.0,0.0,0.0,0.0,0.0,0.0,0.0,0.0,0,0,0,0,0,0,0,0,0,0,0,0.5,99.66666666666669,0,0,0,0,0,0,0,0,0,0,0.0,0.0,0.0,0.0,0.0,0.0,83.0,133.0,0,2,1,166,133,5
0.17883,2605.8267628473973,16.77570877369569,11.18380584913046,5.59190292456523,2,1,140,326,70,70,70.0,0.0,326,326,326.0,0.0,326,70,155.33333333333334,120.67955732250412,14563.555555555557,40,20,20,2,0.089415,0.17883,0.0,0.089415,0.0,0.0,0.0,0.0,0.0,0.0,0.0,0.0,0.0,0.0,0,0,0,0,0,0,0,0,0,0,0,0.5,155.33333333333334,0,0,0,0,0,0,0,0,0,0,0.0,0.0,0.0,0.0,0.0,0.0,70.0,326.0,0,2,1,140,326,1
0.12908,534831.1124883794,271.14967462039044,116.20700340873876,154.94267121165169,15,20,1341,67695,557,40,89.4,127.76530567150589,10000,40,3384.75,3695.985374362296,10000,40,1972.4571428571428,3236.0955428492803,10472314.36244898,300,400,20,4,0.0037964705882352,0.035431,0.0,0.0080459755202625,0.128491,0.037566,0.0,0.0091779285714285,0.0111372352074617,0.111564,0.035431,7.5e-05,0.0058717894736842,0.0098842505962979,4,12,0,0,1,3,1,16,33,0,0,1.3333333333333333,1972.4571428571428,65535,4096,0,0,0,0,0,0,0,0,0.0,0.0,63733.0,13.0,0.0,3848843.5291986233,89.4,3384.75,0,15,20,1341,67695,5
72.916862,711.0289523978693,1.865137860704977,0.9051404324009446,0.959997428304032,66,70,12642,39204,1811,40,191.54545454545453,320.2775397672132,6003,40,560.0571428571428,1042.3916166436584,6003,40,381.2205882352941,801.8543920480281,642970.4660467128,1320,1400,20,48,0.5401249037037038,51.069451,0.0,4.412172104921438,72.916567,51.069888,0.0,1.1217933384615384,6.307344071195559,72.888497,51.070044,0.000213,1.0563550289855077,6.127414159913449,48,31,0,0,0,3,0,79,134,0,0,1.0606060606060606,381.2205882352941,65535,4096,0,0,0,0,0,0,0,0,476.0,4.0,0.0,0.0,1291.9914174855835,0.0,191.54545454545453,560.0571428571428,0,66,70,12642,39204,4
0.545633,17559.421809164767,40.32014192689958,20.16007096344979,20.16007096344979,11,11,3306,6275,1372,54,300.54545454545456,423.1379237073166,1372,54,570.4545454545455,522.2807262620299,1372,54,435.5,494.0892217918835,244124.1590909091,220,220,20,4,0.0259825238095238,0.162093,0.0,0.0493972658773154,0.545633,0.162202,0.0,0.0545633,0.0618134430751919,0.383469,0.130464,0.0,0.0383469,0.0554222240359406,3,6,0,0,2,3,0,9,20,0,0,1.0,435.5,65535,42340,0,0,0,0,0,0,0,0,0.0,0.0,4565.0,5.0,0.0,1031172.3514795572,300.54545454545456,570.4545454545455,0,11,11,3306,6275,1
0.03115,15152.487961476723,96.30818619582664,64.20545746388443,32.102728731942214,2,1,154,318,77,77,77.0,0.0,318,318,318.0,0.0,318,77,157.33333333333334,113.60848951063863,12906.888888888889,40,20,20,2,0.015575,0.03115,0.0,0.015575,0.0,0.0,0.0,0.0,0.0,0.0,0.0,0.0,0.0,0.0,0,0,0,0,0,0,0,0,0,0,0,0.5,157.33333333333334,0,0,0,0,0,0,0,0,0,0,0.0,0.0,0.0,0.0,0.0,0.0,77.0,318.0,0,2,1,154,318,0
0.312487,32298.943636055257,54.40226313414638,25.60106500430418,28.8011981298422,8,9,4367,5726,1372,92,545.875,504.88945262799854,1372,92,636.2222222222222,548.4237570382511,1372,92,593.7058823529412,530.3048806450739,281223.2664359861,160,180,20,8,0.0195304375,0.099704,0.0,0.0383526924934364,0.20124,0.100391,0.0,0.0287485714285714,0.045238784747026,0.214,0.101397,0.0,0.02675,0.0431044137212188,6,6,0,0,0,0,0,12,17,0,0,1.125,593.7058823529412,255,126,0,0,0,0,0,0,0,0,589.0,4.0,4252.0,4.0,857350.8005822416,0.0,545.875,636.2222222222222,0,8,9,4367,5726,2
0.200311,4872.423381641548,69.89131899895662,39.93789657083236,29.95342242812427,8,6,540,436,136,54,67.5,26.3581107061944,153,54,72.66666666666667,36.18317595543849,153,54,69.71428571428571,31.058535913034024,964.6326530612243,160,120,20,2,0.0154085384615384,0.135778,0.0,0.0370150185727473,0.200311,0.186962,0.0,0.0286158571428571,0.0646878674304067,0.1974,0.135778,0.0,0.03948,0.0524815578770295,2,2,0,0,2,3,0,4,12,0,0,0.75,69.71428571428571,65535,65535,0,0,0,0,0,0,0,0,0.0,0.0,0.0,0.0,0.0,0.0,67.5,72.66666666666667,0,8,6,540,436,3
0.141588,6370.596378224143,98.8784360256519,56.501963443229656,42.37647258242224,8,6,503,399,99,54,62.875,14.520997727429062,116,54,66.5,22.55179224215524,116,54,64.42857142857143,18.484411523977577,341.6734693877551,160,120,20,2,0.0108913846153846,0.074191,0.0,0.0231885209318299,0.141588,0.131118,0.0,0.0202268571428571,0.0452986706440978,0.137847,0.074191,0.0,0.0275693999999999,0.0318851485591646,2,2,0,0,2,3,0,4,12,0,0,0.75,64.42857142857143,65535,65535,0,0,0,0,0,0,0,0,0.0,0.0,0.0,0.0,0.0,0.0,62.875,66.5,0,8,6,503,399,3
0.001692,168439.71631205676,1773.049645390071,1773.049645390071,0.0,3,0,285,0,100,85,95.0,7.071067811865476,0,0,0.0,0.0,100,85,95.0,7.071067811865476,50.0,60,0,20,3,0.000846,0.001692,0.0,0.000846,0.001692,0.001692,0.0,0.000846,0.000846,0.0,0.0,0.0,0.0,0.0,3,0,0,0,0,0,0,3,3,0,0,0.0,95.0,255,0,0,0,0,0,0,0,0,0,0.0,0.0,0.0,0.0,0.0,0.0,95.0,0.0,0,3,0,285,0,2
0.155282,7405.880913434912,90.15855025051196,51.51917157172112,38.63937867879084,8,6,507,643,103,54,63.375,15.771314942007848,360,54,107.16666666666669,113.15242914857028,360,54,82.14285714285714,78.09596399198064,6098.979591836737,160,120,20,2,0.0119447692307692,0.088989,0.0,0.0255593810661605,0.155282,0.143752,0.0,0.0221831428571428,0.0496586843057646,0.151567,0.088989,0.0,0.0303134,0.0348298024203411,2,2,0,0,2,3,0,4,12,0,0,0.75,82.14285714285714,65535,65535,0,0,0,0,0,0,0,0,0.0,0.0,0.0,0.0,0.0,0.0,63.375,107.16666666666669,0,8,6,507,643,1
0.128764,6942.934360535554,108.72604144015408,62.12916653723091,46.59687490292318,8,6,493,401,89,54,61.625,11.46666363856549,118,54,66.83333333333333,23.283876156879227,118,54,63.85714285714285,17.723499907738084,314.12244897959187,160,120,20,2,0.009904923076923,0.063717,0.0,0.020194869533018,0.128764,0.118473,0.0,0.0183948571428571,0.0408865590957942,0.125048,0.063717,0.0,0.0250096,0.0272874573062423,2,2,0,0,2,3,0,4,12,0,0,0.75,63.85714285714285,65535,65535,0,0,0,0,0,0,0,0,0.0,0.0,0.0,0.0,0.0,0.0,61.625,66.83333333333333,0,8,6,493,401,0
0.27075,3638.042474607572,51.70821791320407,29.547553093259467,22.1606648199446,8,6,540,445,136,54,67.5,26.3581107061944,162,54,74.16666666666667,39.51546813872034,162,54,70.35714285714286,32.81899959922419,1077.0867346938776,160,120,20,2,0.020826923076923,0.207732,0.0,0.0552838455907489,0.27075,0.257701,0.0,0.0386785714285714,0.0894417652471741,0.266948,0.207732,0.0,0.0533896,0.0792041231366145,2,2,0,0,2,3,0,4,12,0,0,0.75,70.35714285714286,65535,65535,0,0,0,0,0,0,0,0,0.0,0.0,0.0,0.0,0.0,0.0,67.5,74.16666666666667,0,8,6,540,445,3
0.049314,6955.42847872815,60.83465141744738,40.556434278298255,20.278217139149127,2,1,186,157,93,93,93.0,0.0,157,157,157.0,0.0,157,93,114.33333333333331,30.169889330626027,910.2222222222222,40,20,20,2,0.024657,0.049314,0.0,0.024657,0.0,0.0,0.0,0.0,0.0,0.0,0.0,0.0,0.0,0.0,0,0,0,0,0,0,0,0,0,0,0,0.5,114.33333333333331,0,0,0,0,0,0,0,0,0,0,0.0,0.0,0.0,0.0,0.0,0.0,93.0,157.0,0,2,1,186,157,3
0.199267,74748.954919781,115.4230253880472,45.165531673583686,70.25749371446351,9,14,4251,10644,1372,78,472.3333333333333,509.7304298461208,1372,85,760.2857142857143,563.5753756877891,1372,78,647.6086956521739,561.027995824004,314752.4120982987,180,280,20,9,0.0090575909090909,0.066691,0.0,0.0203819790159192,0.199267,0.068809,0.0,0.024908375,0.0316784381044011,0.079015,0.062398,0.0,0.0060780769230769,0.0168463094450137,7,10,0,0,0,0,0,17,23,0,0,1.5555555555555556,647.6086956521739,255,83,0,0,0,0,0,0,0,0,0.0,0.0,3200.5,5.5,0.0,0.0,472.3333333333333,760.2857142857143,0,9,14,4251,10644,2
0.088903,11630.653633735645,157.47500084361607,89.98571476778062,67.48928607583547,8,6,500,534,96,54,62.5,13.592277219068189,251,54,89.0,72.57639653036883,251,54,73.85714285714286,50.348580832400174,2534.9795918367345,160,120,20,2,0.0068386923076923,0.053255,0.0,0.0138843324616391,0.088903,0.06831,0.0,0.0127004285714285,0.0230050725639687,0.086692,0.062271,0.0,0.0173384,0.0227128959897235,2,2,0,0,2,3,0,4,12,0,0,0.75,73.85714285714286,65535,65535,0,0,0,0,0,0,0,0,0.0,0.0,0.0,0.0,0.0,0.0,62.5,89.0,0,8,6,500,534,1
0.403746,3155.449218072749,34.675266132667566,19.814437790095752,14.860828342571816,8,6,495,779,91,54,61.875,12.066870969725333,496,54,129.83333333333334,163.81129048050653,496,54,91.0,112.7589084222237,12714.57142857143,160,120,20,2,0.0310573846153846,0.340197,0.0,0.0901878859139147,0.403746,0.393236,0.0,0.0576779999999999,0.1370001522491333,0.400631,0.340197,0.0,0.0801262,0.1315165435759319,2,2,0,0,2,3,0,4,12,0,0,0.75,91.0,65535,65535,0,0,0,0,0,0,0,0,0.0,0.0,0.0,0.0,0.0,0.0,61.875,129.83333333333334,0,8,6,495,779,1
0.343311,2711.8268858265537,40.77935166656472,26.215297499934465,14.564054166630257,9,5,584,347,91,54,64.88888888888889,14.21614453472174,118,54,69.4,24.719223288768603,118,54,66.5,18.78354142784125,352.82142857142856,180,100,20,3,0.0264085384615384,0.219612,0.0,0.0587293900354909,0.343311,0.219612,0.0,0.042913875,0.0750738919972141,0.334189,0.223517,0.003945,0.0835472499999999,0.0834824177188676,3,2,0,0,2,3,0,5,12,0,0,0.5555555555555556,66.5,65535,65535,0,0,0,0,0,0,0,0,0.0,0.0,0.0,0.0,0.0,0.0,64.88888888888889,69.4,0,9,5,584,347,1
117.999017,93.3482352653836,0.1694929373860801,0.076271821823736,0.093221115562344,9,11,4398,6617,1372,92,488.6666666666667,501.0342636320728,1372,92,601.5454545454545,580.8866833066284,1372,92,550.75,549.2773320463899,301705.5875,180,220,20,9,6.210474578947369,58.313564,0.0,17.868986420398247,117.760962,58.568685,0.0,14.72012025,25.308194862141374,117.587273,58.55581,0.0,11.7587273,23.393816661719857,7,8,0,0,0,0,0,15,20,0,0,1.2222222222222223,550.75,255,332,0,0,0,0,0,0,0,0,0.0,0.0,4310.0,4.0,0.0,0.0,488.6666666666667,601.5454545454545,0,9,11,4398,6617,2
51.95471,7.410300240343946,0.0769901323672098,0.0384950661836049,0.0384950661836049,2,2,200,185,100,100,100.0,0.0,100,85,92.5,7.5,100,85,96.25,6.49519052838329,42.1875,40,40,20,2,17.318236666666667,51.954508,0.0,24.49154233495605,0.0,0.0,0.0,0.0,0.0,0.0,0.0,0.0,0.0,0.0,2,2,0,0,0,0,0,4,4,0,0,1.0,96.25,428,255,0,0,0,0,0,0,0,0,0.0,0.0,0.0,0.0,0.0,0.0,100.0,92.5,0,2,2,200,185,2
0.018139,13617.06819560064,165.38949225425878,110.2596615028392,55.1298307514196,2,1,138,109,69,69,69.0,0.0,109,109,109.0,0.0,109,69,82.33333333333333,18.856180831641264,355.5555555555555,40,20,20,2,0.0090695,0.018139,0.0,0.0090695,0.0,0.0,0.0,0.0,0.0,0.0,0.0,0.0,0.0,0.0,0,0,0,0,0,0,0,0,0,0,0,0.5,82.33333333333333,0,0,0,0,0,0,0,0,0,0,0.0,0.0,0.0,0.0,0.0,0.0,69.0,109.0,0,2,1,138,109,5
0.020572,14194.050165273187,145.82928251993,97.21952167995332,48.609760839976666,2,1,152,140,76,76,76.0,0.0,140,140,140.0,0.0,140,76,97.33333333333331,30.169889330626027,910.2222222222222,40,20,20,2,0.010286,0.020572,0.0,0.010286,0.0,0.0,0.0,0.0,0.0,0.0,0.0,0.0,0.0,0.0,0,0,0,0,0,0,0,0,0,0,0,0.5,97.33333333333331,0,0,0,0,0,0,0,0,0,0,0.0,0.0,0.0,0.0,0.0,0.0,76.0,140.0,0,2,1,152,140,0
0.115259,1874.040205103289,34.704448242653505,26.028336181990127,8.676112060663376,3,1,162,54,54,54,54.0,0.0,54,54,54.0,0.0,54,54,54.0,0.0,0.0,60,20,20,0,0.0384196666666666,0.115181,0.0,0.0542784686736421,0.115259,0.115259,0.0,0.0576295,0.0576295,0.0,0.0,0.0,0.0,0.0,0,0,0,0,3,0,0,0,4,0,0,0.3333333333333333,54.0,251,1046,0,0,0,0,0,0,0,0,0.0,0.0,0.0,0.0,0.0,0.0,54.0,54.0,0,3,1,162,54,1
0.134284,6642.637991123292,104.25665008489472,59.57522861993984,44.68142146495487,8,6,490,402,86,54,61.25,10.580051984749414,119,54,67.0,23.65022903342235,119,54,63.71428571428572,17.65716597317026,311.77551020408174,160,120,20,2,0.0103295384615384,0.064847,0.0,0.0202645236904884,0.134284,0.118239,0.0,0.0191834285714285,0.0405141893974273,0.128721,0.064847,0.0,0.0257442,0.0279948204880831,2,2,0,0,2,3,0,4,12,0,0,0.75,63.71428571428572,65535,65535,0,0,0,0,0,0,0,0,0.0,0.0,0.0,0.0,0.0,0.0,61.25,67.0,0,8,6,490,402,0
0.03114,7996.146435452793,96.33911368015414,64.22607578676943,32.113037893384714,2,1,116,133,58,58,58.0,0.0,133,133,133.0,0.0,133,58,83.0,35.35533905932738,1250.0,40,20,20,2,0.01557,0.03114,0.0,0.01557,0.0,0.0,0.0,0.0,0.0,0.0,0.0,0.0,0.0,0.0,0,0,0,0,0,0,0,0,0,0,0,0.5,83.0,0,0,0,0,0,0,0,0,0,0,0.0,0.0,0.0,0.0,0.0,0.0,58.0,133.0,0,2,1,116,133,4
0.022818,13103.69006924358,131.47515119642387,87.6501007976159,43.82505039880795,2,1,166,133,83,83,83.0,0.0,133,133,133.0,0.0,133,83,99.66666666666669,23.570226039551585,555.5555555555555,40,20,20,2,0.011409,0.022818,0.0,0.011409,0.0,0.0,0.0,0.0,0.0,0.0,0.0,0.0,0.0,0.0,0,0,0,0,0,0,0,0,0,0,0,0.5,99.66666666666669,0,0,0,0,0,0,0,0,0,0,0.0,0.0,0.0,0.0,0.0,0.0,83.0,133.0,0,2,1,166,133,5
3.999432,2236.8176281031906,1.7502485352920114,1.7502485352920114,0.0,7,0,8946,0,1278,1278,1278.0,0.0,0,0,0.0,0.0,1278,1278,1278.0,0.0,0.0,140,0,20,7,0.6665719999999999,1.898808,0.0,0.6852856696884397,3.999432,1.898808,0.0,0.6665719999999999,0.6852856696884397,0.0,0.0,0.0,0.0,0.0,0,0,0,0,0,0,0,0,0,0,0,0.0,1278.0,0,0,0,0,0,0,0,0,0,0,5000.0,4.0,0.0,0.0,5485.16263507213,0.0,1278.0,0.0,0,7,0,8946,0,4
60.115591,30.74077738003108,0.1829808177382802,0.1164423385607237,0.0665384791775564,7,4,638,1210,290,54,91.14285714285714,81.3518435499749,1036,54,302.5,423.5147577121723,1036,54,168.0,282.4400177672485,79772.36363636363,140,80,20,1,6.0115591,59.989083,0.0,17.992514519888392,60.115591,59.989083,0.0,10.019265166666669,22.3471959083516,60.088258,60.054394,0.0,20.029419333333333,28.30193438021632,1,1,0,0,2,3,0,2,9,0,0,0.5714285714285714,168.0,65535,64240,0,0,0,0,0,0,0,0,0.0,0.0,0.0,0.0,0.0,0.0,91.14285714285714,302.5,0,7,4,638,1210,0
84.449048,1144.666544968038,1.788060417211571,0.7933778010144057,0.9946826161971654,67,84,20307,76359,1655,40,303.089552238806,366.868911125685,6647,40,893.3720930232558,1254.988733818714,6647,40,631.0194805194806,1012.7148575672188,1025591.3827373926,1360,1720,20,31,0.5629936533333334,36.536242,0.0,3.2283962052493576,84.448893,36.536242,0.0,1.2795286818181817,4.772144583320614,84.448668,36.536934,6.7e-05,1.0174538313253012,4.287625221494581,31,54,0,0,0,0,0,85,154,0,0,1.2647058823529411,631.0194805194806,309,4095,0,0,0,0,0,0,0,0,0.0,0.0,9582.333333333334,5.333333333333333,0.0,56622.69004557864,303.089552238806,893.3720930232558,0,67,84,20307,76359,3
0.020461,16714.72557548507,146.62039978495676,97.74693318997116,48.87346659498558,2,1,154,188,77,77,77.0,0.0,188,188,188.0,0.0,188,77,114.0,52.32590180780452,2738.0,40,20,20,2,0.0102305,0.020461,0.0,0.0102305,0.0,0.0,0.0,0.0,0.0,0.0,0.0,0.0,0.0,0.0,0,0,0,0,0,0,0,0,0,0,0,0.5,114.0,0,0,0,0,0,0,0,0,0,0,0.0,0.0,0.0,0.0,0.0,0.0,77.0,188.0,0,2,1,154,188,0
14.322605,654.0011401557189,1.745492527371941,0.9076561142334094,0.8378364131385317,13,12,3089,6278,1839,40,237.6153846153846,480.91124056500814,5453,40,523.1666666666666,1488.2277398152323,5453,40,374.68,1097.1463246076155,1203730.0576,260,240,20,7,0.5967752083333333,13.329204,0.0,2.6563767358435024,14.322353,13.329204,0.0,1.1935294166666668,3.660852009994588,14.02187,13.37519,0.000198,1.2747154545454544,3.827663581077801,7,3,0,0,0,3,2,10,23,0,0,0.9230769230769232,374.68,65535,4096,0,0,0,0,0,0,0,0,1981.0,5.0,0.0,0.0,351990.0497512438,0.0,237.6153846153846,523.1666666666666,0,13,12,3089,6278,3
0.146673,5972.469370640813,95.4504237317025,54.54309927525857,40.90732445644392,8,6,490,386,86,54,61.25,10.580051984749414,103,54,64.33333333333333,17.82008853949821,103,54,62.57142857142857,14.226305040383496,202.38775510204087,160,120,20,2,0.0112825384615384,0.074419,0.0,0.0224135678058398,0.146673,0.1318,0.0,0.0209532857142857,0.04531054746245,0.141224,0.074419,0.0,0.0282448,0.0304406743644092,2,2,0,0,2,3,0,4,12,0,0,0.75,62.57142857142857,65535,65535,0,0,0,0,0,0,0,0,0.0,0.0,0.0,0.0,0.0,0.0,61.25,64.33333333333333,0,8,6,490,386,3
62.57972,162.54467102121902,0.3675312065953635,0.1917554121367113,0.1757757944586521,12,11,2103,8069,1042,40,175.25,296.743190036997,2800,40,733.5454545454545,946.6350322576916,2800,40,442.2608695652174,743.1667387015428,552296.8015122872,240,220,20,3,2.8445327272727274,61.838924,0.0,12.87417105676547,0.740796,0.571669,0.0,0.0673450909090909,0.1608100046692338,62.555951,61.839143,0.000323,6.2555951,18.52871471783091,3,5,0,0,0,3,1,8,21,0,0,0.9166666666666666,442.2608695652174,65535,4096,0,0,0,0,0,0,0,0,0.0,0.0,4392.0,4.0,0.0,6945.773310328359,175.25,733.5454545454545,0,12,11,2103,8069,4
67.53457,15.977002592894276,0.1036506192310101,0.0592289252748629,0.0444216939561472,4,3,319,760,86,77,79.75,3.6996621467371855,460,102,253.3333333333333,151.29955570177844,460,77,154.14285714285714,131.13943350650928,17197.551020408166,80,60,20,4,11.255761666666666,46.572029,0.0,17.535643613450745,67.508672,46.603164,0.0,22.50289066666667,19.05916135336756,67.503435,46.592378,20.911057,33.7517175,12.840660499999998,0,0,0,0,0,0,0,0,0,0,0,0.75,154.14285714285714,0,0,0,0,0,0,0,0,0,0,0.0,0.0,0.0,0.0,0.0,0.0,79.75,253.3333333333333,0,4,3,319,760,0
0.016371,17836.4180563191,183.2508704416346,122.16724696108972,61.08362348054487,2,1,152,140,76,76,76.0,0.0,140,140,140.0,0.0,140,76,97.33333333333331,30.169889330626027,910.2222222222222,40,20,20,2,0.0081855,0.016371,0.0,0.0081855,0.0,0.0,0.0,0.0,0.0,0.0,0.0,0.0,0.0,0.0,0,0,0,0,0,0,0,0,0,0,0,0.5,97.33333333333331,0,0,0,0,0,0,0,0,0,0,0.0,0.0,0.0,0.0,0.0,0.0,76.0,140.0,0,2,1,152,140,1
64.63083,93.93349891994268,0.2320873799702092,0.1237799359841116,0.1083074439860976,8,7,2150,3921,1766,40,268.75,566.277262036893,1763,40,560.1428571428571,686.0917116061773,1766,40,404.73333333333335,641.7376895759063,411827.2622222222,160,140,20,2,4.616487857142857,64.306388,0.0,16.555041163974348,0.324442,0.152342,0.0,0.0463488571428571,0.0559041452090184,64.547874,64.349706,0.00021,10.757979,23.966986218378896,2,3,0,0,0,3,1,5,13,0,0,0.875,404.73333333333335,65535,4096,0,0,0,0,0,0,0,0,0.0,0.0,0.0,0.0,0.0,0.0,268.75,560.1428571428571,0,8,7,2150,3921,1
0.071375,4651.488616462347,42.03152364273205,28.021015761821367,14.010507880910684,2,1,172,160,86,86,86.0,0.0,160,160,160.0,0.0,160,86,110.66666666666669,34.883934538536344,1216.888888888889,40,20,20,2,0.0356875,0.071375,0.0,0.0356875,0.0,0.0,0.0,0.0,0.0,0.0,0.0,0.0,0.0,0.0,0,0,0,0,0,0,0,0,0,0,0,0.5,110.66666666666669,0,0,0,0,0,0,0,0,0,0,0.0,0.0,0.0,0.0,0.0,0.0,86.0,160.0,0,2,1,172,160,3
62.863527,1405.6322356841354,1.1930606438929203,0.5726691090686019,0.6203915348243187,36,39,13429,74934,6761,40,373.02777777777777,1193.5229711076904,10000,40,1921.384615384616,2678.494483515852,10000,40,1178.1733333333334,2238.9294011399484,5012804.863288888,720,780,20,11,0.8495071216216217,60.500095,0.0,6.982650285162546,2.363083,0.867266,0.0,0.0675166571428571,0.1719267328328209,62.846493,60.500095,0.000134,1.6538550789473685,9.675724708459404,10,25,0,0,0,3,1,35,73,0,0,1.0833333333333333,1178.1733333333334,65535,4096,0,0,0,0,0,0,0,0,2718.0,4.0,35436.5,12.5,338818.2498130142,86300.40572989982,373.02777777777777,1921.384615384616,0,36,39,13429,74934,3
0.595014,46850.99846390168,85.71226895501619,42.015818115204006,43.69645083981217,25,26,14640,13237,1278,59,585.6,551.5303074174618,1278,49,509.11538461538464,558.7976327604639,1278,49,546.6078431372549,556.5619983233682,309761.2579777009,500,520,20,25,0.01190028,0.451295,0.0,0.0631374334362872,0.563798,0.451295,0.0,0.0234915833333333,0.0896028673401492,0.580749,0.481844,2.5e-05,0.0232299599999999,0.0940011113081031,0,0,0,0,0,0,0,0,0,0,0,1.04,546.6078431372549,0,0,0,0,0,0,0,0,0,0,4980.5,7.5,2442.333333333333,5.333333333333333,21532.222676169287,870190.0237529691,585.6,509.11538461538464,0,25,26,14640,13237,5
0.110536,8992.545415068395,126.6555692263154,72.37461098646595,54.28095823984946,8,6,512,482,108,54,64.0,17.349351572897472,199,54,80.33333333333333,53.24367463735847,199,54,71.0,38.10886660982867,1452.2857142857142,160,120,20,2,0.0085027692307692,0.04976,0.0,0.016426696808052,0.110536,0.097858,0.0,0.0157908571428571,0.0335633854006269,0.106094,0.04976,0.0,0.0212188,0.0227058342317563,2,2,0,0,2,3,0,4,12,0,0,0.75,71.0,65535,65535,0,0,0,0,0,0,0,0,0.0,0.0,0.0,0.0,0.0,0.0,64.0,80.33333333333333,0,8,6,512,482,0
0.046443,4715.457657774045,64.59531038046639,43.063540253644256,21.531770126822128,2,1,120,99,60,60,60.0,0.0,99,99,99.0,0.0,99,60,73.0,18.384776310850235,338.0,40,20,20,2,0.0232215,0.046443,0.0,0.0232215,0.0,0.0,0.0,0.0,0.0,0.0,0.0,0.0,0.0,0.0,0,0,0,0,0,0,0,0,0,0,0,0.5,73.0,0,0,0,0,0,0,0,0,0,0,0.0,0.0,0.0,0.0,0.0,0.0,60.0,99.0,0,2,1,120,99,4
29.541926,203400.27931828145,72.84562286155615,31.920735296676323,40.92488756487983,943,1209,67350,5941486,3085,40,71.42099681866384,273.29298186886007,10000,40,4914.380479735319,3492.812040631765,10000,40,2792.210037174721,3558.167301057612,12660554.542315612,18860,24180,20,14,0.0137340427708042,6.660672,0.0,0.2414822268342353,29.480451,6.660672,0.0,0.0312955955414012,0.3641644501689627,29.483197,6.666404,2.7e-05,0.0244066200331125,0.3220206051726921,14,858,0,0,2,3,0,872,2150,0,0,1.2820784729586423,2792.210037174721,65535,4096,0,0,0,0,0,0,0,0,0.0,0.0,981434.0,198.8333333333333,0.0,987951.0188961484,71.42099681866384,4914.380479735319,0,943,1209,67350,5941486,4
1.89846,120830.04119128136,115.3566575013432,34.23827734058131,81.11838016076187,65,154,11385,218006,1292,88,175.15384615384616,292.5881973942864,1494,85,1415.6233766233763,266.45242936755363,1494,85,1047.447488584475,629.6752883063924,396490.9687037384,1300,3080,20,65,0.0087085321100917,0.319551,0.0,0.0381443103458789,1.685741,0.532281,0.0,0.026339703125,0.0795817420434956,1.6753,0.54436,0.0,0.0109496732026143,0.0530406319772568,0,0,0,0,0,0,0,0,0,0,0,2.3692307692307693,1047.447488584475,0,0,0,0,0,0,0,0,0,0,1940.0,6.0,8440.333333333334,6.133333333333334,1097285.0678733033,1744615.469415315,175.15384615384616,1415.6233766233763,0,65,154,11385,218006,0
0.140762,8034.8389480115375,99.45866071809154,56.83352041033802,42.62514030775351,8,6,485,646,81,54,60.625,9.150648884095595,363,54,107.66666666666669,114.26966157102048,363,54,80.78571428571429,78.65038240886832,6185.882653061225,160,120,20,2,0.0108278461538461,0.080584,0.0,0.0234382939122025,0.140762,0.128741,0.0,0.0201088571428571,0.0443951975151385,0.137287,0.080584,0.0,0.0274574,0.0328599163942941,2,2,0,0,2,3,0,4,12,0,0,0.75,80.78571428571429,65535,65535,0,0,0,0,0,0,0,0,0.0,0.0,0.0,0.0,0.0,0.0,60.625,107.66666666666669,0,8,6,485,646,3
0.079285,130945.32383174624,176.57816737087722,75.67635744466168,100.90180992621556,6,8,3746,6636,1372,78,624.3333333333334,560.6605231530237,1372,85,829.5,571.1545325041201,1372,78,741.5714285714286,575.7046259381026,331435.81632653065,120,160,20,6,0.0060988461538461,0.036768,0.0,0.0126299356039904,0.079285,0.039685,0.0,0.015857,0.0184161803422968,0.039971,0.038175,0.0,0.0057101428571428,0.0132595248506613,4,6,0,0,0,0,0,10,14,0,0,1.3333333333333333,741.5714285714286,255,136,0,0,0,0,0,0,0,0,0.0,0.0,5932.0,5.0,0.0,3302895.322939866,624.3333333333334,829.5,0,6,8,3746,6636,2
0.030867,12246.088055204587,97.19117504130624,64.79411669420416,32.39705834710208,2,1,160,218,80,80,80.0,0.0,218,218,218.0,0.0,218,80,126.0,65.05382386916237,4232.0,40,20,20,2,0.0154335,0.030867,0.0,0.0154335,0.0,0.0,0.0,0.0,0.0,0.0,0.0,0.0,0.0,0.0,0,0,0,0,0,0,0,0,0,0,0,0.5,126.0,0,0,0,0,0,0,0,0,0,0,0.0,0.0,0.0,0.0,0.0,0.0,80.0,218.0,0,2,1,160,218,0
0.043646,6209.045502451542,68.73482106034918,45.823214040232784,22.911607020116392,2,1,138,133,69,69,69.0,0.0,133,133,133.0,0.0,133,69,90.33333333333331,30.169889330626027,910.2222222222222,40,20,20,2,0.021823,0.043646,0.0,0.021823,0.0,0.0,0.0,0.0,0.0,0.0,0.0,0.0,0.0,0.0,0,0,0,0,0,0,0,0,0,0,0,0.5,90.33333333333331,0,0,0,0,0,0,0,0,0,0,0.0,0.0,0.0,0.0,0.0,0.0,69.0,133.0,0,2,1,138,133,3
5.50535,723.8413543189806,1.0898489650975869,0.9082074709146556,0.1816414941829311,5,1,3775,210,1372,85,755.0,572.7432234431063,210,210,210.0,0.0,1372,85,664.1666666666666,560.9062359749227,314615.8055555556,100,20,20,5,1.10107,5.220467,0.0,2.0626353999850773,5.50535,5.220467,0.0,1.3763375,2.2224544070775107,0.0,0.0,0.0,0.0,0.0,3,1,0,0,0,0,0,4,6,0,0,0.2,664.1666666666666,255,501,0,0,0,0,0,0,0,0,0.0,0.0,0.0,0.0,0.0,0.0,755.0,210.0,0,5,1,3775,210,2
3.019634,87.42781409932462,1.324663849989767,1.324663849989767,0.0,4,0,264,0,66,66,66.0,0.0,0,0,0.0,0.0,66,66,66.0,0.0,0.0,80,0,20,0,1.0065446666666666,2.013372,0.0,0.8219557013697406,3.019634,2.013372,0.0,1.0065446666666666,0.8219557013697406,0.0,0.0,0.0,0.0,0.0,0,0,0,0,0,4,0,0,0,0,0,0.0,66.0,65535,0,0,0,0,0,0,0,0,0,0.0,0.0,0.0,0.0,0.0,0.0,66.0,0.0,0,4,0,264,0,1
5.688886,1667.8133469364652,1.933594731903575,0.8789066963198067,1.054688035583768,5,6,3609,5879,1372,85,721.8,563.7933664029757,1372,196,979.8333333333334,511.1804693278317,1372,85,862.5454545454545,550.9275424452778,303521.1570247934,100,120,20,5,0.5688886,5.125368,0.0,1.5228670878775468,5.688886,5.396395,0.0,1.4222215,2.297595155856281,0.272435,0.272435,0.0,0.0544869999999999,0.1089739999999999,3,4,0,0,0,0,0,7,11,0,0,1.2,862.5454545454545,255,501,0,0,0,0,0,0,0,0,0.0,0.0,5281.0,5.0,0.0,0.0,721.8,979.8333333333334,0,5,6,3609,5879,2
0.056449,4535.067051674963,53.145317011815976,35.43021134121065,17.715105670605325,2,1,128,128,64,64,64.0,0.0,128,128,128.0,0.0,128,64,85.33333333333333,30.169889330626027,910.2222222222222,40,20,20,2,0.0282245,0.056449,0.0,0.0282245,0.0,0.0,0.0,0.0,0.0,0.0,0.0,0.0,0.0,0.0,0,0,0,0,0,0,0,0,0,0,0,0.5,85.33333333333333,0,0,0,0,0,0,0,0,0,0,0.0,0.0,0.0,0.0,0.0,0.0,64.0,128.0,0,2,1,128,128,4
3.125033,4437.0731445075935,8.959905383399152,4.159956070863892,4.79994931253526,13,15,4632,9234,1372,54,356.3076923076923,476.9348261580055,1372,54,615.6,578.5771973845265,1372,54,495.2142857142857,549.2387171051827,301663.1683673469,260,300,20,5,0.1157419629629629,0.943515,0.0,0.2345423845256942,3.125033,0.943515,0.0,0.2604194166666666,0.2943908834983001,2.723801,1.307578,0.0,0.1945572142857143,0.3640663353238916,4,7,0,0,2,3,0,11,26,0,0,1.1538461538461535,495.2142857142857,65535,64860,0,0,0,0,0,0,0,0,0.0,0.0,4924.0,5.0,0.0,0.0,356.3076923076923,615.6,0,13,15,4632,9234,1
3.617972,3591.238406488497,4.422367005604245,1.934785564951857,2.4875814406523875,7,9,4685,8308,1372,85,669.2857142857143,483.94501289940376,1372,85,923.1111111111112,518.9702291706453,1372,85,812.0625,519.4391769916377,269817.05859375,140,180,20,7,0.2411981333333333,3.021409,0.0,0.7450894692514777,3.617972,3.129537,0.0,0.6029953333333333,1.1335196616681258,3.513836,3.021409,0.0,0.4392294999999999,0.9800559678893342,5,7,0,0,0,0,0,12,16,0,0,1.2857142857142858,812.0625,255,501,0,0,0,0,0,0,0,0,0.0,0.0,5072.0,5.0,0.0,0.0,669.2857142857143,923.1111111111112,0,7,9,4685,8308,2
0.040671,11752.84600821224,73.76263185070444,49.17508790046962,24.58754395023481,2,1,148,330,74,74,74.0,0.0,330,330,330.0,0.0,330,74,159.33333333333334,120.67955732250412,14563.555555555557,40,20,20,2,0.0203355,0.040671,0.0,0.0203355,0.0,0.0,0.0,0.0,0.0,0.0,0.0,0.0,0.0,0.0,0,0,0,0,0,0,0,0,0,0,0,0.5,159.33333333333334,0,0,0,0,0,0,0,0,0,0,0.0,0.0,0.0,0.0,0.0,0.0,74.0,330.0,0,2,1,148,330,4
0.221249,35484.90614646846,54.23753327698656,31.63856107824216,22.5989721987444,7,5,3814,4037,1372,78,544.8571428571429,552.8989648264161,1372,78,807.4,500.9996407184341,1372,78,654.25,547.4125691225343,299660.5208333333,140,100,20,7,0.0201135454545454,0.1146,0.0,0.0421153641892527,0.106649,0.105457,0.0,0.0177748333333333,0.0392136246110824,0.117206,0.117206,0.0,0.0293015,0.0507516867379794,5,4,0,0,0,0,0,9,12,0,0,0.7142857142857143,654.25,255,67,0,0,0,0,0,0,0,0,219.0,4.0,0.0,0.0,183724.8322147652,0.0,544.8571428571429,807.4,0,7,5,3814,4037,2
45.853277,706.0564068299851,0.828730299908554,0.4361738420571336,0.3925564578514203,20,18,21951,10424,10000,40,1097.55,2519.638495399687,2840,40,579.1111111111111,903.386953444824,10000,40,851.9736842105264,1948.061337071216,3794942.972991691,400,360,20,9,1.2392777567567568,45.441565,0.0,7.367202954432297,45.84166,45.441956,0.0,2.412718947368421,10.142297743726893,45.837737,45.441609,0.000177,2.696337470588236,10.686603894112409,8,8,0,0,2,3,0,16,36,0,0,0.9,851.9736842105264,65535,4096,0,0,0,0,0,0,0,0,19248.0,6.0,7900.0,4.0,12979096.426163182,8053007.135575944,1097.55,579.1111111111111,0,20,18,21951,10424,1
117.681762,351.4563284665979,0.3993821914393158,0.1189649080883068,0.2804172833510089,14,33,5372,35988,1372,92,383.7142857142857,427.4608467569914,1372,100,1090.5454545454545,432.0519813639916,1372,92,880.0,538.5017829244077,289984.170212766,280,660,20,14,2.5582991739130434,59.049036,0.0,11.984247228474077,117.681762,59.072031,0.0,9.052443230769232,21.20932384743688,59.164498,59.072678,0.0,1.8488905625,10.277699160123191,12,21,0,0,0,0,0,33,47,0,0,2.357142857142857,880.0,255,285,0,0,0,0,0,0,0,0,1163.0,7.0,30825.0,27.0,54343.25498808466,1986915.0444759568,383.7142857142857,1090.5454545454545,0,14,33,5372,35988,2
5.578087,1700.9415593553847,1.9720022294381567,0.8963646497446167,1.07563757969354,5,6,3609,5879,1372,85,721.8,563.7933664029757,1372,196,979.8333333333334,511.1804693278317,1372,85,862.5454545454545,550.9275424452778,303521.1570247934,100,120,20,5,0.5578087,5.030117,0.0,1.4946694704868395,5.578087,5.302678,0.0,1.39452175,2.259174652615018,0.273185,0.273185,0.0,0.054637,0.109274,3,4,0,0,0,0,0,7,11,0,0,1.2,862.5454545454545,255,501,0,0,0,0,0,0,0,0,0.0,0.0,5281.0,5.0,0.0,0.0,721.8,979.8333333333334,0,5,6,3609,5879,2
0.119367,89463.58708855881,117.28534687141337,67.02019821223621,50.26514865917716,8,6,5784,4895,1294,131,723.0,571.2324395550379,1242,96,815.8333333333334,491.6334734558076,1294,96,762.7857142857143,540.5169719248189,292158.5969387755,160,120,20,8,0.0091820769230769,0.058683,0.0,0.0204136529895728,0.119367,0.060007,0.0,0.0170524285714285,0.02616823672676,0.058704,0.058704,0.0,0.0117408,0.0234816,0,0,0,0,0,0,0,0,0,0,0,0.75,762.7857142857143,0,0,0,0,0,0,0,0,0,0,1591.0,4.0,3807.0,5.0,783357.9517479073,0.0,723.0,815.8333333333334,0,8,6,5784,4895,2
0.105878,76569.25895842384,103.89316005213549,56.66899639207389,47.22416366006158,6,5,3736,4371,1372,78,622.6666666666666,560.6174175753808,1372,325,874.2,453.19240946864943,1372,78,737.0,529.5984756912972,280474.54545454547,120,100,20,6,0.0105878,0.05212,0.0,0.0204168191293355,0.105878,0.053689,0.0,0.0211756,0.0255976062052684,0.0531219999999999,0.052853,0.0,0.0132804999999999,0.0228474574570125,4,4,0,0,0,0,0,8,11,0,0,0.8333333333333334,737.0,255,83,0,0,0,0,0,0,0,0,0.0,0.0,0.0,0.0,0.0,0.0,622.6666666666666,874.2,0,6,5,3736,4371,2
60.668592,128.78162723802788,0.5604217747463136,0.3131768741229399,0.2472449006233736,19,15,3381,4432,1213,40,177.94736842105263,315.2039396100664,1953,40,295.46666666666664,557.5821454179544,1953,40,229.7941176470588,442.8169040965275,196086.81055363323,380,300,20,10,1.8384421818181813,60.001496,0.0,10.28201055563051,60.668592,60.001496,0.0,3.370477333333333,13.735209782658732,60.641845,60.002215,0.000211,4.331560357142857,15.440449762431015,10,7,0,0,0,3,0,17,32,0,0,0.7894736842105263,229.7941176470588,65535,4096,0,0,0,0,0,0,0,0,2254.0,6.0,0.0,0.0,3899653.9792387537,0.0,177.94736842105263,295.46666666666664,0,19,15,3381,4432,4
0.0,0.0,0.0,0.0,0.0,2,0,108,0,54,54,54.0,0.0,0,0,0.0,0.0,54,54,54.0,0.0,0.0,40,0,20,0,0.0,0.0,0.0,0.0,0.0,0.0,0.0,0.0,0.0,0.0,0.0,0.0,0.0,0.0,0,0,0,0,0,0,2,0,2,0,0,0.0,54.0,0,0,0,0,0,0,0,0,0,0,0.0,0.0,0.0,0.0,0.0,0.0,54.0,0.0,0,2,0,108,0,0
0.016099,30623.020063357973,186.34697807317227,124.23131871544815,62.11565935772408,2,1,158,335,79,79,79.0,0.0,335,335,335.0,0.0,335,79,164.33333333333334,120.67955732250412,14563.555555555557,40,20,20,2,0.0080495,0.016099,0.0,0.0080495,0.0,0.0,0.0,0.0,0.0,0.0,0.0,0.0,0.0,0.0,0,0,0,0,0,0,0,0,0,0,0,0.5,164.33333333333334,0,0,0,0,0,0,0,0,0,0,0.0,0.0,0.0,0.0,0.0,0.0,79.0,335.0,0,2,1,158,335,5
0.023395,11669.160076939515,128.23252831801668,85.48835221201112,42.74417610600556,2,1,154,119,77,77,77.0,0.0,119,119,119.0,0.0,119,77,91.0,19.79898987322333,392.0,40,20,20,2,0.0116975,0.023395,0.0,0.0116975,0.0,0.0,0.0,0.0,0.0,0.0,0.0,0.0,0.0,0.0,0,0,0,0,0,0,0,0,0,0,0,0.5,91.0,0,0,0,0,0,0,0,0,0,0,0.0,0.0,0.0,0.0,0.0,0.0,77.0,119.0,0,2,1,154,119,0
0.243729,19435.52059869773,77.95543410919505,41.02917584694476,36.926258262250286,10,9,2448,2289,1397,40,244.8,417.6672838516323,1743,40,254.3333333333333,530.6545224741068,1743,40,249.31578947368425,474.57671473824456,225223.0581717452,200,180,20,4,0.0135404999999999,0.066249,0.0,0.020257419195747,0.211487,0.070877,0.0,0.0234985555555555,0.0281112680772956,0.21427,0.109893,0.00018,0.02678375,0.0351516371409284,4,2,0,0,2,3,0,6,17,0,0,0.9,249.31578947368425,65535,4096,0,0,0,0,0,0,0,0,0.0,0.0,0.0,0.0,0.0,0.0,244.8,254.3333333333333,0,10,9,2448,2289,4
106.351052,29820.64530964865,25.79194045019884,2.294288541687392,23.497651908511447,244,2499,74858,3096599,1278,58,306.7950819672131,464.55271875256864,1278,49,1239.1352541016406,208.7044339010013,1278,49,1156.2001458257382,359.6185015903504,129325.46668608884,4880,49980,20,244,0.0387859416484318,55.426447,0.0,1.2340695914660502,106.351052,55.426447,0.0,0.4376586502057612,4.124472000366096,106.336594,55.447201,1.2e-05,0.0425686925540432,1.2935363858972433,0,0,0,0,0,0,0,0,0,0,0,10.241803278688524,1156.2001458257382,0,0,0,0,0,0,0,0,0,0,4300.0,6.833333333333333,28062.716981132075,23.02830188679245,612644.7016918968,6530368.158767096,306.7950819672131,1239.1352541016406,0,244,2499,74858,3096599,5
0.016502,14967.882680887164,181.79614592170643,121.19743061447096,60.59871530723549,2,1,138,109,69,69,69.0,0.0,109,109,109.0,0.0,109,69,82.33333333333333,18.856180831641264,355.5555555555555,40,20,20,2,0.008251,0.016502,0.0,0.008251,0.0,0.0,0.0,0.0,0.0,0.0,0.0,0.0,0.0,0.0,0,0,0,0,0,0,0,0,0,0,0,0.5,82.33333333333333,0,0,0,0,0,0,0,0,0,0,0.0,0.0,0.0,0.0,0.0,0.0,69.0,109.0,0,2,1,138,109,5
0.082791,150982.59472647993,301.96518945295986,157.02189851553914,144.94329093742073,13,12,2454,10046,1870,40,188.7692307692308,485.6459859492705,2840,40,837.1666666666666,868.1805527781777,2840,40,500.0,767.7067669364391,589373.68,260,240,20,2,0.003449625,0.035351,0.0,0.0081076256430417,0.082751,0.036571,0.0,0.0068959166666666,0.0107548787491873,0.069173,0.035351,0.000142,0.0062884545454545,0.0106510788131671,2,7,0,0,1,3,2,9,22,0,0,0.9230769230769232,500.0,65535,4096,0,0,0,0,0,0,0,0,0.0,0.0,9379.0,6.0,0.0,1645438.596491228,188.7692307692308,837.1666666666666,0,13,12,2454,10046,1
0.092412,2467.2120503830674,32.46331645240878,21.64221096827252,10.82110548413626,2,1,152,76,76,76,76.0,0.0,76,76,76.0,0.0,76,76,76.0,0.0,0.0,40,20,20,2,0.046206,0.092412,0.0,0.046206,0.0,0.0,0.0,0.0,0.0,0.0,0.0,0.0,0.0,0.0,0,0,0,0,0,0,0,0,0,0,0,0.5,76.0,0,0,0,0,0,0,0,0,0,0,0.0,0.0,0.0,0.0,0.0,0.0,76.0,76.0,0,2,1,152,76,4
62.44861,112.01210082978628,0.4163423333201491,0.2081711666600745,0.2081711666600745,13,13,3548,3447,2088,40,272.9230769230769,532.4540372418525,1440,40,265.15384615384613,436.8276981486207,2088,40,269.03846153846155,487.00919915251256,237177.9600591717,260,260,20,8,2.4979444,62.181286,0.0,12.182852372217244,0.267202,0.160565,0.0,0.0222668333333333,0.0440524674107163,62.414925,62.181286,0.000228,5.20124375,17.180182615154173,7,3,0,0,0,3,1,10,24,0,0,1.0,269.03846153846155,65535,4096,0,0,0,0,0,0,0,0,722.0,4.0,0.0,0.0,312960.5548331166,0.0,272.9230769230769,265.15384615384613,0,13,13,3548,3447,4
117.001979,167.93733035917282,0.2136715995205517,0.0769217758273986,0.136749823693153,9,16,4288,15361,1372,85,476.44444444444446,508.6354536319289,1372,93,960.0625,548.3924767844194,1372,85,785.96,582.6602770053919,339492.99840000004,180,320,20,9,4.875082458333334,58.515542,0.0,16.148581590112112,116.974599,58.54046,0.0,14.621824875,25.303145350891484,116.962854,58.542922,0.0,7.7975236,19.8714627687866,7,11,0,0,0,0,0,18,25,0,0,1.7777777777777777,785.96,255,139,0,0,0,0,0,0,0,0,0.0,0.0,5720.5,5.5,0.0,0.0,476.44444444444446,960.0625,0,9,16,4288,15361,2
0.011982,16357.870138541146,250.37556334501755,166.9170422300117,83.45852111500585,2,1,120,76,60,60,60.0,0.0,76,76,76.0,0.0,76,60,65.33333333333333,7.542472332656507,56.88888888888889,40,20,20,2,0.005991,0.011982,0.0,0.005991,0.0,0.0,0.0,0.0,0.0,0.0,0.0,0.0,0.0,0.0,0,0,0,0,0,0,0,0,0,0,0,0.5,65.33333333333333,0,0,0,0,0,0,0,0,0,0,0.0,0.0,0.0,0.0,0.0,0.0,60.0,76.0,0,2,1,120,76,5
0.001302,202764.9769585253,2304.147465437788,2304.147465437788,0.0,3,0,264,0,93,78,88.0,7.071067811865476,0,0,0.0,0.0,93,78,88.0,7.071067811865476,50.0,60,0,20,3,0.000651,0.001302,0.0,0.000651,0.001302,0.001302,0.0,0.000651,0.000651,0.0,0.0,0.0,0.0,0.0,3,0,0,0,0,0,0,3,3,0,0,0.0,88.0,251,0,0,0,0,0,0,0,0,0,0.0,0.0,0.0,0.0,0.0,0.0,88.0,0.0,0,3,0,264,0,2
0.851892,4126.109882473365,21.1294389429646,10.5647194714823,10.5647194714823,9,9,1493,2022,572,40,165.88888888888889,199.28006224877728,838,40,224.66666666666663,273.11169876078174,838,40,195.27777777777777,240.86298676853968,58014.97839506173,180,180,20,4,0.050111294117647,0.508442,0.0,0.1196437549147048,0.8516290000000001,0.523641,0.0,0.106453625,0.1637894134398935,0.771319,0.50861,0.00337,0.096414875,0.160232803642417,4,4,0,0,0,3,0,8,16,0,0,1.0,195.27777777777777,65535,4096,0,0,0,0,0,0,0,0,0.0,0.0,0.0,0.0,0.0,0.0,165.88888888888889,224.66666666666663,0,9,9,1493,2022,5
20.514762,1482.200963384318,10.529003456145384,4.874538637104345,5.654464819041039,100,116,21133,9274,1278,57,211.33,305.7861035102805,838,50,79.94827586206897,101.38428471258511,1278,50,140.77314814814815,230.4367821665507,53101.11057527434,2000,2320,20,100,0.0954174976744186,5.517599,0.0,0.4242004828928084,20.479532,5.517599,0.0,0.2068639595959596,0.6143068001371678,20.407468,5.576189,1.7e-05,0.1774562434782609,0.580149373545058,0,0,0,0,0,0,0,0,0,0,0,1.16,140.77314814814815,0,0,0,0,0,0,0,0,0,0,2768.5,4.0,0.0,0.0,81260.36484245438,0.0,211.33,79.94827586206897,0,100,116,21133,9274,5
0.016515,18770.81441114139,181.65304268846504,121.1020284589767,60.55101422948835,2,1,156,154,78,78,78.0,0.0,154,154,154.0,0.0,154,78,103.33333333333331,35.82674358011841,1283.5555555555557,40,20,20,2,0.0082575,0.016515,0.0,0.0082575,0.0,0.0,0.0,0.0,0.0,0.0,0.0,0.0,0.0,0.0,0,0,0,0,0,0,0,0,0,0,0,0.5,103.33333333333331,0,0,0,0,0,0,0,0,0,0,0.0,0.0,0.0,0.0,0.0,0.0,78.0,154.0,0,2,1,156,154,0
0.029157,13135.782144939469,102.89124395513942,68.59416263675962,34.29708131837981,2,1,170,213,85,85,85.0,0.0,213,213,213.0,0.0,213,85,127.66666666666669,60.339778661252055,3640.888888888889,40,20,20,2,0.0145785,0.029157,0.0,0.0145785,0.0,0.0,0.0,0.0,0.0,0.0,0.0,0.0,0.0,0.0,0,0,0,0,0,0,0,0,0,0,0,0.5,127.66666666666669,0,0,0,0,0,0,0,0,0,0,0.0,0.0,0.0,0.0,0.0,0.0,85.0,213.0,0,2,1,170,213,3
0.345874,3102.2858035006966,40.47716798602959,26.021036562447595,14.456131423581995,9,5,576,497,87,54,64.0,12.657891697365017,276,54,99.4,88.31217356627567,276,54,76.64285714285714,56.35678073394431,3176.086734693877,180,100,20,3,0.0266056923076923,0.205607,0.0,0.0561901826401738,0.345874,0.205607,0.0,0.0432342499999999,0.0732234010882962,0.342053,0.20899,0.006459,0.08551325,0.0755223456480762,3,2,0,0,2,3,0,5,12,0,0,0.5555555555555556,76.64285714285714,65535,65535,0,0,0,0,0,0,0,0,0.0,0.0,0.0,0.0,0.0,0.0,64.0,99.4,0,9,5,576,497,1
91.724101,499.9340358756964,2.8236853474312054,1.2864666833856455,1.5372186640455598,118,141,34148,11708,1278,61,289.3898305084746,380.7258463331233,833,50,83.0354609929078,111.98774067578525,1278,50,177.05019305019306,288.8408624358819,83429.04381270405,2360,2820,20,118,0.3555197713178294,11.781306,0.0,1.395077031278512,91.724101,11.823002,0.0,0.7839666752136752,2.0037404486011248,91.629846,11.824155,2.5e-05,0.6544989,1.8639020946565807,0,0,0,0,0,0,0,0,0,0,0,1.194915254237288,177.05019305019306,0,0,0,0,0,0,0,0,0,0,3146.0,4.5,133.0,4.0,86455.88578809239,10317.008843150435,289.3898305084746,83.0354609929078,0,118,141,34148,11708,5
4.919541,10738.196917151416,10.97663379571387,4.675232912989241,6.301400882724629,23,31,6329,46498,1401,40,275.17391304347825,465.0881779109356,7289,40,1499.9354838709678,1417.0678481146376,7289,40,978.2777777777778,1269.5265728356392,1611697.7191358032,460,620,20,7,0.0928215283018868,3.433942,0.0,0.4800680501865041,4.918788,3.433942,0.0,0.2235812727272727,0.7252805220942372,4.889258,3.437537,5.6e-05,0.1629752666666666,0.6317800481338387,7,22,0,0,1,3,1,29,52,0,0,1.3478260869565215,978.2777777777778,65535,4096,0,0,0,0,0,0,0,0,0.0,0.0,24978.0,14.0,0.0,333493.55122967233,275.17391304347825,1499.9354838709678,0,23,31,6329,46498,4
0.391851,8093364.569696134,6765.326616494534,436.39036266335927,6328.936253831175,171,2480,17655,3153738,1278,59,103.24561403508773,210.528931270303,1278,52,1271.6685483870967,81.6799703671784,1278,52,1196.3006412674465,302.4591111457751,91481.51391509236,3420,49600,20,171,0.0001478683018867,0.012779,0.0,0.0005770418712244,0.391851,0.0146,0.0,0.0023050058823529,0.0026098799983615,0.377133,0.020917,1.3e-05,0.0001521311012505,0.0007210027793445,0,0,0,0,0,0,0,0,0,0,0,14.502923976608187,1196.3006412674465,0,0,0,0,0,0,0,0,0,0,718.5,5.166666666666667,33536.85555555556,26.92222222222222,371766.1262504312,16097261.406362496,103.24561403508773,1271.6685483870967,0,171,2480,17655,3153738,5
60.785109,44.08974573032352,0.2961251578902326,0.1480625789451163,0.1480625789451163,9,9,1456,1224,572,40,161.77777777777777,201.6739821140258,575,40,136.0,167.5861304258533,575,40,148.88888888888889,185.8625205446484,34544.87654320986,180,180,20,3,3.575594647058824,60.393595,0.0,14.204556296474143,0.391514,0.128619,0.0,0.04893925,0.0479132502387126,60.688348,60.439008,0.000205,7.586043500000001,19.976594306927552,3,4,0,0,0,3,1,7,16,0,0,1.0,148.88888888888889,65535,4096,0,0,0,0,0,0,0,0,0.0,0.0,0.0,0.0,0.0,0.0,161.77777777777777,136.0,0,9,9,1456,1224,4
37.106948,587.8413929380556,1.6708461175518934,0.781524796919434,0.8893213206324594,29,33,11597,10216,1278,58,399.8965517241379,468.221973944689,1278,50,309.5757575757576,366.762248999393,1278,50,351.8225806451613,419.7276968346436,176171.33949011448,580,660,20,29,0.6083106229508196,27.411954,0.0,3.5136347952582776,37.06995,27.454146,0.0,1.323926785714286,5.103690081236519,37.094363,27.47693,3.1e-05,1.1591988437499998,4.798860543404276,0,0,0,0,0,0,0,0,0,0,0,1.137931034482759,351.8225806451613,0,0,0,0,0,0,0,0,0,0,3607.0,6.0,1854.5,5.0,4127002.28832952,126630.24923181972,399.8965517241379,309.5757575757576,0,29,33,11597,10216,1
0.137827,54096.80251329565,87.06566928105524,43.53283464052762,43.53283464052762,6,6,3785,3671,1372,85,630.8333333333334,554.2440547468436,1372,85,611.8333333333334,548.0858864164346,1372,85,621.3333333333334,551.2554358512535,303882.5555555556,120,120,20,6,0.0125297272727272,0.048119,0.0,0.0162775544851347,0.106327,0.050795,0.0,0.0212653999999999,0.0192930254299319,0.089708,0.032991,0.0,0.0179416,0.0147483460306571,4,5,0,0,0,0,0,9,12,0,0,1.0,621.3333333333334,255,285,0,0,0,0,0,0,0,0,0.0,0.0,0.0,0.0,0.0,0.0,630.8333333333334,611.8333333333334,0,6,6,3785,3671,2
27.821004,14244.95679595172,23.21986654399676,16.246717767626215,6.973148776370544,452,194,382310,13999,1278,61,845.8185840707964,521.8320668819747,125,51,72.15979381443299,21.69612612005381,1278,51,613.4814241486068,562.5320263013388,316442.2806146901,9040,3880,20,452,0.0431333395348837,6.95329,0.0,0.3589954074969378,27.821004,7.065791,0.0,0.0616873702882483,0.4402149475581409,26.376448,7.043934,2e-05,0.1366655336787565,0.6578220207721985,0,0,0,0,0,0,0,0,0,0,0,0.4292035398230088,613.4814241486068,0,0,0,0,0,0,0,0,0,0,10812.65625,12.0625,232.1764705882353,5.0588235294117645,266429.24519221514,17071.06094027075,845.8185840707964,72.15979381443299,0,452,194,382310,13999,5
0.098001,2326.506872378853,30.6119325313007,20.40795502086713,10.203977510433566,2,1,152,76,76,76,76.0,0.0,76,76,76.0,0.0,76,76,76.0,0.0,0.0,40,20,20,2,0.0490005,0.098001,0.0,0.0490005,0.0,0.0,0.0,0.0,0.0,0.0,0.0,0.0,0.0,0.0,0,0,0,0,0,0,0,0,0,0,0,0.5,76.0,0,0,0,0,0,0,0,0,0,0,0.0,0.0,0.0,0.0,0.0,0.0,76.0,76.0,0,2,1,152,76,4
64.775679,1698.708553869424,0.7873325418943119,0.3241957525447166,0.4631367893495953,21,30,3163,106872,1808,40,150.61904761904762,375.6847052149267,10000,40,3562.4,2955.6699928555395,10000,40,2157.549019607843,2831.3191916921232,8016368.365244137,420,600,20,6,1.2955135800000002,64.643449,0.0,9.049707604702553,0.13214,0.032044,0.0,0.006607,0.0098529123258049,64.74799900000001,64.643449,6.7e-05,2.232689620689656,11.794527094812276,6,22,0,0,0,3,1,28,49,0,0,1.4285714285714286,2157.549019607843,65535,4096,0,0,0,0,0,0,0,0,0.0,0.0,99257.0,20.0,0.0,2800468.357644669,150.61904761904762,3562.4,0,21,30,3163,106872,5
0.262515,37487.381673428186,102.85126564196332,45.711673618650366,57.13959202331296,12,15,4960,4881,1278,59,413.3333333333333,506.6212150665975,1278,49,325.4,437.006910700506,1278,49,364.4814814814815,471.2534405313345,222079.80521262003,240,300,20,12,0.0100967307692307,0.117624,0.0,0.0236301917088445,0.262515,0.118176,0.0,0.023865,0.0343670137142633,0.241067,0.117796,3.3e-05,0.0172190714285714,0.0321213831103747,0,0,0,0,0,0,0,0,0,0,0,1.25,364.4814814814815,0,0,0,0,0,0,0,0,0,0,0.0,0.0,1522.5,4.0,0.0,118064.4410840991,413.3333333333333,325.4,0,12,15,4960,4881,5
73.231094,19.677433741465062,0.1228986146240011,0.068277008124445,0.054621606499556,5,4,430,1011,89,80,86.0,3.286335345030997,358,170,252.75,73.24402706023201,358,80,160.11111111111111,96.20746615107308,9255.876543209875,100,80,20,5,9.15388675,53.092672,0.0,17.657073637249752,73.20994,53.120955,0.0,18.302485,21.38075477197805,73.20281100000001,53.132237,1.516796,24.400937,21.473710883847115,0,0,0,0,0,0,0,0,0,0,0,0.8,160.11111111111111,0,0,0,0,0,0,0,0,0,0,0.0,0.0,0.0,0.0,0.0,0.0,86.0,252.75,0,5,4,430,1011,0
1.034104,8540.727044862026,12.57126942744637,5.802124351129094,6.769145076317276,6,7,3821,5011,1372,85,636.8333333333334,549.5629829439226,1372,104,715.8571428571429,575.7728789750914,1372,85,679.3846153846154,565.2020113282219,319453.31360946747,120,140,20,6,0.0861753333333333,0.348778,0.0,0.1481564820526669,0.700439,0.353094,0.0,0.1400878,0.1712733317389487,0.685326,0.346552,0.0,0.114221,0.1603370782674217,4,4,0,0,0,0,0,8,13,0,0,1.1666666666666667,679.3846153846154,255,186,0,0,0,0,0,0,0,0,0.0,0.0,4310.0,4.0,0.0,1235310.9773574087,636.8333333333334,715.8571428571429,0,6,7,3821,5011,2
0.002381,110877.78244435112,1259.97480050399,1259.97480050399,0.0,3,0,264,0,93,78,88.0,7.071067811865476,0,0,0.0,0.0,93,78,88.0,7.071067811865476,50.0,60,0,20,3,0.0011905,0.002381,0.0,0.0011905,0.002381,0.002381,0.0,0.0011905,0.0011905,0.0,0.0,0.0,0.0,0.0,3,0,0,0,0,0,0,3,3,0,0,0.0,88.0,255,0,0,0,0,0,0,0,0,0,0.0,0.0,0.0,0.0,0.0,0.0,88.0,0.0,0,3,0,264,0,2
0.142288,52400.76464635106,84.33599460249634,42.16799730124817,42.16799730124817,6,6,3785,3671,1372,85,630.8333333333334,554.2440547468436,1372,85,611.8333333333334,548.0858864164346,1372,85,621.3333333333334,551.2554358512535,303882.5555555556,120,120,20,6,0.0129352727272727,0.043281,0.0,0.0166677352995699,0.112574,0.044489,0.0,0.0225148,0.0187789571744546,0.099007,0.034252,0.0,0.0198014,0.0162182094646727,4,5,0,0,0,0,0,9,12,0,0,1.0,621.3333333333334,255,285,0,0,0,0,0,0,0,0,0.0,0.0,0.0,0.0,0.0,0.0,630.8333333333334,611.8333333333334,0,6,6,3785,3671,2
60.26542,102.3472498822708,0.2488989539938492,0.1327461087967195,0.1161528451971296,8,7,2247,3921,1863,40,280.875,598.3371619538602,1763,40,560.1428571428571,686.0917116061773,1863,40,411.2,655.7579024812943,430018.4266666668,160,140,20,2,4.304672857142857,59.97062,0.0,15.43899038379254,0.2948,0.124246,0.0,0.0421142857142857,0.0483100587624632,60.185629,60.014444,0.000353,10.030938166666669,22.35333113017592,2,3,0,0,0,3,1,5,13,0,0,0.875,411.2,65535,4096,0,0,0,0,0,0,0,0,0.0,0.0,0.0,0.0,0.0,0.0,280.875,560.1428571428571,0,8,7,2247,3921,1
0.01731,18486.42403235124,173.3102253032929,115.54015020219526,57.77007510109763,2,1,156,164,78,78,78.0,0.0,164,164,164.0,0.0,164,78,106.66666666666669,40.54078878802872,1643.5555555555554,40,20,20,2,0.008655,0.01731,0.0,0.008655,0.0,0.0,0.0,0.0,0.0,0.0,0.0,0.0,0.0,0.0,0,0,0,0,0,0,0,0,0,0,0,0.5,106.66666666666669,0,0,0,0,0,0,0,0,0,0,0.0,0.0,0.0,0.0,0.0,0.0,78.0,164.0,0,2,1,156,164,3
25.897197,80801.64042463747,69.81450540767018,6.101046379652594,63.71345902801759,158,1650,26625,2065911,1278,60,168.5126582278481,310.5768161027619,1278,50,1252.067272727273,171.14549106168062,1278,50,1157.3761061946902,358.8831435948472,128797.11075651969,3160,33000,20,158,0.0143315976757055,22.597104,0.0,0.5356614674772572,25.888166,22.597104,0.0,0.1648927770700637,1.810560738580543,25.88296,22.610743,1e-05,0.0156961552456033,0.5611248584922245,0,0,0,0,0,0,0,0,0,0,0,10.443037974683543,1157.3761061946902,0,0,0,0,0,0,0,0,0,0,1682.0,5.125,28536.579710144928,23.26086956521739,1441611.3134776088,9108767.255097888,168.5126582278481,1252.067272727273,0,158,1650,26625,2065911,5
0.013777,21702.838063439067,217.7542280612616,145.16948537417434,72.58474268708717,2,1,166,133,83,83,83.0,0.0,133,133,133.0,0.0,133,83,99.66666666666669,23.570226039551585,555.5555555555555,40,20,20,2,0.0068885,0.013777,0.0,0.0068885,0.0,0.0,0.0,0.0,0.0,0.0,0.0,0.0,0.0,0.0,0,0,0,0,0,0,0,0,0,0,0,0.5,99.66666666666669,0,0,0,0,0,0,0,0,0,0,0.0,0.0,0.0,0.0,0.0,0.0,83.0,133.0,0,2,1,166,133,5
0.173178,2833316.0101167583,2794.812274076384,594.7637690699743,2200.0485050064094,103,381,12063,478605,1278,59,117.11650485436893,236.4394173506277,1278,54,1256.181102362205,142.22438469153082,1278,54,1013.7768595041322,495.1507031231607,245174.2188033604,2060,7620,20,103,0.0003585465838509,0.019971,0.0,0.0013990082731889,0.153207,0.013824,0.0,0.0015020294117647,0.0026998234998805,0.161167,0.022615,1.7e-05,0.0004241236842105,0.0018218472343279,0,0,0,0,0,0,0,0,0,0,0,3.699029126213592,1013.7768595041322,0,0,0,0,0,0,0,0,0,0,307.6,5.2,16815.833333333332,13.625,259621.8771100608,10600162.845060805,117.11650485436893,1256.181102362205,0,103,381,12063,478605,5
99.537349,214.70332708981428,0.5224169673234917,0.2411155233800731,0.2813014439434186,24,28,10335,11036,1278,60,430.625,497.48834261886645,1278,50,394.1428571428572,499.0431354306041,1278,50,410.9807692307692,498.65790996297153,248659.71116863904,480,560,20,24,1.9517127254901965,45.22456,0.0,8.344775916506528,99.495995,45.271334,0.0,4.325912826086957,12.021432097014294,99.519492,45.263904,8.6e-05,3.6859071111111112,11.20012531312676,0,0,0,0,0,0,0,0,0,0,0,1.1666666666666667,410.9807692307692,0,0,0,0,0,0,0,0,0,0,2004.0,5.0,3790.0,4.0,189056.60377358488,2805329.3856402664,430.625,394.1428571428572,0,24,28,10335,11036,5
0.02511,10195.141377937076,119.47431302270012,79.6495420151334,39.8247710075667,2,1,154,102,77,77,77.0,0.0,102,102,102.0,0.0,102,77,85.33333333333333,11.785113019775793,138.88888888888889,40,20,20,2,0.012555,0.02511,0.0,0.012555,0.0,0.0,0.0,0.0,0.0,0.0,0.0,0.0,0.0,0.0,0,0,0,0,0,0,0,0,0,0,0,0.5,85.33333333333333,0,0,0,0,0,0,0,0,0,0,0.0,0.0,0.0,0.0,0.0,0.0,77.0,102.0,0,2,1,154,102,3
0.028881,17070.046051037014,103.87451958034694,69.2496797202313,34.62483986011565,2,1,138,355,69,69,69.0,0.0,355,355,355.0,0.0,355,69,164.33333333333334,134.82169294623506,18176.88888888889,40,20,20,2,0.0144405,0.028881,0.0,0.0144405,0.0,0.0,0.0,0.0,0.0,0.0,0.0,0.0,0.0,0.0,0,0,0,0,0,0,0,0,0,0,0,0.5,164.33333333333334,0,0,0,0,0,0,0,0,0,0,0.0,0.0,0.0,0.0,0.0,0.0,69.0,355.0,0,2,1,138,355,3
0.452813,5642.505846784434,33.12625741752114,17.66733728934461,15.458920128176532,8,7,1411,1144,572,40,176.375,208.014385019402,659,40,163.42857142857142,213.45716006654231,659,40,170.33333333333334,210.6708860336953,44382.22222222223,160,140,20,3,0.0323437857142857,0.198955,0.0,0.0600325649248312,0.452813,0.200581,0.0,0.0646875714285714,0.0725573413709207,0.334516,0.198955,0.000589,0.0557526666666666,0.0736517110112785,3,3,0,0,0,3,0,6,13,0,0,0.875,170.33333333333334,65535,4096,0,0,0,0,0,0,0,0,0.0,0.0,0.0,0.0,0.0,0.0,176.375,163.42857142857142,0,8,7,1411,1144,3
0.131136,6680.0878477306005,106.75939482674475,61.00536847242557,45.75402635431918,8,6,490,386,86,54,61.25,10.580051984749414,103,54,64.33333333333333,17.82008853949821,103,54,62.57142857142857,14.226305040383496,202.38775510204087,160,120,20,2,0.0100873846153846,0.064519,0.0,0.0191620608717348,0.131136,0.112117,0.0,0.0187337142857142,0.0382343118218413,0.12445,0.064519,0.0,0.02489,0.0261921968303538,2,2,0,0,2,3,0,4,12,0,0,0.75,62.57142857142857,65535,65535,0,0,0,0,0,0,0,0,0.0,0.0,0.0,0.0,0.0,0.0,61.25,64.33333333333333,0,8,6,490,386,3
0.05469,8941.305540318157,54.85463521667581,36.5697568111172,18.2848784055586,2,1,166,323,83,83,83.0,0.0,323,323,323.0,0.0,323,83,163.0,113.1370849898476,12800.0,40,20,20,2,0.027345,0.05469,0.0,0.027345,0.0,0.0,0.0,0.0,0.0,0.0,0.0,0.0,0.0,0.0,0,0,0,0,0,0,0,0,0,0,0,0.5,163.0,0,0,0,0,0,0,0,0,0,0,0.0,0.0,0.0,0.0,0.0,0.0,83.0,323.0,0,2,1,166,323,0
0.116098,8389.464073455183,120.58777928991024,68.90730245137728,51.68047683853296,8,6,499,475,95,54,62.375,13.284742187938765,192,54,79.16666666666667,50.64390936287951,192,54,69.57142857142857,35.624458463481616,1269.102040816327,160,120,20,2,0.0089306153846153,0.050253,0.0,0.0172255226985042,0.1160979999999999,0.101894,0.0,0.0165854285714285,0.0349072165353369,0.109421,0.051644,0.0,0.0218842,0.0237773439509125,2,2,0,0,2,3,0,4,12,0,0,0.75,69.57142857142857,65535,65535,0,0,0,0,0,0,0,0,0.0,0.0,0.0,0.0,0.0,0.0,62.375,79.16666666666667,0,8,6,499,475,0
13.409067,259764.90385199804,222.2376843966848,18.19664261503056,204.0410417816541,244,2736,40207,3442998,1278,59,164.7827868852459,317.5469468821901,1278,49,1258.405701754386,148.15679134380295,1278,49,1168.8607382550335,343.9762347448638,118319.65006925364,4880,54720,20,244,0.0045011973816717,11.011106,0.0,0.2020942629368132,13.397269,11.011106,0.0,0.0551327942386831,0.70565786875089,13.389561,11.021206,1e-05,0.0048956347349177,0.2111491753544104,0,0,0,0,0,0,0,0,0,0,0,11.21311475409836,1168.8607382550335,0,0,0,0,0,0,0,0,0,0,1771.3636363636365,5.818181818181818,22591.33333333333,18.29931972789116,19675.69685390808,9554449.49205792,164.7827868852459,1258.405701754386,0,244,2736,40207,3442998,5
11.185566,22.1714305740094,0.4470046486695443,0.2682027892017266,0.1788018594678177,3,2,160,88,60,40,53.333333333333336,9.428090415820632,48,40,44.0,4.0,60,40,49.6,8.97997772825746,80.64,60,40,20,0,2.7963915,11.132157,0.0,4.8127050173947135,11.185566,11.185566,0.0,5.592783,5.592783,0.0,0.0,0.0,0.0,0.0,0,0,0,0,1,3,1,0,2,0,0,0.6666666666666666,49.6,65535,4096,0,0,0,0,0,0,0,0,0.0,0.0,0.0,0.0,0.0,0.0,53.333333333333336,44.0,0,3,2,160,88,4
0.031641,10334.69232957239,94.8136910969944,63.20912739799626,31.60456369899813,2,1,180,147,90,90,90.0,0.0,147,147,147.0,0.0,147,90,109.0,26.87005768508881,722.0,40,20,20,2,0.0158205,0.031641,0.0,0.0158205,0.0,0.0,0.0,0.0,0.0,0.0,0.0,0.0,0.0,0.0,0,0,0,0,0,0,0,0,0,0,0,0.5,109.0,0,0,0,0,0,0,0,0,0,0,0.0,0.0,0.0,0.0,0.0,0.0,90.0,147.0,0,2,1,180,147,0
1.004611,633623.362674707,659.9569385563169,161.2564465250729,498.700492031244,162,501,22882,613663,1278,58,141.2469135802469,274.50476309093403,1278,49,1224.87624750499,241.184553148281,1278,49,960.0980392156864,528.3771886021096,279182.45343506936,3240,10020,20,162,0.0015175392749244,0.404688,0.0,0.0159881587913833,1.004611,0.404688,0.0,0.0062398198757763,0.0321607741986182,0.974536,0.431777,1.2e-05,0.001949072,0.0198179297084941,0,0,0,0,0,0,0,0,0,0,0,3.092592592592593,960.0980392156864,0,0,0,0,0,0,0,0,0,0,1061.2,4.5,10350.979166666666,8.625,23005.84901815407,6490998.641304348,141.2469135802469,1224.87624750499,0,162,501,22882,613663,5
0.733302,1879101.6525251528,1708.709372127718,204.55419458831423,1504.155177539404,150,1103,32736,1345213,1278,59,218.24,384.76993437637503,1278,49,1219.5947416137806,253.35298524194968,1278,49,1099.7198723064646,424.1392999832096,179894.14579024704,3000,22060,20,150,0.0005857044728434,0.116456,0.0,0.004465675004401,0.733302,0.116456,0.0,0.0049214899328859,0.0129415144304387,0.704659,0.164706,1e-05,0.0006394364791288,0.0059693621132469,0,0,0,0,0,0,0,0,0,0,0,7.353333333333333,1099.7198723064646,0,0,0,0,0,0,0,0,0,0,9365.0,12.0,16668.81818181818,13.77922077922078,134641.65049241608,9296742.696962891,218.24,1219.5947416137806,0,150,1103,32736,1345213,5
0.042977,11471.252065058054,69.8047793005561,46.53651953370407,23.26825976685204,2,1,158,335,79,79,79.0,0.0,335,335,335.0,0.0,335,79,164.33333333333334,120.67955732250412,14563.555555555557,40,20,20,2,0.0214885,0.042977,0.0,0.0214885,0.0,0.0,0.0,0.0,0.0,0.0,0.0,0.0,0.0,0.0,0,0,0,0,0,0,0,0,0,0,0,0.5,164.33333333333334,0,0,0,0,0,0,0,0,0,0,0.0,0.0,0.0,0.0,0.0,0.0,79.0,335.0,0,2,1,158,335,4
0.064617,3776.096073788632,46.42741074330285,30.9516071622019,15.47580358110095,2,1,120,124,60,60,60.0,0.0,124,124,124.0,0.0,124,60,81.33333333333333,30.169889330626027,910.2222222222222,40,20,20,2,0.0323085,0.064617,0.0,0.0323085,0.0,0.0,0.0,0.0,0.0,0.0,0.0,0.0,0.0,0.0,0,0,0,0,0,0,0,0,0,0,0,0.5,81.33333333333333,0,0,0,0,0,0,0,0,0,0,0.0,0.0,0.0,0.0,0.0,0.0,60.0,124.0,0,2,1,120,124,4
63.414733,176.0316486706646,0.3942301546866089,0.1892304742495722,0.2049996804370366,12,13,2749,8414,1799,40,229.0833333333333,477.5832315477121,4240,40,647.2307692307693,1156.7155859352645,4240,40,446.52,921.3459337295628,848878.3296,240,260,20,6,2.6422805416666666,63.344986,0.0,12.657390087658769,0.069479,0.018867,0.0,0.0063162727272727,0.0066952278539665,63.40053,63.344986,0.000208,5.283377499999999,17.506234540375896,6,5,0,0,0,3,1,11,23,0,0,1.0833333333333333,446.52,65535,4096,0,0,0,0,0,0,0,0,0.0,0.0,0.0,0.0,0.0,0.0,229.0833333333333,647.2307692307693,0,12,13,2749,8414,5
120.570615,4.719226156389763,0.0331755793067821,0.0248816844800866,0.0082938948266955,3,1,250,319,84,83,83.33333333333333,0.4714045207910317,319,319,319.0,0.0,319,83,142.25,102.04747669589877,10413.6875,60,20,20,3,40.190205,120.543507,0.0,56.81836581269781,120.570615,120.570615,0.0,60.2853075,60.2853075,0.0,0.0,0.0,0.0,0.0,0,0,0,0,0,0,0,0,0,0,0,0.3333333333333333,142.25,0,0,0,0,0,0,0,0,0,0,0.0,0.0,0.0,0.0,0.0,0.0,83.33333333333333,319.0,0,3,1,250,319,3
0.150297,6493.808924995177,93.14889851427507,53.22794200815719,39.92095650611789,8,6,499,477,95,54,62.375,13.284742187938765,194,54,79.5,51.38660655592402,194,54,69.71428571428571,36.11574364145795,1304.34693877551,160,120,20,2,0.0115613076923076,0.087707,0.0,0.025137690758591,0.150297,0.138993,0.0,0.021471,0.0480073528058835,0.14684,0.087707,0.0,0.029368,0.0344277218473717,2,2,0,0,2,3,0,4,12,0,0,0.75,69.71428571428571,65535,65535,0,0,0,0,0,0,0,0,0.0,0.0,0.0,0.0,0.0,0.0,62.375,79.5,0,8,6,499,477,3
0.153343,48805.61877620759,78.25593603881494,39.12796801940747,39.12796801940747,6,6,3794,3690,1372,85,632.3333333333334,554.276304943863,1372,85,615.0,546.9296115589282,1372,85,623.6666666666666,550.6834137889231,303252.22222222225,120,120,20,6,0.0139402727272727,0.053071,0.0,0.0186651060299007,0.100272,0.04109,0.0,0.0200544,0.0169041561351047,0.114243,0.054639,0.0,0.0228486,0.0207547403317892,4,5,0,0,0,0,0,9,12,0,0,1.0,623.6666666666666,255,288,0,0,0,0,0,0,0,0,0.0,0.0,0.0,0.0,0.0,0.0,632.3333333333334,615.0,0,6,6,3794,3690,2
4.604532,63343.028129677456,69.06239331163297,18.242896346469088,50.819496965163886,84,234,25293,266372,1278,59,301.10714285714283,457.5145591713355,1278,51,1138.3418803418804,363.7435501796823,1278,51,897.7275132275132,545.8651231112551,297968.7326292657,2260,5300,20,113,0.0145253375394321,1.038884,0.0,0.1067473977138748,4.57017,1.068676,0.0,0.0550622891566265,0.2069915249327582,4.574549,1.038884,4.3e-05,0.0196332575107296,0.1248775660211863,0,0,0,0,0,0,0,0,0,0,0,2.345132743362832,897.7275132275132,0,0,0,0,0,0,0,0,0,0,4028.909090909091,6.454545454545454,12430.09523809524,11.142857142857142,41427.71276362049,209869.74395010053,301.10714285714283,1138.3418803418804,0,84,234,25293,266372,5
0.096827,106685.1188201638,134.26007208733105,61.9661871172297,72.29388497010132,6,7,3743,6587,1372,78,623.8333333333334,560.6449906630359,1372,125,941.0,527.8208570555518,1372,78,794.6153846153846,565.7601473934853,320084.5443786982,120,140,20,6,0.0080689166666666,0.04765,0.0,0.0141279012327753,0.096827,0.068692,0.0,0.0193654,0.0265076480706983,0.047972,0.031369,0.0,0.0079953333333333,0.0120838848563788,4,5,0,0,0,0,0,9,13,0,0,1.1666666666666667,794.6153846153846,255,136,0,0,0,0,0,0,0,0,0.0,0.0,5959.0,5.0,0.0,358911.04017346265,623.8333333333334,941.0,0,6,7,3743,6587,2
0.061438,15430.189784823724,227.87200104170057,130.2125720238289,97.65942901787167,8,6,501,447,97,54,62.625,13.900876770909091,164,54,74.5,40.256469459371786,164,54,67.71428571428571,28.97395029881785,839.4897959183671,160,120,20,2,0.004726,0.042725,0.0,0.011122878231548,0.061438,0.051597,0.0,0.0087768571428571,0.0175409170914226,0.058549,0.045792,0.0,0.0117098,0.0171544120552119,2,2,0,0,2,3,0,4,12,0,0,0.75,67.71428571428571,65535,65535,0,0,0,0,0,0,0,0,0.0,0.0,0.0,0.0,0.0,0.0,62.625,74.5,0,8,6,501,447,0
0.062731,106661.77806825972,302.8805534743588,159.41081761808357,143.4697358562752,10,9,2306,4385,1842,40,230.6,537.4771064891974,1440,40,487.22222222222223,565.6032723812647,1842,40,352.1578947368421,565.6819138887428,319996.027700831,200,180,20,2,0.0034850555555555,0.028591,0.0,0.0074891078201183,0.062704,0.028714,0.0,0.0069671111111111,0.0095915360077338,0.050549,0.028591,7.8e-05,0.006318625,0.0097712296301118,2,4,0,0,1,3,2,6,16,0,0,0.9,352.1578947368421,65535,4096,0,0,0,0,0,0,0,0,0.0,0.0,0.0,0.0,0.0,0.0,230.6,487.22222222222223,0,10,9,2306,4385,1
0.145164,6385.880796891792,96.44264418175304,55.11008238957318,41.33256179217988,8,6,501,426,97,54,62.625,13.900876770909091,143,54,71.0,32.48589437484111,143,54,66.21428571428571,24.08075275113352,579.8826530612246,160,120,20,2,0.0111664615384615,0.079505,0.0,0.0223035653431856,0.145164,0.129815,0.0,0.0207377142857142,0.0446326117468711,0.142013,0.079505,0.0,0.0284026,0.0291749933237353,2,2,0,0,2,3,0,4,12,0,0,0.75,66.21428571428571,65535,65535,0,0,0,0,0,0,0,0,0.0,0.0,0.0,0.0,0.0,0.0,62.625,71.0,0,8,6,501,426,1
0.052488,7392.165828379821,57.15592135345221,38.10394756896815,19.05197378448408,2,1,216,172,108,108,108.0,0.0,172,172,172.0,0.0,172,108,129.33333333333334,30.169889330626027,910.2222222222224,40,20,20,2,0.026244,0.052488,0.0,0.026244,0.0,0.0,0.0,0.0,0.0,0.0,0.0,0.0,0.0,0.0,0,0,0,0,0,0,0,0,0,0,0,0.5,129.33333333333334,0,0,0,0,0,0,0,0,0,0,0.0,0.0,0.0,0.0,0.0,0.0,108.0,172.0,0,2,1,216,172,3
0.063243,4727.7959616084,47.43607988235853,31.62405325490569,15.812026627452845,2,1,166,133,83,83,83.0,0.0,133,133,133.0,0.0,133,83,99.66666666666669,23.570226039551585,555.5555555555555,40,20,20,2,0.0316215,0.063243,0.0,0.0316215,0.0,0.0,0.0,0.0,0.0,0.0,0.0,0.0,0.0,0.0,0,0,0,0,0,0,0,0,0,0,0,0.5,99.66666666666669,0,0,0,0,0,0,0,0,0,0,0.0,0.0,0.0,0.0,0.0,0.0,83.0,133.0,0,2,1,166,133,5
0.011956,25008.364001338243,250.92004014720644,167.2800267648043,83.64001338240215,2,1,166,133,83,83,83.0,0.0,133,133,133.0,0.0,133,83,99.66666666666669,23.570226039551585,555.5555555555555,40,20,20,2,0.005978,0.011956,0.0,0.005978,0.0,0.0,0.0,0.0,0.0,0.0,0.0,0.0,0.0,0.0,0,0,0,0,0,0,0,0,0,0,0,0.5,99.66666666666669,0,0,0,0,0,0,0,0,0,0,0.0,0.0,0.0,0.0,0.0,0.0,83.0,133.0,0,2,1,166,133,5
117.696083,81.34510304816176,0.1359433516576758,0.0679716758288379,0.0679716758288379,8,8,3915,5659,1372,85,489.375,537.7178482949957,1372,85,707.375,556.8015664264964,1372,85,598.375,558.0907044334281,311465.234375,160,160,20,8,7.846405533333334,59.005335,0.0,19.96365042181237,117.671153,59.011501,0.0,16.810164714285715,26.53583483876955,117.586467,59.04549,0.0,16.798066714285714,26.54946489729989,6,6,0,0,0,0,0,12,16,0,0,1.0,598.375,255,1047,0,0,0,0,0,0,0,0,0.0,0.0,4500.0,4.0,0.0,0.0,489.375,707.375,0,8,8,3915,5659,2
0.24091,1275310.281847993,1394.7117180689884,319.62143539080984,1075.0902826781785,77,259,17790,289445,1278,59,231.03896103896105,397.650092272886,1278,49,1117.5482625482623,391.5420072273499,1278,49,914.389880952381,541.5148173389209,293238.29739760485,1540,5180,20,77,0.0007191343283582,0.104859,0.0,0.0058847082802081,0.24091,0.105813,0.0,0.0031698684210526,0.0124632351679292,0.223411,0.105518,1.8e-05,0.0008659341085271,0.0067391038577644,0,0,0,0,0,0,0,0,0,0,0,3.363636363636364,914.389880952381,0,0,0,0,0,0,0,0,0,0,2092.8,6.4,11339.454545454546,10.363636363636363,1498281.7869415807,4940743.088013943,231.03896103896105,1117.5482625482623,0,77,259,17790,289445,5
0.031555,9253.684043733165,95.0720963397243,63.38139755981619,31.690698779908097,2,1,152,140,76,76,76.0,0.0,140,140,140.0,0.0,140,76,97.33333333333331,30.169889330626027,910.2222222222222,40,20,20,2,0.0157775,0.031555,0.0,0.0157775,0.0,0.0,0.0,0.0,0.0,0.0,0.0,0.0,0.0,0.0,0,0,0,0,0,0,0,0,0,0,0,0.5,97.33333333333331,0,0,0,0,0,0,0,0,0,0,0.0,0.0,0.0,0.0,0.0,0.0,76.0,140.0,0,2,1,152,140,3
0.136811,8405.756847037153,102.33095292045232,58.47483024025846,43.85612268019385,8,6,507,643,103,54,63.375,15.771314942007848,360,54,107.16666666666669,113.15242914857028,360,54,82.14285714285714,78.09596399198064,6098.979591836737,160,120,20,2,0.010523923076923,0.067685,0.0,0.0216147320396975,0.136811,0.125834,0.0,0.0195444285714285,0.043424649625553,0.133577,0.067685,0.0,0.0267154,0.029031721565212,2,2,0,0,2,3,0,4,12,0,0,0.75,82.14285714285714,65535,65535,0,0,0,0,0,0,0,0,0.0,0.0,0.0,0.0,0.0,0.0,63.375,107.16666666666669,0,8,6,507,643,1
32.097947,733.1933098400343,0.8411752938591369,0.4984742482128219,0.342701045646315,16,11,16093,7441,1372,85,1005.8125,476.206129048913,1372,85,676.4545454545455,508.7791740371104,1372,85,871.6296296296297,515.783556969979,266032.6776406036,320,220,20,16,1.234536423076923,10.368226,0.0,2.767020894520748,32.097947,10.684694,0.0,2.1398631333333338,3.5664496062819087,31.836637,10.368226,0.0,3.1836637000000003,3.861651824026528,7,9,0,0,0,0,0,16,27,0,0,0.6875,871.6296296296297,255,501,0,0,0,0,0,0,0,0,4798.0,4.0,5281.0,5.0,0.0,0.0,1005.8125,676.4545454545455,0,16,11,16093,7441,2
0.032641,7291.443276860389,91.9089488679881,61.27263257865874,30.63631628932937,2,1,140,98,70,70,70.0,0.0,98,98,98.0,0.0,98,70,79.33333333333333,13.199326582148888,174.22222222222226,40,20,20,2,0.0163205,0.032641,0.0,0.0163205,0.0,0.0,0.0,0.0,0.0,0.0,0.0,0.0,0.0,0.0,0,0,0,0,0,0,0,0,0,0,0,0.5,79.33333333333333,0,0,0,0,0,0,0,0,0,0,0.0,0.0,0.0,0.0,0.0,0.0,70.0,98.0,0,2,1,140,98,1
43.340801,1058.3099283282745,1.315157973199434,0.6691154600488348,0.6460425131505991,29,28,7035,38833,1398,40,242.5862068965517,449.9401122786638,10000,40,1386.892857142857,1986.1437571924885,10000,40,804.7017543859649,1538.8430259184902,2368037.858417975,580,560,20,7,0.773942875,35.027865,0.0,4.660025930010219,43.321587,35.027865,0.0,1.5471995357142858,6.498933278379177,43.319245,35.02827,0.000137,1.6044164814814816,6.612151354246129,7,17,0,0,2,3,0,24,55,0,0,0.9655172413793104,804.7017543859649,65535,4096,0,0,0,0,0,0,0,0,0.0,0.0,11931.333333333334,5.333333333333333,0.0,138571.0082537126,242.5862068965517,1386.892857142857,0,29,28,7035,38833,4
0.316026,22362.08413231823,47.46444912760343,22.150076259548268,25.314372868055163,7,8,2164,4903,1372,54,309.1428571428572,459.63694634894136,1372,54,612.875,609.0782867374276,1372,54,471.1333333333333,565.1599026430976,319405.7155555555,140,160,20,2,0.0225732857142857,0.106367,0.0,0.0429915863436898,0.2121859999999999,0.106594,0.0,0.0353643333333333,0.049617930353407,0.209659,0.105626,0.0,0.0299512857142857,0.0473204855871543,1,1,0,0,2,3,1,2,13,0,0,1.1428571428571428,471.1333333333333,65535,13180,0,0,0,0,0,0,0,0,0.0,0.0,4459.0,4.0,0.0,0.0,309.1428571428572,612.875,0,7,8,2164,4903,1
1.633962,2000473.6952266945,1678.7416108820155,113.8337366474863,1564.9078742345291,186,2557,22031,3246667,1278,59,118.4462365591398,242.85641098559503,1278,51,1269.7172467735627,94.28181606545986,1278,51,1191.6507473569086,309.9466781232042,96066.94327960916,3720,51140,20,186,0.0005959015317286,1.255685,0.0,0.0239781735958452,1.633962,1.255685,0.0,0.008832227027027,0.0919497848891995,1.6184029999999998,1.267564,1.1e-05,0.0006331780125195,0.0250713431764975,0,0,0,0,0,0,0,0,0,0,0,13.74731182795699,1191.6507473569086,0,0,0,0,0,0,0,0,0,0,380.26666666666665,4.466666666666667,31543.34,25.36,269718.1766597314,15971149.659243956,118.4462365591398,1269.7172467735627,0,186,2557,22031,3246667,5
0.178595,5464.878636020046,78.38965256586131,44.79408718049218,33.59556538536913,8,6,540,436,136,54,67.5,26.3581107061944,153,54,72.66666666666667,36.18317595543849,153,54,69.71428571428571,31.058535913034024,964.6326530612243,160,120,20,2,0.0137380769230769,0.108509,0.0,0.0299829698520331,0.178595,0.162662,0.0,0.0255135714285714,0.056058299611991,0.170596,0.108509,0.0,0.0341192,0.0414958085035103,2,2,0,0,2,3,0,4,12,0,0,0.75,69.71428571428571,65535,65535,0,0,0,0,0,0,0,0,0.0,0.0,0.0,0.0,0.0,0.0,67.5,72.66666666666667,0,8,6,540,436,3
100.514994,6.844749948450477,0.0795901156796567,0.0795901156796567,0.0,8,0,688,0,86,86,86.0,0.0,0,0,0.0,0.0,86,86,86.0,0.0,0.0,160,0,20,8,14.359284857142857,30.005341,0.0,11.992906114120778,100.514994,30.005341,0.0,14.359284857142857,11.992906114120778,0.0,0.0,0.0,0.0,0.0,0,0,0,0,0,0,0,0,0,0,0,0.0,86.0,0,0,0,0,0,0,0,0,0,0,0.0,0.0,0.0,0.0,0.0,0.0,86.0,0.0,0,8,0,688,0,3
0.650913,13401.176501314309,18.43564347309088,9.217821736545435,9.217821736545435,6,6,3816,4907,1372,85,636.0,549.5583074918742,1372,123,817.8333333333334,560.3327632358789,1372,85,726.9166666666666,562.3694601613981,316259.4097222223,120,120,20,6,0.059173909090909,0.413534,0.0,0.1306630995113036,0.6509130000000001,0.414364,0.0,0.1301826,0.1689033351613875,0.236003,0.236003,0.0,0.0472005999999999,0.0944011999999999,4,3,0,0,0,0,0,7,12,0,0,1.0,726.9166666666666,255,332,0,0,0,0,0,0,0,0,0.0,0.0,4310.0,4.0,0.0,0.0,636.0,817.8333333333334,0,6,6,3816,4907,2
0.469393,32665.59151925998,61.78191834986888,29.825753686143592,31.95616466372528,14,15,8934,6399,1292,73,638.1428571428571,576.442024980193,1292,66,426.6,487.15415766811776,1292,66,528.7241379310345,542.5303993740318,294339.23424494645,280,300,20,14,0.0167640357142857,0.137844,0.0,0.0332992749808269,0.43252,0.137844,0.0,0.0332707692307692,0.0463006700037148,0.240789,0.083954,0.0,0.0171992142857142,0.0280297762291118,0,0,0,0,0,0,0,0,0,0,0,1.0714285714285714,528.7241379310345,0,0,0,0,0,0,0,0,0,0,6331.0,6.0,2798.5,6.0,45804.45383379878,319773.75307090214,638.1428571428571,426.6,0,14,15,8934,6399,3
0.088027,13336.81711293126,159.04211207924843,90.88120690242766,68.16090517682075,8,6,502,672,98,54,62.75,14.210471491122313,389,54,112.0,123.95294806229232,389,54,83.85714285714286,85.40563476129424,7294.12244897959,160,120,20,2,0.0067713076923076,0.050564,0.0,0.0132280329567674,0.088027,0.063429,0.0,0.0125752857142857,0.0211996179393759,0.075512,0.055365,0.0,0.0151023999999999,0.020330844553043,2,2,0,0,2,3,0,4,12,0,0,0.75,83.85714285714286,65535,65535,0,0,0,0,0,0,0,0,0.0,0.0,0.0,0.0,0.0,0.0,62.75,112.0,0,8,6,502,672,3
0.148721,6206.251975174992,94.135999623456,53.791999784832,40.343999838624,8,6,491,432,87,54,61.375,10.873563123466017,149,54,72.0,34.70350606687072,149,54,65.92857142857143,24.725534186672824,611.3520408163266,160,120,20,2,0.0114400769230769,0.076881,0.0,0.0226918821589827,0.148721,0.132854,0.0,0.0212458571428571,0.045632982637651,0.142072,0.076881,0.0,0.0284143999999999,0.0308644319345099,2,2,0,0,2,3,0,4,12,0,0,0.75,65.92857142857143,65535,65535,0,0,0,0,0,0,0,0,0.0,0.0,0.0,0.0,0.0,0.0,61.375,72.0,0,8,6,491,432,3
0.12282,8239.700374531836,113.98794984530208,65.13597134017262,48.85197850512946,8,6,502,510,98,54,62.75,14.210471491122313,227,54,85.0,63.65008510075484,227,54,72.28571428571429,44.41754571503179,1972.9183673469392,160,120,20,2,0.0094476923076923,0.053765,0.0,0.0180635444659833,0.12282,0.107033,0.0,0.0175457142857142,0.0366071472674561,0.117469,0.058184,0.0,0.0234938,0.0248912130793177,2,2,0,0,2,3,0,4,12,0,0,0.75,72.28571428571429,65535,65535,0,0,0,0,0,0,0,0,0.0,0.0,0.0,0.0,0.0,0.0,62.75,85.0,0,8,6,502,510,0
5.970273,1226.0745865390077,3.182434036098517,1.6749652821571142,1.507468753941403,10,9,1352,5968,557,40,135.2,170.62110068804503,2840,40,663.1111111111111,996.272100766368,2840,40,385.2631578947368,744.9567166589552,554960.5096952909,200,180,20,3,0.3316818333333333,5.863707,0.0,1.3417435129653443,5.966562,5.863707,0.0,0.6629513333333333,1.8387765376156449,5.956319,5.868202,0.000415,0.7445398750000001,1.9365893128670464,3,3,0,0,0,3,2,6,17,0,0,0.9,385.2631578947368,65535,4096,0,0,0,0,0,0,0,0,0.0,0.0,0.0,0.0,0.0,0.0,135.2,663.1111111111111,0,10,9,1352,5968,5
0.076081,12723.281765486783,184.01440569918904,105.15108897096516,78.86331672822386,8,6,512,456,108,54,64.0,17.349351572897472,173,54,76.0,43.5928128632844,173,54,69.14285714285714,31.963946526532364,1021.6938775510204,160,120,20,2,0.0058523846153846,0.051751,0.0,0.0134487754406143,0.076081,0.059592,0.0,0.0108687142857142,0.0200583465969675,0.069403,0.056596,0.0,0.0138806,0.0214261838095354,2,2,0,0,2,3,0,4,12,0,0,0.75,69.14285714285714,65535,65535,0,0,0,0,0,0,0,0,0.0,0.0,0.0,0.0,0.0,0.0,64.0,76.0,0,8,6,512,456,0
0.090135,9286.07089365951,144.22810229100793,77.66128584900427,66.56681644200366,7,6,439,398,89,54,62.71428571428572,11.864885595912066,115,54,66.33333333333333,22.186081723058315,115,54,64.38461538461539,17.49961960702382,306.2366863905325,140,120,20,2,0.00751125,0.049438,0.0,0.0145867533235066,0.090135,0.078409,0.0,0.0150225,0.0284927453208122,0.086625,0.049438,0.0,0.017325,0.0206862249625203,2,2,0,0,2,3,1,4,11,0,0,0.8571428571428571,64.38461538461539,65535,65535,0,0,0,0,0,0,0,0,0.0,0.0,0.0,0.0,0.0,0.0,62.71428571428572,66.33333333333333,0,7,6,439,398,0
0.01462,20451.436388508893,205.1983584131327,136.79890560875515,68.39945280437757,2,1,166,133,83,83,83.0,0.0,133,133,133.0,0.0,133,83,99.66666666666669,23.570226039551585,555.5555555555555,40,20,20,2,0.00731,0.01462,0.0,0.00731,0.0,0.0,0.0,0.0,0.0,0.0,0.0,0.0,0.0,0.0,0,0,0,0,0,0,0,0,0,0,0,0.5,99.66666666666669,0,0,0,0,0,0,0,0,0,0,0.0,0.0,0.0,0.0,0.0,0.0,83.0,133.0,0,2,1,166,133,5
0.027242,14426.253579032376,110.12407312238456,73.41604874825637,36.708024374128186,2,1,172,221,86,86,86.0,0.0,221,221,221.0,0.0,221,86,131.0,63.63961030678928,4050.0,40,20,20,2,0.013621,0.027242,0.0,0.013621,0.0,0.0,0.0,0.0,0.0,0.0,0.0,0.0,0.0,0.0,0,0,0,0,0,0,0,0,0,0,0,0.5,131.0,0,0,0,0,0,0,0,0,0,0,0.0,0.0,0.0,0.0,0.0,0.0,86.0,221.0,0,2,1,172,221,0
0.220724,4086.551530418079,63.42762907522517,36.24435947155724,27.183269603667927,8,6,503,399,99,54,62.875,14.520997727429062,116,54,66.5,22.55179224215524,116,54,64.42857142857143,18.484411523977577,341.6734693877551,160,120,20,2,0.0169787692307692,0.160612,0.0,0.0428692369136905,0.220724,0.206875,0.0,0.031532,0.0716243247128475,0.214225,0.160612,0.0,0.042845,0.0613358186217482,2,2,0,0,2,3,0,4,12,0,0,0.75,64.42857142857143,65535,65535,0,0,0,0,0,0,0,0,0.0,0.0,0.0,0.0,0.0,0.0,62.875,66.5,0,8,6,503,399,3
13.167523,1504.3831706236626,2.278332834505017,0.9872775616188406,1.2910552728861762,13,17,9342,10467,1294,73,718.6153846153846,563.9186436768965,1294,72,615.7058823529412,577.9139733157809,1294,72,660.3,574.1604973059942,329660.2766666666,260,340,20,13,0.4540525172413792,7.324057,0.0,1.586911800589556,13.112645,7.371299,0.0,1.0927204166666666,2.3380907026840103,13.137431,7.380369,0.0,0.8210894375,2.08645785970796,0,0,0,0,0,0,0,0,0,0,0,1.3076923076923077,660.3,0,0,0,0,0,0,0,0,0,0,0.0,0.0,2590.0,4.0,0.0,160650.04341893064,718.6153846153846,615.7058823529412,0,13,17,9342,10467,2
0.077275,11646.716273050792,181.17114202523456,103.5263668715626,77.64477515367196,8,6,502,398,98,54,62.75,14.210471491122313,115,54,66.33333333333333,22.186081723058315,115,54,64.28571428571429,18.151853787378503,329.4897959183674,160,120,20,2,0.0059442307692307,0.051142,0.0,0.013436350478367,0.077275,0.065617,0.0,0.0110392857142857,0.0223553666085815,0.073882,0.056003,0.0,0.0147764,0.0209999501199407,2,2,0,0,2,3,0,4,12,0,0,0.75,64.28571428571429,65535,65535,0,0,0,0,0,0,0,0,0.0,0.0,0.0,0.0,0.0,0.0,62.75,66.33333333333333,0,8,6,502,398,0
0.016006,14681.994252155442,187.4297138573035,124.95314257153568,62.47657128576784,2,1,146,89,73,73,73.0,0.0,89,89,89.0,0.0,89,73,78.33333333333333,7.542472332656507,56.88888888888889,40,20,20,2,0.008003,0.016006,0.0,0.008003,0.0,0.0,0.0,0.0,0.0,0.0,0.0,0.0,0.0,0.0,0,0,0,0,0,0,0,0,0,0,0,0.5,78.33333333333333,0,0,0,0,0,0,0,0,0,0,0.0,0.0,0.0,0.0,0.0,0.0,73.0,89.0,0,2,1,146,89,5
0.005146,54994.17022930431,582.9770695685969,388.651379712398,194.3256898561989,2,1,178,105,89,89,89.0,0.0,105,105,105.0,0.0,105,89,94.33333333333331,7.542472332656507,56.88888888888889,40,20,20,2,0.002573,0.005146,0.0,0.002573,0.0,0.0,0.0,0.0,0.0,0.0,0.0,0.0,0.0,0.0,0,0,0,0,0,0,0,0,0,0,0,0.5,94.33333333333331,0,0,0,0,0,0,0,0,0,0,0.0,0.0,0.0,0.0,0.0,0.0,89.0,105.0,0,2,1,178,105,3
0.10503,3694.182614491098,28.563267637817766,19.042178425211844,9.521089212605922,2,1,248,140,124,124,124.0,0.0,140,140,140.0,0.0,140,124,129.33333333333334,7.542472332656507,56.888888888888886,40,20,20,2,0.052515,0.10503,0.0,0.052515,0.0,0.0,0.0,0.0,0.0,0.0,0.0,0.0,0.0,0.0,0,0,0,0,0,0,0,0,0,0,0,0.5,129.33333333333334,0,0,0,0,0,0,0,0,0,0,0.0,0.0,0.0,0.0,0.0,0.0,124.0,140.0,0,2,1,248,140,3
62.951673,153.26042248313243,0.254163221365062,0.127081610682531,0.127081610682531,8,8,2162,7486,1210,40,270.25,398.7949817888886,4560,40,935.75,1577.7929007002156,4560,40,603.0,1197.8966983842972,1434956.5,160,160,20,3,4.1967782,62.403194,0.0,15.55656446997951,0.548479,0.308273,0.0,0.0783541428571428,0.1161830041792793,62.91545300000001,62.403243,0.000102,8.987921857142858,21.807011686537827,3,3,0,0,0,3,1,6,14,0,0,1.0,603.0,65535,4096,0,0,0,0,0,0,0,0,0.0,0.0,0.0,0.0,0.0,0.0,270.25,935.75,0,8,8,2162,7486,4
43.679738,72.89421012552776,0.3663025634448631,0.2060451919377355,0.1602573715071276,9,7,2608,576,372,48,289.77777777777777,132.31761264957868,96,48,82.28571428571429,21.68418966972603,372,48,199.0,143.6975991448709,20649.0,180,140,20,9,2.9119825333333336,34.25964,0.0,8.469963728021522,43.679738,34.302765,0.0,5.45996725,11.003780523143124,9.37108,4.229605,0.004587,1.5618466666666668,1.625242268098377,0,0,0,0,0,0,0,0,0,0,0,0.7777777777777778,199.0,0,0,0,0,0,0,0,0,0,0,0.0,0.0,0.0,0.0,0.0,0.0,289.77777777777777,82.28571428571429,0,9,7,2608,576,4
1.098154,18622.160462011703,27.31857280490714,12.748667308956666,14.569905495950476,14,16,9545,10905,1292,73,681.7857142857143,574.0348643681881,1292,63,681.5625,578.4259858389403,1292,63,681.6666666666666,576.3809696912471,332215.02222222224,280,320,20,14,0.0378673793103448,0.291591,0.0,0.0784874091191411,0.851925,0.291839,0.0,0.0655326923076923,0.1054059157801106,0.841638,0.297498,0.0,0.0561091999999999,0.0860038135109523,0,0,0,0,0,0,0,0,0,0,0,1.1428571428571428,681.6666666666666,0,0,0,0,0,0,0,0,0,0,4911.0,6.0,7519.0,7.0,3780600.461893765,617424.8645097717,681.7857142857143,681.5625,0,14,16,9545,10905,1
0.245156,70285.85880011095,106.05492013248708,44.86938928682145,61.18553084566561,11,15,6525,10706,1294,73,593.1818181818181,560.5164531170125,1294,67,713.7333333333333,556.9324874305283,1294,67,662.7307692307693,561.6185098371634,315415.350591716,220,300,20,11,0.00980624,0.049921,0.0,0.016084977832201,0.195235,0.05156,0.0,0.0195234999999999,0.0201313780464726,0.207609,0.052492,0.0,0.0148292142857142,0.0207088851985896,0,0,0,0,0,0,0,0,0,0,0,1.3636363636363635,662.7307692307693,0,0,0,0,0,0,0,0,0,0,956.0,4.0,7556.0,7.0,618369.9870633894,0.0,593.1818181818181,713.7333333333333,0,11,15,6525,10706,2
0.092213,84792.81663106069,119.28903733746868,65.06674763861928,54.2222896988494,6,5,3770,4049,1372,78,628.3333333333334,560.8650065350446,1372,85,809.8,498.9991583159234,1372,78,710.8181818181819,541.2298819577195,292929.785123967,120,100,20,6,0.0092213,0.053962,0.0,0.0171801030675022,0.0858859999999999,0.055607,0.0,0.0171771999999999,0.0223854304528637,0.038251,0.031212,0.0,0.00956275,0.0128252847409911,4,4,0,0,0,0,0,8,11,0,0,0.8333333333333334,710.8181818181819,255,1046,0,0,0,0,0,0,0,0,0.0,0.0,0.0,0.0,0.0,0.0,628.3333333333334,809.8,0,6,5,3770,4049,2
0.31745,27626.39785793038,40.95133091825484,18.90061426996377,22.05071664829107,6,7,3817,4953,1372,85,636.1666666666666,549.558737129668,1372,104,707.5714285714286,580.5125462266346,1372,85,674.6153846153846,567.5537979869991,322117.3136094674,120,140,20,6,0.0264541666666666,0.105748,0.0,0.0449591787529408,0.211702,0.106017,0.0,0.0423403999999999,0.0510231638399658,0.215325,0.108785,0.0,0.0358874999999999,0.0503765091411661,4,4,0,0,0,0,0,8,13,0,0,1.1666666666666667,674.6153846153846,255,120,0,0,0,0,0,0,0,0,0.0,0.0,4252.0,4.0,0.0,3886654.4789762334,636.1666666666666,707.5714285714286,0,6,7,3817,4953,2
120.38836,5.233064060346033,0.0830645088943814,0.0498387053366288,0.0332258035577525,6,4,388,242,77,40,64.66666666666667,17.441967269268176,81,40,60.5,20.5,81,40,63.0,18.83613548475377,354.8,120,80,20,4,13.376484444444444,60.003891,0.0,24.923041132125068,120.38836,60.003891,0.0,24.077672,29.33299862705123,60.385429,60.004782,0.175293,20.12847633333333,28.19680881627097,4,2,0,0,0,0,0,6,10,0,0,0.6666666666666666,63.0,78,4095,0,0,0,0,0,0,0,0,0.0,0.0,0.0,0.0,0.0,0.0,64.66666666666667,60.5,0,6,4,388,242,4
0.175994,87196.15441435503,130.68627339568394,56.82011886768867,73.86615452799526,10,13,4365,10981,1372,78,436.5,494.9487347190616,1372,127,844.6923076923077,518.5739891746604,1372,78,667.2173913043479,547.2246146035258,299454.7788279773,200,260,20,10,0.0079997272727272,0.062085,0.0,0.0159703070448704,0.175994,0.063056,0.0,0.0195548888888888,0.0240956692763771,0.078817,0.057875,0.0,0.0065680833333333,0.0162827463206627,8,9,0,0,0,0,0,17,23,0,0,1.3,667.2173913043479,255,83,0,0,0,0,0,0,0,0,516.0,4.0,4991.0,7.0,22295.19529899758,0.0,436.5,844.6923076923077,0,10,13,4365,10981,2
46.205344,164.39656850082105,0.4328503646677752,0.1947826641004988,0.2380677005672763,9,11,2437,5159,1372,54,270.77777777777777,416.6906067196561,1372,54,469.0,561.0183921794688,1372,54,379.8,510.8489600654973,260966.66,180,220,20,4,2.431860210526316,45.015801,0.0,10.037827240873913,45.914246000000006,45.015801,0.0,5.739280750000001,14.845773127171675,45.908433,45.307063,0.0,4.5908433,13.572559787511189,2,3,0,0,0,3,0,5,18,0,0,1.2222222222222223,379.8,65535,26883,0,0,0,0,0,0,0,0,0.0,0.0,4268.0,4.0,0.0,0.0,270.77777777777777,469.0,0,9,11,2437,5159,0
0.051428,236505.405615618,447.2271914132379,213.89126545850507,233.33592595473283,11,12,4777,7386,1278,59,434.27272727272725,525.392336676142,1278,49,615.5,556.026453207639,1278,49,528.8260869565217,549.1054109758425,301516.7523629489,220,240,20,11,0.0023376363636363,0.011497,0.0,0.0040646555433333,0.040928,0.014041,0.0,0.0040928,0.0052853864532312,0.03725,0.022603,7.1e-05,0.0033863636363636,0.0068088843602608,0,0,0,0,0,0,0,0,0,0,0,1.0909090909090908,528.8260869565217,0,0,0,0,0,0,0,0,0,0,574.0,4.0,2938.0,4.5,48426.55867712815,2114429.6509535806,434.27272727272725,615.5,0,11,12,4777,7386,5
0.128326,63167.24592054611,85.71918395336877,46.75591852001933,38.96326543334944,6,5,3736,4370,1372,78,622.6666666666666,560.6174175753808,1372,325,874.0,453.1785520079254,1372,78,736.9090909090909,529.5695429558297,280443.9008264463,120,100,20,6,0.0128326,0.057326,0.0,0.0217954028051788,0.128326,0.073079,0.0,0.0256652,0.031769373096742,0.059086,0.059086,0.0,0.0147715,0.0255849885040036,4,4,0,0,0,0,0,8,11,0,0,0.8333333333333334,736.9090909090909,255,83,0,0,0,0,0,0,0,0,0.0,0.0,0.0,0.0,0.0,0.0,622.6666666666666,874.0,0,6,5,3736,4370,2
49.7847,697.9855256735503,3.093319835210416,1.787697826842383,1.3056220083680328,89,65,20489,14260,4775,40,230.2134831460674,603.6613469824589,1420,40,219.3846153846154,369.5071433600206,4775,40,225.6428571428572,517.9344550439823,268256.09972170694,1780,1300,20,54,0.3253901960784313,10.1046,0.0,1.1727316218890842,49.784322,10.1046,0.0,0.5657309318181818,1.5033394627108114,49.170556,10.105437,0.000422,0.7682899375000001,1.719164209319512,54,34,0,0,0,0,0,88,154,0,0,0.7303370786516854,225.6428571428572,654,4096,0,0,0,0,0,0,0,0,997.1111111111112,4.0,0.0,0.0,34005.3050397878,0.0,230.2134831460674,219.3846153846154,0,89,65,20489,14260,4
0.028869,7967.023450760332,103.9176971838304,69.27846478922028,34.63923239461014,2,1,132,98,66,66,66.0,0.0,98,98,98.0,0.0,98,66,76.66666666666667,15.084944665313014,227.5555555555556,40,20,20,2,0.0144345,0.028869,0.0,0.0144345,0.0,0.0,0.0,0.0,0.0,0.0,0.0,0.0,0.0,0.0,0,0,0,0,0,0,0,0,0,0,0,0.5,76.66666666666667,0,0,0,0,0,0,0,0,0,0,0.0,0.0,0.0,0.0,0.0,0.0,66.0,98.0,0,2,1,132,98,3
0.114005,7762.817420288584,122.80163150739004,70.17236086136573,52.6292706460243,8,6,490,395,86,54,61.25,10.580051984749414,112,54,65.83333333333333,21.0904138308274,112,54,63.21428571428572,16.116444890805393,259.7397959183673,160,120,20,2,0.0087696153846153,0.054852,0.0,0.0169672128328022,0.114005,0.099851,0.0,0.0162864285714285,0.0341914554399493,0.107865,0.054852,0.0,0.021573,0.023344840457797,2,2,0,0,2,3,0,4,12,0,0,0.75,63.21428571428572,65535,65535,0,0,0,0,0,0,0,0,0.0,0.0,0.0,0.0,0.0,0.0,61.25,65.83333333333333,0,8,6,490,395,0
65.107936,90.51123967437702,0.2303866613126854,0.1228728860334322,0.1075137752792532,8,7,941,4952,557,40,117.625,167.32448827054574,2656,40,707.4285714285714,933.9010129777224,2656,40,392.8666666666667,713.1098902382125,508525.7155555555,160,140,20,2,4.650566857142857,64.995914,0.0,16.736793003347177,0.112022,0.053974,0.0,0.0160031428571428,0.0189002507801092,65.096889,65.039043,0.000181,10.8494815,24.23431102659604,2,3,0,0,0,3,1,5,13,0,0,0.875,392.8666666666667,65535,4096,0,0,0,0,0,0,0,0,0.0,0.0,0.0,0.0,0.0,0.0,117.625,707.4285714285714,0,8,7,941,4952,5
0.020264,20479.66837741808,148.0457954994078,98.6971969996052,49.348598499802605,2,1,150,265,75,75,75.0,0.0,265,265,265.0,0.0,265,75,138.33333333333334,89.56685895029602,8022.222222222222,40,20,20,2,0.010132,0.020264,0.0,0.010132,0.0,0.0,0.0,0.0,0.0,0.0,0.0,0.0,0.0,0.0,0,0,0,0,0,0,0,0,0,0,0,0.5,138.33333333333334,0,0,0,0,0,0,0,0,0,0,0.0,0.0,0.0,0.0,0.0,0.0,75.0,265.0,0,2,1,150,265,5
0.01452,20316.8044077135,206.61157024793388,137.7410468319559,68.87052341597796,2,1,164,131,82,82,82.0,0.0,131,131,131.0,0.0,131,82,98.33333333333331,23.098821518760552,533.5555555555555,40,20,20,2,0.00726,0.01452,0.0,0.00726,0.0,0.0,0.0,0.0,0.0,0.0,0.0,0.0,0.0,0.0,0,0,0,0,0,0,0,0,0,0,0,0.5,98.33333333333331,0,0,0,0,0,0,0,0,0,0,0.0,0.0,0.0,0.0,0.0,0.0,82.0,131.0,0,2,1,164,131,5
65.106694,71.29835220937497,0.1996722487552508,0.1075158262528273,0.0921564225024234,7,6,901,3741,557,40,128.71428571428572,176.1060672968865,2133,40,623.5,846.3529110247096,2133,40,357.0769230769231,638.8635898143926,408146.6863905325,140,120,20,2,5.4255578333333325,64.439083,0.0,17.79365703994265,0.667381,0.328918,0.0,0.1112301666666666,0.1537338875280015,64.777912,64.439083,0.000359,12.9555824,25.74205600592761,2,2,0,0,0,3,1,4,11,0,0,0.8571428571428571,357.0769230769231,65535,4096,0,0,0,0,0,0,0,0,0.0,0.0,0.0,0.0,0.0,0.0,128.71428571428572,623.5,0,7,6,901,3741,5
0.20666,4703.377528307365,67.74412077808961,38.71092615890835,29.033194619181263,8,6,499,473,95,54,62.375,13.284742187938765,190,54,78.83333333333333,49.90129145512057,190,54,69.42857142857143,35.133854828385125,1234.387755102041,160,120,20,2,0.015896923076923,0.131737,0.0,0.035708447796999,0.20666,0.190091,0.0,0.0295228571428571,0.0656116634762635,0.201759,0.131737,0.0,0.0403518,0.0488749056035917,2,2,0,0,2,3,0,4,12,0,0,0.75,69.42857142857143,65535,65535,0,0,0,0,0,0,0,0,0.0,0.0,0.0,0.0,0.0,0.0,62.375,78.83333333333333,0,8,6,499,473,1
0.071819,14118.82649438171,194.9344880881104,111.3911360503488,83.54335203776161,8,6,487,527,83,54,60.875,9.713875385241463,244,54,87.83333333333333,69.97241519976919,244,54,72.42857142857143,48.27261022525282,2330.244897959183,160,120,20,2,0.0055245384615384,0.047276,0.0,0.012285060687464,0.071819,0.058165,0.0,0.0102598571428571,0.0196650914598038,0.067589,0.051961,0.0,0.0135178,0.0193638851514875,2,2,0,0,2,3,0,4,12,0,0,0.75,72.42857142857143,65535,65535,0,0,0,0,0,0,0,0,0.0,0.0,0.0,0.0,0.0,0.0,60.875,87.83333333333333,0,8,6,487,527,0
62.979001,196.19237847231017,0.3493227845897397,0.1746613922948698,0.1746613922948698,11,11,1502,10854,557,40,136.54545454545453,179.0334471729,3932,40,986.7272727272727,1177.8397090289022,3932,40,561.6363636363636,943.6005291847212,890381.958677686,220,220,20,3,2.9990000476190475,61.869612,0.0,13.164497582669416,1.109389,0.514905,0.0,0.1109389,0.1697633223405161,62.954902,61.869863,0.000669,6.295490200000001,18.525542289211955,3,6,0,0,0,3,1,9,20,0,0,1.0,561.6363636363636,65535,4096,0,0,0,0,0,0,0,0,0.0,0.0,4516.0,4.0,0.0,7676.303407761973,136.54545454545453,986.7272727272727,0,11,11,1502,10854,4
26.916817,7484.763150115409,16.792475871125475,6.204299713446801,10.588176157678673,167,285,55215,146251,1132,48,330.62874251497004,284.4318107776468,1078,48,513.161403508772,353.9741817100908,1132,48,445.7212389380531,341.5501909115838,116656.53291173936,3340,5700,20,167,0.0596825210643015,3.931652,0.0,0.2522928230168391,26.916817,3.967345,0.0,0.1621495,0.4109219389108764,26.043148,3.955021,2.5e-05,0.0917012253521126,0.3201164701293624,0,0,0,0,0,0,0,0,0,0,0,1.7065868263473054,445.7212389380531,0,0,0,0,0,0,0,0,0,0,3139.1666666666665,7.5,4077.2,7.3,14204.6311547117,38006.40679961576,330.62874251497004,513.161403508772,0,167,285,55215,146251,4
0.12652,7627.252608283276,110.65444198545686,63.23110970597534,47.42333227948151,8,6,512,453,108,54,64.0,17.349351572897472,170,54,75.5,42.48038763162753,170,54,68.92857142857143,31.269483722071552,977.7806122448976,160,120,20,2,0.0097323076923076,0.061783,0.0,0.0199153053179037,0.12652,0.116083,0.0,0.0180742857142857,0.0400435205663405,0.122733,0.061783,0.0,0.0245465999999999,0.0270744412950664,2,2,0,0,2,3,0,4,12,0,0,0.75,68.92857142857143,65535,65535,0,0,0,0,0,0,0,0,0.0,0.0,0.0,0.0,0.0,0.0,64.0,75.5,0,8,6,512,453,0
0.112965,72880.98083477184,115.07989200194751,53.11379630859116,61.96609569335635,6,7,3733,4500,1372,78,622.1666666666666,560.6093163296125,1372,85,642.8571428571429,524.1137904178084,1372,78,633.3076923076923,541.3620123377395,293072.82840236684,120,140,20,6,0.00941375,0.055858,0.0,0.0200270012321906,0.112965,0.059344,0.0,0.022593,0.0275009015561308,0.056459,0.056459,0.0,0.0094098333333333,0.0210410269902767,4,6,0,0,0,0,0,10,13,0,0,1.1666666666666667,633.3076923076923,255,83,0,0,0,0,0,0,0,0,0.0,0.0,635.0,4.0,0.0,0.0,622.1666666666666,642.8571428571429,0,6,7,3733,4500,2
0.515322,537153.4690931108,611.2682943868107,153.30220716367631,457.9660872231343,79,236,28992,247815,1278,59,366.9873417721519,517.7770522040702,1278,49,1050.0635593220338,447.53864546042456,1278,49,878.7523809523809,552.2375227580521,304966.2815419501,1580,4720,20,79,0.001641152866242,0.163655,0.0,0.011276863461847,0.515322,0.164399,0.0,0.0066066923076923,0.0242583615102449,0.48403,0.164083,3.8e-05,0.0020597021276595,0.0130528274359609,0,0,0,0,0,0,0,0,0,0,0,2.9873417721518987,878.7523809523809,0,0,0,0,0,0,0,0,0,0,5406.0,8.5,12835.1875,12.625,1558486.4864864864,1505980.273530598,366.9873417721519,1050.0635593220338,0,79,236,28992,247815,5
0.091799,2483.687186134925,32.68009455440691,21.78672970293794,10.89336485146897,2,1,152,76,76,76,76.0,0.0,76,76,76.0,0.0,76,76,76.0,0.0,0.0,40,20,20,2,0.0458995,0.091799,0.0,0.0458995,0.0,0.0,0.0,0.0,0.0,0.0,0.0,0.0,0.0,0.0,0,0,0,0,0,0,0,0,0,0,0,0.5,76.0,0,0,0,0,0,0,0,0,0,0,0.0,0.0,0.0,0.0,0.0,0.0,76.0,76.0,0,2,1,152,76,4
7.462043,4444.091249541178,4.690404491102504,1.2061040119977866,3.484300479104717,9,26,4438,28724,1372,85,493.1111111111111,497.40693031057344,1372,85,1104.7692307692307,456.61112117022657,1372,85,947.4857142857144,538.4861516419935,289967.335510204,180,520,20,9,0.2194718529411764,7.318802,0.0,1.2358777999726998,7.431322,7.360033,0.0,0.92891525,2.4307645657224675,7.434099,7.349523,0.0,0.29736396,1.4395539000694202,7,17,0,0,0,0,0,24,35,0,0,2.888888888888889,947.4857142857144,255,136,0,0,0,0,0,0,0,0,0.0,0.0,8503.333333333334,7.333333333333333,0.0,4923759.891912758,493.1111111111111,1104.7692307692307,0,9,26,4438,28724,2
59.597164,5.956659279961711,0.1006759314923106,0.0503379657461553,0.0503379657461553,3,3,194,161,77,40,64.66666666666667,17.441967269268172,81,40,53.66666666666666,19.327585352432298,81,40,59.16666666666666,19.2129875055622,369.1388888888889,60,60,20,2,11.9194328,59.329854,0.0,23.705435520697822,0.26731,0.26731,0.0,0.133655,0.133655,59.596901,59.330102,0.266799,29.7984505,29.5316515,2,1,0,0,0,0,1,3,6,0,0,1.0,59.16666666666666,78,4095,0,0,0,0,0,0,0,0,0.0,0.0,0.0,0.0,0.0,0.0,64.66666666666667,53.66666666666666,0,3,3,194,161,5
0.632629,16379.26810184168,23.71057918622131,12.645642232651364,11.064936953569944,8,7,2179,8183,1859,40,272.375,599.7474338211044,5640,40,1169.0,1897.3139660357444,5640,40,690.8,1439.387378945177,2071836.0266666664,160,140,20,1,0.0451877857142857,0.318173,0.0,0.0940242971198543,0.632559,0.318597,0.0,0.0903655714285714,0.1168410192732686,0.5149469999999999,0.318173,0.000168,0.0858245,0.1253741314024415,1,3,0,0,1,3,2,4,12,0,0,0.875,690.8,65535,4096,0,0,0,0,0,0,0,0,0.0,0.0,0.0,0.0,0.0,0.0,272.375,1169.0,0,8,7,2179,8183,4
0.199045,4848.149915848175,70.3358537014243,40.19191640081389,30.14393730061041,8,6,499,466,95,54,62.375,13.284742187938765,183,54,77.66666666666667,47.30280705788564,183,54,68.92857142857143,33.4225421913207,1117.0663265306123,160,120,20,2,0.0153111538461538,0.122432,0.0,0.033845946199363,0.199045,0.183083,0.0,0.028435,0.0631815895359218,0.193827,0.122432,0.0,0.0387654,0.0465017018079983,2,2,0,0,2,3,0,4,12,0,0,0.75,68.92857142857143,65535,65535,0,0,0,0,0,0,0,0,0.0,0.0,0.0,0.0,0.0,0.0,62.375,77.66666666666667,0,8,6,499,466,3
29.866739,358.3919891622584,1.0714259765687844,0.5691950500521668,0.5022309265166177,17,15,3320,7384,1868,40,195.2941176470588,433.9324648871584,1440,40,492.26666666666665,619.6866376555886,1868,40,334.5,549.5456646176003,302000.4375,340,300,20,7,0.963443193548387,29.741129,0.0,5.254071388634111,29.82913,29.741214,0.0,1.864320625,7.197789936269551,29.839709,29.742345,0.000126,2.131407785714285,7.657905217696605,7,6,0,0,2,3,0,13,30,0,0,0.8823529411764706,334.5,65535,4096,0,0,0,0,0,0,0,0,0.0,0.0,5603.0,5.0,0.0,5052299.368800721,195.2941176470588,492.26666666666665,0,17,15,3320,7384,4
0.137972,7247.8473893253695,101.46986345055518,57.98277911460296,43.48708433595222,8,6,505,495,101,54,63.125,15.144615379731505,212,54,82.5,58.07394711342887,212,54,71.42857142857143,40.84590254973001,1668.387755102041,160,120,20,2,0.0106132307692307,0.0609,0.0,0.0203167826918226,0.137972,0.121949,0.0,0.0197102857142857,0.0418143551109776,0.131868,0.0609,0.00139,0.0263735999999999,0.0275278147668862,2,2,0,0,2,3,0,4,12,0,0,0.75,71.42857142857143,65535,65535,0,0,0,0,0,0,0,0,0.0,0.0,0.0,0.0,0.0,0.0,63.125,82.5,0,8,6,505,495,3
90.269614,4.630572586695673,0.0775454739398797,0.0443116993942169,0.0332337745456627,4,3,220,198,55,55,55.0,0.0,66,66,66.0,0.0,66,55,59.71428571428572,5.443588252359329,29.63265306122449,80,60,20,4,15.044935666666667,45.007354,0.0,21.184245523493228,90.244563,45.217816,0.0,30.081521,21.270990512836505,90.059152,45.033806,45.025346,45.029576,0.0042299999999997,0,0,0,0,0,0,0,0,7,0,0,0.75,59.71428571428572,255,1046,0,0,0,0,0,0,0,0,0.0,0.0,0.0,0.0,0.0,0.0,55.0,66.0,0,4,3,220,198,3
0.450769,47926.98699333805,75.4266597747405,35.49489871752494,39.93176105721556,16,18,2504,19100,1259,40,156.5,310.39954091460896,2840,40,1061.111111111111,955.9138669292616,2840,40,635.4117647058823,856.1389427384765,732973.8892733564,320,360,20,4,0.0136596666666666,0.193451,0.0,0.0431603046143564,0.425584,0.196528,0.0,0.0283722666666666,0.0611969703634274,0.432509,0.193451,3.3e-05,0.0254417058823529,0.0575796386527745,4,11,0,0,2,3,0,15,32,0,0,1.125,635.4117647058823,65535,4096,0,0,0,0,0,0,0,0,0.0,0.0,9186.0,5.5,0.0,2548834.6281909,156.5,1061.111111111111,0,16,18,2504,19100,4
0.067915,14253.110505779285,206.14002797614663,117.79430170065524,88.34572627549142,8,6,512,456,108,54,64.0,17.349351572897472,173,54,76.0,43.5928128632844,173,54,69.14285714285714,31.963946526532364,1021.6938775510204,160,120,20,2,0.0052242307692307,0.041206,0.0,0.0107148012878939,0.067915,0.053584,0.0,0.0097021428571428,0.0180600951858634,0.064714,0.045505,0.0,0.0129427999999999,0.0165086560737087,2,2,0,0,2,3,0,4,12,0,0,0.75,69.14285714285714,65535,65535,0,0,0,0,0,0,0,0,0.0,0.0,0.0,0.0,0.0,0.0,64.0,76.0,0,8,6,512,456,0
0.556563,5420448.358945888,3988.766770338668,34.138093980375984,3954.628676358292,19,2201,6360,3010461,1372,78,334.7368421052632,377.7652908334072,1372,85,1367.7696501590187,68.52264012195111,1372,78,1358.9283783783785,122.19527573062658,14931.685410883858,380,44020,20,19,0.0002508170347003,0.049877,0.0,0.0019363440491227,0.556563,0.426133,0.0,0.0309201666666666,0.0970822166918615,0.506362,0.06879,0.0,0.0002301645454545,0.0020306336770076,17,292,0,0,0,0,0,309,2220,0,0,115.84210526315788,1358.9283783783785,255,83,0,0,0,0,0,0,0,0,1872.0,11.0,2887484.0,2194.0,136672.2639994159,7509184.01048561,334.7368421052632,1367.7696501590187,0,19,2201,6360,3010461,2
0.02227,18500.22451728783,134.7103726986978,89.80691513246519,44.9034575662326,2,1,166,246,83,83,83.0,0.0,246,246,246.0,0.0,246,83,137.33333333333334,76.83893688893816,5904.222222222222,40,20,20,2,0.011135,0.02227,0.0,0.011135,0.0,0.0,0.0,0.0,0.0,0.0,0.0,0.0,0.0,0.0,0,0,0,0,0,0,0,0,0,0,0,0.5,137.33333333333334,0,0,0,0,0,0,0,0,0,0,0.0,0.0,0.0,0.0,0.0,0.0,83.0,246.0,0,2,1,166,246,3
0.014584,17690.619857377947,205.7048820625343,137.13658804168952,68.56829402084476,2,1,142,116,71,71,71.0,0.0,116,116,116.0,0.0,116,71,86.0,21.213203435596427,450.0,40,20,20,2,0.007292,0.014584,0.0,0.007292,0.0,0.0,0.0,0.0,0.0,0.0,0.0,0.0,0.0,0.0,0,0,0,0,0,0,0,0,0,0,0,0.5,86.0,0,0,0,0,0,0,0,0,0,0,0.0,0.0,0.0,0.0,0.0,0.0,71.0,116.0,0,2,1,142,116,5
0.194398,1172.851572547043,15.43225753351372,10.288171689009149,5.144085844504573,2,1,152,76,76,76,76.0,0.0,76,76,76.0,0.0,76,76,76.0,0.0,0.0,40,20,20,2,0.097199,0.194398,0.0,0.097199,0.0,0.0,0.0,0.0,0.0,0.0,0.0,0.0,0.0,0.0,0,0,0,0,0,0,0,0,0,0,0,0.5,76.0,0,0,0,0,0,0,0,0,0,0,0.0,0.0,0.0,0.0,0.0,0.0,76.0,76.0,0,2,1,152,76,4
135.580373,7.611721203923815,0.1106354826151717,0.066381289569103,0.0442541930460686,9,6,553,479,83,54,61.44444444444444,9.2988782012923,196,54,79.83333333333333,52.129379645476526,196,54,68.8,34.928880123282894,1220.0266666666669,180,120,20,2,9.684312357142856,135.43236,0.0,34.876241247730405,135.58037299999998,135.43236,0.0,16.947546625,44.78307185241516,0.144968,0.082662,0.0,0.0289936,0.0332929830600984,2,2,0,0,2,4,0,4,12,0,0,0.6666666666666666,68.8,65535,65535,0,0,0,0,0,0,0,0,0.0,0.0,0.0,0.0,0.0,0.0,61.44444444444444,79.83333333333333,0,9,6,553,479,0
98.360128,60.51232466879262,0.2948349152209318,0.1321673757886935,0.1626675394322382,13,16,4380,1572,779,60,336.9230769230769,348.38825855390826,235,50,98.25,78.98219736117754,779,50,205.24137931034485,268.2159005768216,71939.76932223543,260,320,20,13,3.5128617142857146,44.23962,0.0,11.04354708902608,98.319313,44.282702,0.0,8.193276083333332,15.714604269428149,98.314577,44.282412,0.000212,6.554305133333334,14.432359943676198,0,0,0,0,0,0,0,0,0,0,0,1.2307692307692308,205.24137931034485,0,0,0,0,0,0,0,0,0,0,0.0,0.0,0.0,0.0,0.0,0.0,336.9230769230769,98.25,0,13,16,4380,1572,5
0.098727,3028.553485875191,30.38682427299523,20.25788284866349,10.128941424331744,2,1,130,169,65,65,65.0,0.0,169,169,169.0,0.0,169,65,99.66666666666669,49.02607016226729,2403.555555555555,40,20,20,2,0.0493635,0.098727,0.0,0.0493635,0.0,0.0,0.0,0.0,0.0,0.0,0.0,0.0,0.0,0.0,0,0,0,0,0,0,0,0,0,0,0,0.5,99.66666666666669,0,0,0,0,0,0,0,0,0,0,0.0,0.0,0.0,0.0,0.0,0.0,65.0,169.0,0,2,1,130,169,1
0.084866,10322.154926590154,164.96594631536777,94.266255037353,70.69969127801475,8,6,490,386,86,54,61.25,10.580051984749414,103,54,64.33333333333333,17.82008853949821,103,54,62.57142857142857,14.226305040383496,202.38775510204087,160,120,20,2,0.0065281538461538,0.054441,0.0,0.0141107569978812,0.084866,0.0683,0.0,0.0121237142857142,0.0230765284447471,0.07937,0.060086,0.0,0.015874,0.0222560050413366,2,2,0,0,2,3,0,4,12,0,0,0.75,62.57142857142857,65535,65535,0,0,0,0,0,0,0,0,0.0,0.0,0.0,0.0,0.0,0.0,61.25,64.33333333333333,0,8,6,490,386,0
5.529723,1753.433218987642,1.9892497327623824,0.9042044239829012,1.0850453087794814,5,6,3817,5879,1372,85,763.4,563.3800138450068,1372,196,979.8333333333334,511.1804693278317,1372,85,881.4545454545455,546.2743838762154,298415.7024793388,100,120,20,5,0.5529723,5.00542,0.0,1.4877225151476368,5.529723000000001,5.259825,0.0,1.3824307500000002,2.241324655580197,0.255951,0.255951,0.0,0.0511902,0.1023804,3,4,0,0,0,0,0,7,11,0,0,1.2,881.4545454545455,255,501,0,0,0,0,0,0,0,0,0.0,0.0,5281.0,5.0,0.0,0.0,763.4,979.8333333333334,0,5,6,3817,5879,2
0.944912,6120.146637993803,14.816194523934504,7.408097261967252,7.408097261967252,7,7,2228,3555,1372,54,318.2857142857143,463.9192399809367,1372,54,507.8571428571428,574.7457645581661,1372,54,413.07142857142856,530.8118397169316,281761.2091836735,140,140,20,2,0.0726855384615384,0.328248,0.0,0.1235967192137492,0.693274,0.328395,0.0,0.1155456666666666,0.1437294580669607,0.616664,0.364963,0.0,0.1027773333333333,0.1489811527718262,1,1,0,0,2,3,1,2,12,0,0,1.0,413.07142857142856,65535,26883,0,0,0,0,0,0,0,0,0.0,0.0,0.0,0.0,0.0,0.0,318.2857142857143,507.8571428571428,0,7,7,2228,3555,0
1.420939,709.3900582642887,9.85263969811512,5.630079827494354,4.222559870620766,8,6,491,517,87,54,61.375,10.873563123466017,234,54,86.16666666666667,66.25309217102415,234,54,72.0,45.81796279065356,2099.285714285714,160,120,20,2,0.109303,1.346756,0.0,0.3574427436561855,1.420939,1.397069,0.0,0.2029912857142857,0.4874965703392073,1.409707,1.346756,0.0,0.2819414,0.5327583006360764,2,2,0,0,2,3,0,4,12,0,0,0.75,72.0,65535,65535,0,0,0,0,0,0,0,0,0.0,0.0,0.0,0.0,0.0,0.0,61.375,86.16666666666667,0,8,6,491,517,1
